USUBJID,VISIT,VISITNUM,TEST,STRESU,STRESN
BIO-001,Baseline,0,IL-6,pg/mL,6.927
BIO-001,Week 2,2,IL-6,pg/mL,5.473
BIO-001,Week 4,4,IL-6,pg/mL,5.9
BIO-001,Week 8,8,IL-6,pg/mL,6.379
BIO-001,Week 12,12,IL-6,pg/mL,5.879
BIO-001,Baseline,0,CRP,mg/L,1.537
BIO-001,Week 2,2,CRP,mg/L,1.103
BIO-001,Week 4,4,CRP,mg/L,3.482
BIO-001,Week 8,8,CRP,mg/L,3.463
BIO-001,Week 12,12,CRP,mg/L,1.061
BIO-001,Baseline,0,TNF-alpha,pg/mL,12.837
BIO-001,Week 2,2,TNF-alpha,pg/mL,17.471
BIO-001,Week 4,4,TNF-alpha,pg/mL,11.426
BIO-001,Week 8,8,TNF-alpha,pg/mL,14.636
BIO-001,Week 12,12,TNF-alpha,pg/mL,17.198
BIO-001,Baseline,0,IL-10,pg/mL,5.48
BIO-001,Week 2,2,IL-10,pg/mL,8.051
BIO-001,Week 4,4,IL-10,pg/mL,5.535
BIO-001,Week 8,8,IL-10,pg/mL,6.057
BIO-001,Week 12,12,IL-10,pg/mL,8.209
BIO-001,Baseline,0,IFN-gamma,pg/mL,2.51
BIO-001,Week 2,2,IFN-gamma,pg/mL,3.493
BIO-001,Week 4,4,IFN-gamma,pg/mL,4.601
BIO-001,Week 8,8,IFN-gamma,pg/mL,4.746
BIO-001,Week 12,12,IFN-gamma,pg/mL,2.844
BIO-001,Baseline,0,IL-2,pg/mL,5.502
BIO-001,Week 2,2,IL-2,pg/mL,4.449
BIO-001,Week 4,4,IL-2,pg/mL,5.51
BIO-001,Week 8,8,IL-2,pg/mL,4.773
BIO-001,Week 12,12,IL-2,pg/mL,4.629
BIO-001,Baseline,0,IL-1beta,pg/mL,3.453
BIO-001,Week 2,2,IL-1beta,pg/mL,3.498
BIO-001,Week 4,4,IL-1beta,pg/mL,4.017
BIO-001,Week 8,8,IL-1beta,pg/mL,3.831
BIO-001,Week 12,12,IL-1beta,pg/mL,3.586
BIO-001,Baseline,0,IL-8,pg/mL,13.418
BIO-001,Week 2,2,IL-8,pg/mL,14.986
BIO-001,Week 4,4,IL-8,pg/mL,10.88
BIO-001,Week 8,8,IL-8,pg/mL,10.521
BIO-001,Week 12,12,IL-8,pg/mL,12.255
BIO-001,Baseline,0,VEGF,pg/mL,203.438
BIO-001,Week 2,2,VEGF,pg/mL,265.922
BIO-001,Week 4,4,VEGF,pg/mL,249.588
BIO-001,Week 8,8,VEGF,pg/mL,206.725
BIO-001,Week 12,12,VEGF,pg/mL,219.053
BIO-001,Baseline,0,Ferritin,ng/mL,166.623
BIO-001,Week 2,2,Ferritin,ng/mL,112.291
BIO-001,Week 4,4,Ferritin,ng/mL,183.479
BIO-001,Week 8,8,Ferritin,ng/mL,148.016
BIO-001,Week 12,12,Ferritin,ng/mL,76.945
BIO-001,Baseline,0,D-dimer,mg/L,0.74
BIO-001,Week 2,2,D-dimer,mg/L,0.311
BIO-001,Week 4,4,D-dimer,mg/L,
BIO-001,Week 8,8,D-dimer,mg/L,0.833
BIO-001,Week 12,12,D-dimer,mg/L,0.701
BIO-001,Baseline,0,LDH,U/L,189.104
BIO-001,Week 2,2,LDH,U/L,164.23
BIO-001,Week 4,4,LDH,U/L,196.561
BIO-001,Week 8,8,LDH,U/L,197.724
BIO-001,Week 12,12,LDH,U/L,185.211
BIO-002,Baseline,0,IL-6,pg/mL,5.36
BIO-002,Week 2,2,IL-6,pg/mL,2.747
BIO-002,Week 4,4,IL-6,pg/mL,3.252
BIO-002,Week 8,8,IL-6,pg/mL,2.919
BIO-002,Week 12,12,IL-6,pg/mL,2.799
BIO-002,Baseline,0,CRP,mg/L,2.372
BIO-002,Week 2,2,CRP,mg/L,1.238
BIO-002,Week 4,4,CRP,mg/L,1.597
BIO-002,Week 8,8,CRP,mg/L,2.095
BIO-002,Week 12,12,CRP,mg/L,1.328
BIO-002,Baseline,0,TNF-alpha,pg/mL,10.04
BIO-002,Week 2,2,TNF-alpha,pg/mL,11.013
BIO-002,Week 4,4,TNF-alpha,pg/mL,10.519
BIO-002,Week 8,8,TNF-alpha,pg/mL,12.878
BIO-002,Week 12,12,TNF-alpha,pg/mL,13.145
BIO-002,Baseline,0,IL-10,pg/mL,5.59
BIO-002,Week 2,2,IL-10,pg/mL,5.624
BIO-002,Week 4,4,IL-10,pg/mL,4.496
BIO-002,Week 8,8,IL-10,pg/mL,4.242
BIO-002,Week 12,12,IL-10,pg/mL,5.685
BIO-002,Baseline,0,IFN-gamma,pg/mL,3.909
BIO-002,Week 2,2,IFN-gamma,pg/mL,3.727
BIO-002,Week 4,4,IFN-gamma,pg/mL,2.562
BIO-002,Week 8,8,IFN-gamma,pg/mL,7.151
BIO-002,Week 12,12,IFN-gamma,pg/mL,5.753
BIO-002,Baseline,0,IL-2,pg/mL,5.689
BIO-002,Week 2,2,IL-2,pg/mL,6.661
BIO-002,Week 4,4,IL-2,pg/mL,6.114
BIO-002,Week 8,8,IL-2,pg/mL,7.261
BIO-002,Week 12,12,IL-2,pg/mL,7.259
BIO-002,Baseline,0,IL-1beta,pg/mL,2.898
BIO-002,Week 2,2,IL-1beta,pg/mL,2.559
BIO-002,Week 4,4,IL-1beta,pg/mL,2.422
BIO-002,Week 8,8,IL-1beta,pg/mL,2.722
BIO-002,Week 12,12,IL-1beta,pg/mL,2.612
BIO-002,Baseline,0,IL-8,pg/mL,13.862
BIO-002,Week 2,2,IL-8,pg/mL,8.281
BIO-002,Week 4,4,IL-8,pg/mL,17.093
BIO-002,Week 8,8,IL-8,pg/mL,13.053
BIO-002,Week 12,12,IL-8,pg/mL,15.656
BIO-002,Baseline,0,VEGF,pg/mL,256.094
BIO-002,Week 2,2,VEGF,pg/mL,268.234
BIO-002,Week 4,4,VEGF,pg/mL,246.441
BIO-002,Week 8,8,VEGF,pg/mL,226.607
BIO-002,Week 12,12,VEGF,pg/mL,261.356
BIO-002,Baseline,0,Ferritin,ng/mL,116.353
BIO-002,Week 2,2,Ferritin,ng/mL,109.044
BIO-002,Week 4,4,Ferritin,ng/mL,89.938
BIO-002,Week 8,8,Ferritin,ng/mL,113.551
BIO-002,Week 12,12,Ferritin,ng/mL,92.062
BIO-002,Baseline,0,D-dimer,mg/L,0.16
BIO-002,Week 2,2,D-dimer,mg/L,0.243
BIO-002,Week 4,4,D-dimer,mg/L,
BIO-002,Week 8,8,D-dimer,mg/L,0.169
BIO-002,Week 12,12,D-dimer,mg/L,0.167
BIO-002,Baseline,0,LDH,U/L,158.394
BIO-002,Week 2,2,LDH,U/L,154.395
BIO-002,Week 4,4,LDH,U/L,160.917
BIO-002,Week 8,8,LDH,U/L,174.909
BIO-002,Week 12,12,LDH,U/L,144.184
BIO-003,Baseline,0,IL-6,pg/mL,9.778
BIO-003,Week 4,4,IL-6,pg/mL,8.038
BIO-003,Week 12,12,IL-6,pg/mL,9.41
BIO-003,Baseline,0,CRP,mg/L,2.146
BIO-003,Week 4,4,CRP,mg/L,2.62
BIO-003,Week 12,12,CRP,mg/L,4.285
BIO-003,Baseline,0,TNF-alpha,pg/mL,16.694
BIO-003,Week 4,4,TNF-alpha,pg/mL,16.783
BIO-003,Week 12,12,TNF-alpha,pg/mL,17.528
BIO-003,Baseline,0,IL-10,pg/mL,6.948
BIO-003,Week 4,4,IL-10,pg/mL,7.185
BIO-003,Week 12,12,IL-10,pg/mL,6.239
BIO-003,Baseline,0,IFN-gamma,pg/mL,6.462
BIO-003,Week 4,4,IFN-gamma,pg/mL,3.092
BIO-003,Week 12,12,IFN-gamma,pg/mL,4.45
BIO-003,Baseline,0,IL-2,pg/mL,4.969
BIO-003,Week 4,4,IL-2,pg/mL,5.053
BIO-003,Week 12,12,IL-2,pg/mL,4.721
BIO-003,Baseline,0,IL-1beta,pg/mL,2.464
BIO-003,Week 4,4,IL-1beta,pg/mL,2.775
BIO-003,Week 12,12,IL-1beta,pg/mL,2.076
BIO-003,Baseline,0,IL-8,pg/mL,17.061
BIO-003,Week 4,4,IL-8,pg/mL,11.079
BIO-003,Week 12,12,IL-8,pg/mL,12.388
BIO-003,Baseline,0,VEGF,pg/mL,256.52
BIO-003,Week 4,4,VEGF,pg/mL,271.68
BIO-003,Week 12,12,VEGF,pg/mL,283.602
BIO-003,Baseline,0,Ferritin,ng/mL,106.902
BIO-003,Week 4,4,Ferritin,ng/mL,115.813
BIO-003,Week 12,12,Ferritin,ng/mL,86.824
BIO-003,Baseline,0,D-dimer,mg/L,0.38
BIO-003,Week 4,4,D-dimer,mg/L,0.457
BIO-003,Week 12,12,D-dimer,mg/L,0.392
BIO-003,Baseline,0,LDH,U/L,196.167
BIO-003,Week 4,4,LDH,U/L,234.033
BIO-003,Week 12,12,LDH,U/L,199.655
BIO-004,Baseline,0,IL-6,pg/mL,9.151
BIO-004,Week 2,2,IL-6,pg/mL,5.495
BIO-004,Week 4,4,IL-6,pg/mL,6.017
BIO-004,Week 8,8,IL-6,pg/mL,6.771
BIO-004,Week 12,12,IL-6,pg/mL,5.208
BIO-004,Baseline,0,CRP,mg/L,1.971
BIO-004,Week 2,2,CRP,mg/L,1.768
BIO-004,Week 4,4,CRP,mg/L,1.491
BIO-004,Week 8,8,CRP,mg/L,1.376
BIO-004,Week 12,12,CRP,mg/L,2.255
BIO-004,Baseline,0,TNF-alpha,pg/mL,9.211
BIO-004,Week 2,2,TNF-alpha,pg/mL,8.462
BIO-004,Week 4,4,TNF-alpha,pg/mL,12.259
BIO-004,Week 8,8,TNF-alpha,pg/mL,10.057
BIO-004,Week 12,12,TNF-alpha,pg/mL,9.917
BIO-004,Baseline,0,IL-10,pg/mL,5.055
BIO-004,Week 2,2,IL-10,pg/mL,3.832
BIO-004,Week 4,4,IL-10,pg/mL,6.846
BIO-004,Week 8,8,IL-10,pg/mL,5.3
BIO-004,Week 12,12,IL-10,pg/mL,6.347
BIO-004,Baseline,0,IFN-gamma,pg/mL,2.729
BIO-004,Week 2,2,IFN-gamma,pg/mL,2.745
BIO-004,Week 4,4,IFN-gamma,pg/mL,2.132
BIO-004,Week 8,8,IFN-gamma,pg/mL,2.168
BIO-004,Week 12,12,IFN-gamma,pg/mL,1.665
BIO-004,Baseline,0,IL-2,pg/mL,3.494
BIO-004,Week 2,2,IL-2,pg/mL,5.779
BIO-004,Week 4,4,IL-2,pg/mL,5.216
BIO-004,Week 8,8,IL-2,pg/mL,5.073
BIO-004,Week 12,12,IL-2,pg/mL,5.037
BIO-004,Baseline,0,IL-1beta,pg/mL,2.691
BIO-004,Week 2,2,IL-1beta,pg/mL,2.767
BIO-004,Week 4,4,IL-1beta,pg/mL,2.735
BIO-004,Week 8,8,IL-1beta,pg/mL,2.892
BIO-004,Week 12,12,IL-1beta,pg/mL,2.897
BIO-004,Baseline,0,IL-8,pg/mL,16.597
BIO-004,Week 2,2,IL-8,pg/mL,23.128
BIO-004,Week 4,4,IL-8,pg/mL,10.985
BIO-004,Week 8,8,IL-8,pg/mL,13.189
BIO-004,Week 12,12,IL-8,pg/mL,10.27
BIO-004,Baseline,0,VEGF,pg/mL,225.651
BIO-004,Week 2,2,VEGF,pg/mL,266.302
BIO-004,Week 4,4,VEGF,pg/mL,247.278
BIO-004,Week 8,8,VEGF,pg/mL,225.49
BIO-004,Week 12,12,VEGF,pg/mL,180.505
BIO-004,Baseline,0,Ferritin,ng/mL,59.925
BIO-004,Week 2,2,Ferritin,ng/mL,59.419
BIO-004,Week 4,4,Ferritin,ng/mL,66.596
BIO-004,Week 8,8,Ferritin,ng/mL,122.601
BIO-004,Week 12,12,Ferritin,ng/mL,91.714
BIO-004,Baseline,0,D-dimer,mg/L,0.179
BIO-004,Week 2,2,D-dimer,mg/L,0.264
BIO-004,Week 4,4,D-dimer,mg/L,0.277
BIO-004,Week 8,8,D-dimer,mg/L,0.291
BIO-004,Week 12,12,D-dimer,mg/L,
BIO-004,Baseline,0,LDH,U/L,161.558
BIO-004,Week 2,2,LDH,U/L,177.637
BIO-004,Week 4,4,LDH,U/L,196.172
BIO-004,Week 8,8,LDH,U/L,162.868
BIO-004,Week 12,12,LDH,U/L,
BIO-005,Baseline,0,IL-6,pg/mL,10.242
BIO-005,Week 2,2,IL-6,pg/mL,8.526
BIO-005,Week 4,4,IL-6,pg/mL,10.764
BIO-005,Week 8,8,IL-6,pg/mL,7.858
BIO-005,Week 12,12,IL-6,pg/mL,8.12
BIO-005,Baseline,0,CRP,mg/L,2.628
BIO-005,Week 2,2,CRP,mg/L,3.687
BIO-005,Week 4,4,CRP,mg/L,1.698
BIO-005,Week 8,8,CRP,mg/L,3.359
BIO-005,Week 12,12,CRP,mg/L,2.908
BIO-005,Baseline,0,TNF-alpha,pg/mL,10.163
BIO-005,Week 2,2,TNF-alpha,pg/mL,4.944
BIO-005,Week 4,4,TNF-alpha,pg/mL,9.917
BIO-005,Week 8,8,TNF-alpha,pg/mL,11.391
BIO-005,Week 12,12,TNF-alpha,pg/mL,6.763
BIO-005,Baseline,0,IL-10,pg/mL,4.11
BIO-005,Week 2,2,IL-10,pg/mL,3.193
BIO-005,Week 4,4,IL-10,pg/mL,6.587
BIO-005,Week 8,8,IL-10,pg/mL,6.157
BIO-005,Week 12,12,IL-10,pg/mL,3.54
BIO-005,Baseline,0,IFN-gamma,pg/mL,4.933
BIO-005,Week 2,2,IFN-gamma,pg/mL,5.047
BIO-005,Week 4,4,IFN-gamma,pg/mL,4.325
BIO-005,Week 8,8,IFN-gamma,pg/mL,4.567
BIO-005,Week 12,12,IFN-gamma,pg/mL,3.88
BIO-005,Baseline,0,IL-2,pg/mL,6.021
BIO-005,Week 2,2,IL-2,pg/mL,6.458
BIO-005,Week 4,4,IL-2,pg/mL,5.355
BIO-005,Week 8,8,IL-2,pg/mL,5.939
BIO-005,Week 12,12,IL-2,pg/mL,7.039
BIO-005,Baseline,0,IL-1beta,pg/mL,2.856
BIO-005,Week 2,2,IL-1beta,pg/mL,2.575
BIO-005,Week 4,4,IL-1beta,pg/mL,2.468
BIO-005,Week 8,8,IL-1beta,pg/mL,3.176
BIO-005,Week 12,12,IL-1beta,pg/mL,1.907
BIO-005,Baseline,0,IL-8,pg/mL,25.75
BIO-005,Week 2,2,IL-8,pg/mL,37.406
BIO-005,Week 4,4,IL-8,pg/mL,29.258
BIO-005,Week 8,8,IL-8,pg/mL,28.159
BIO-005,Week 12,12,IL-8,pg/mL,17.906
BIO-005,Baseline,0,VEGF,pg/mL,267.482
BIO-005,Week 2,2,VEGF,pg/mL,250.9
BIO-005,Week 4,4,VEGF,pg/mL,291.698
BIO-005,Week 8,8,VEGF,pg/mL,301.473
BIO-005,Week 12,12,VEGF,pg/mL,252.624
BIO-005,Baseline,0,Ferritin,ng/mL,74.261
BIO-005,Week 2,2,Ferritin,ng/mL,74.943
BIO-005,Week 4,4,Ferritin,ng/mL,75.848
BIO-005,Week 8,8,Ferritin,ng/mL,90.856
BIO-005,Week 12,12,Ferritin,ng/mL,107.01
BIO-005,Baseline,0,D-dimer,mg/L,0.88
BIO-005,Week 2,2,D-dimer,mg/L,0.64
BIO-005,Week 4,4,D-dimer,mg/L,0.572
BIO-005,Week 8,8,D-dimer,mg/L,0.484
BIO-005,Week 12,12,D-dimer,mg/L,0.686
BIO-005,Baseline,0,LDH,U/L,143.36
BIO-005,Week 2,2,LDH,U/L,159.818
BIO-005,Week 4,4,LDH,U/L,178.352
BIO-005,Week 8,8,LDH,U/L,143.072
BIO-005,Week 12,12,LDH,U/L,146.263
BIO-006,Baseline,0,IL-6,pg/mL,6.872
BIO-006,Week 2,2,IL-6,pg/mL,6.149
BIO-006,Week 4,4,IL-6,pg/mL,6.366
BIO-006,Week 8,8,IL-6,pg/mL,5.161
BIO-006,Baseline,0,CRP,mg/L,0.502
BIO-006,Week 2,2,CRP,mg/L,0.717
BIO-006,Week 4,4,CRP,mg/L,1.423
BIO-006,Week 8,8,CRP,mg/L,1.113
BIO-006,Baseline,0,TNF-alpha,pg/mL,12.077
BIO-006,Week 2,2,TNF-alpha,pg/mL,10.389
BIO-006,Week 4,4,TNF-alpha,pg/mL,12.552
BIO-006,Week 8,8,TNF-alpha,pg/mL,12.332
BIO-006,Baseline,0,IL-10,pg/mL,5.474
BIO-006,Week 2,2,IL-10,pg/mL,6.149
BIO-006,Week 4,4,IL-10,pg/mL,6.113
BIO-006,Week 8,8,IL-10,pg/mL,6.809
BIO-006,Baseline,0,IFN-gamma,pg/mL,3.677
BIO-006,Week 2,2,IFN-gamma,pg/mL,1.815
BIO-006,Week 4,4,IFN-gamma,pg/mL,
BIO-006,Week 8,8,IFN-gamma,pg/mL,3.099
BIO-006,Baseline,0,IL-2,pg/mL,5.299
BIO-006,Week 2,2,IL-2,pg/mL,5.995
BIO-006,Week 4,4,IL-2,pg/mL,5.466
BIO-006,Week 8,8,IL-2,pg/mL,5.27
BIO-006,Baseline,0,IL-1beta,pg/mL,2.186
BIO-006,Week 2,2,IL-1beta,pg/mL,2.406
BIO-006,Week 4,4,IL-1beta,pg/mL,1.858
BIO-006,Week 8,8,IL-1beta,pg/mL,2.037
BIO-006,Baseline,0,IL-8,pg/mL,13.458
BIO-006,Week 2,2,IL-8,pg/mL,11.61
BIO-006,Week 4,4,IL-8,pg/mL,12.788
BIO-006,Week 8,8,IL-8,pg/mL,16.167
BIO-006,Baseline,0,VEGF,pg/mL,186.127
BIO-006,Week 2,2,VEGF,pg/mL,152.313
BIO-006,Week 4,4,VEGF,pg/mL,164.039
BIO-006,Week 8,8,VEGF,pg/mL,229.929
BIO-006,Baseline,0,Ferritin,ng/mL,123.313
BIO-006,Week 2,2,Ferritin,ng/mL,359.143
BIO-006,Week 4,4,Ferritin,ng/mL,163.434
BIO-006,Week 8,8,Ferritin,ng/mL,319.433
BIO-006,Baseline,0,D-dimer,mg/L,0.79
BIO-006,Week 2,2,D-dimer,mg/L,0.456
BIO-006,Week 4,4,D-dimer,mg/L,0.386
BIO-006,Week 8,8,D-dimer,mg/L,0.375
BIO-006,Baseline,0,LDH,U/L,217.822
BIO-006,Week 2,2,LDH,U/L,188.818
BIO-006,Week 4,4,LDH,U/L,195.726
BIO-006,Week 8,8,LDH,U/L,190.765
BIO-007,Baseline,0,IL-6,pg/mL,7.909
BIO-007,Week 2,2,IL-6,pg/mL,5.158
BIO-007,Week 4,4,IL-6,pg/mL,6.59
BIO-007,Week 8,8,IL-6,pg/mL,6.936
BIO-007,Week 12,12,IL-6,pg/mL,6.226
BIO-007,Baseline,0,CRP,mg/L,2.479
BIO-007,Week 2,2,CRP,mg/L,2.508
BIO-007,Week 4,4,CRP,mg/L,1.369
BIO-007,Week 8,8,CRP,mg/L,2.055
BIO-007,Week 12,12,CRP,mg/L,1.044
BIO-007,Baseline,0,TNF-alpha,pg/mL,15.308
BIO-007,Week 2,2,TNF-alpha,pg/mL,15.378
BIO-007,Week 4,4,TNF-alpha,pg/mL,13.645
BIO-007,Week 8,8,TNF-alpha,pg/mL,14.26
BIO-007,Week 12,12,TNF-alpha,pg/mL,14.676
BIO-007,Baseline,0,IL-10,pg/mL,9.06
BIO-007,Week 2,2,IL-10,pg/mL,6.547
BIO-007,Week 4,4,IL-10,pg/mL,8.456
BIO-007,Week 8,8,IL-10,pg/mL,7.644
BIO-007,Week 12,12,IL-10,pg/mL,6.356
BIO-007,Baseline,0,IFN-gamma,pg/mL,5.832
BIO-007,Week 2,2,IFN-gamma,pg/mL,5.44
BIO-007,Week 4,4,IFN-gamma,pg/mL,3.024
BIO-007,Week 8,8,IFN-gamma,pg/mL,5.158
BIO-007,Week 12,12,IFN-gamma,pg/mL,4.359
BIO-007,Baseline,0,IL-2,pg/mL,4.768
BIO-007,Week 2,2,IL-2,pg/mL,4.427
BIO-007,Week 4,4,IL-2,pg/mL,4.846
BIO-007,Week 8,8,IL-2,pg/mL,6.047
BIO-007,Week 12,12,IL-2,pg/mL,5.266
BIO-007,Baseline,0,IL-1beta,pg/mL,2.566
BIO-007,Week 2,2,IL-1beta,pg/mL,2.349
BIO-007,Week 4,4,IL-1beta,pg/mL,2.676
BIO-007,Week 8,8,IL-1beta,pg/mL,2.017
BIO-007,Week 12,12,IL-1beta,pg/mL,2.233
BIO-007,Baseline,0,IL-8,pg/mL,24.602
BIO-007,Week 2,2,IL-8,pg/mL,40.968
BIO-007,Week 4,4,IL-8,pg/mL,38.242
BIO-007,Week 8,8,IL-8,pg/mL,25.717
BIO-007,Week 12,12,IL-8,pg/mL,32.827
BIO-007,Baseline,0,VEGF,pg/mL,133.236
BIO-007,Week 2,2,VEGF,pg/mL,152.826
BIO-007,Week 4,4,VEGF,pg/mL,200.879
BIO-007,Week 8,8,VEGF,pg/mL,137.889
BIO-007,Week 12,12,VEGF,pg/mL,190.313
BIO-007,Baseline,0,Ferritin,ng/mL,171.966
BIO-007,Week 2,2,Ferritin,ng/mL,131.474
BIO-007,Week 4,4,Ferritin,ng/mL,122.943
BIO-007,Week 8,8,Ferritin,ng/mL,95.915
BIO-007,Week 12,12,Ferritin,ng/mL,127.504
BIO-007,Baseline,0,D-dimer,mg/L,0.246
BIO-007,Week 2,2,D-dimer,mg/L,0.217
BIO-007,Week 4,4,D-dimer,mg/L,0.279
BIO-007,Week 8,8,D-dimer,mg/L,0.24
BIO-007,Week 12,12,D-dimer,mg/L,0.163
BIO-007,Baseline,0,LDH,U/L,162.36
BIO-007,Week 2,2,LDH,U/L,194.137
BIO-007,Week 4,4,LDH,U/L,178.325
BIO-007,Week 8,8,LDH,U/L,
BIO-007,Week 12,12,LDH,U/L,194.563
BIO-008,Baseline,0,IL-6,pg/mL,5.968
BIO-008,Week 2,2,IL-6,pg/mL,5.645
BIO-008,Week 4,4,IL-6,pg/mL,6.269
BIO-008,Week 8,8,IL-6,pg/mL,7.285
BIO-008,Week 12,12,IL-6,pg/mL,5.636
BIO-008,Baseline,0,CRP,mg/L,3.499
BIO-008,Week 2,2,CRP,mg/L,5.876
BIO-008,Week 4,4,CRP,mg/L,6.494
BIO-008,Week 8,8,CRP,mg/L,2.296
BIO-008,Week 12,12,CRP,mg/L,4.659
BIO-008,Baseline,0,TNF-alpha,pg/mL,12.802
BIO-008,Week 2,2,TNF-alpha,pg/mL,17.289
BIO-008,Week 4,4,TNF-alpha,pg/mL,19.188
BIO-008,Week 8,8,TNF-alpha,pg/mL,17.355
BIO-008,Week 12,12,TNF-alpha,pg/mL,19.51
BIO-008,Baseline,0,IL-10,pg/mL,8.497
BIO-008,Week 2,2,IL-10,pg/mL,7.849
BIO-008,Week 4,4,IL-10,pg/mL,10.03
BIO-008,Week 8,8,IL-10,pg/mL,8.873
BIO-008,Week 12,12,IL-10,pg/mL,10.952
BIO-008,Baseline,0,IFN-gamma,pg/mL,6.847
BIO-008,Week 2,2,IFN-gamma,pg/mL,5.493
BIO-008,Week 4,4,IFN-gamma,pg/mL,4.333
BIO-008,Week 8,8,IFN-gamma,pg/mL,4.886
BIO-008,Week 12,12,IFN-gamma,pg/mL,5.187
BIO-008,Baseline,0,IL-2,pg/mL,2.003
BIO-008,Week 2,2,IL-2,pg/mL,3.77
BIO-008,Week 4,4,IL-2,pg/mL,4.297
BIO-008,Week 8,8,IL-2,pg/mL,4.178
BIO-008,Week 12,12,IL-2,pg/mL,5.076
BIO-008,Baseline,0,IL-1beta,pg/mL,3.124
BIO-008,Week 2,2,IL-1beta,pg/mL,2.477
BIO-008,Week 4,4,IL-1beta,pg/mL,2.01
BIO-008,Week 8,8,IL-1beta,pg/mL,1.947
BIO-008,Week 12,12,IL-1beta,pg/mL,2.574
BIO-008,Baseline,0,IL-8,pg/mL,16.891
BIO-008,Week 2,2,IL-8,pg/mL,23.343
BIO-008,Week 4,4,IL-8,pg/mL,28.067
BIO-008,Week 8,8,IL-8,pg/mL,15.608
BIO-008,Week 12,12,IL-8,pg/mL,31.348
BIO-008,Baseline,0,VEGF,pg/mL,312.578
BIO-008,Week 2,2,VEGF,pg/mL,341.87
BIO-008,Week 4,4,VEGF,pg/mL,324.415
BIO-008,Week 8,8,VEGF,pg/mL,309.446
BIO-008,Week 12,12,VEGF,pg/mL,326.163
BIO-008,Baseline,0,Ferritin,ng/mL,230.242
BIO-008,Week 2,2,Ferritin,ng/mL,166.119
BIO-008,Week 4,4,Ferritin,ng/mL,146.191
BIO-008,Week 8,8,Ferritin,ng/mL,248.867
BIO-008,Week 12,12,Ferritin,ng/mL,314.295
BIO-008,Baseline,0,D-dimer,mg/L,0.387
BIO-008,Week 2,2,D-dimer,mg/L,0.373
BIO-008,Week 4,4,D-dimer,mg/L,0.31
BIO-008,Week 8,8,D-dimer,mg/L,0.328
BIO-008,Week 12,12,D-dimer,mg/L,0.39
BIO-008,Baseline,0,LDH,U/L,204.178
BIO-008,Week 2,2,LDH,U/L,166.873
BIO-008,Week 4,4,LDH,U/L,179.947
BIO-008,Week 8,8,LDH,U/L,181.16
BIO-008,Week 12,12,LDH,U/L,172.39
BIO-009,Baseline,0,IL-6,pg/mL,9.614
BIO-009,Week 2,2,IL-6,pg/mL,7.597
BIO-009,Week 4,4,IL-6,pg/mL,5.961
BIO-009,Week 8,8,IL-6,pg/mL,6.711
BIO-009,Week 12,12,IL-6,pg/mL,6.719
BIO-009,Baseline,0,CRP,mg/L,2.669
BIO-009,Week 2,2,CRP,mg/L,7.075
BIO-009,Week 4,4,CRP,mg/L,3.418
BIO-009,Week 8,8,CRP,mg/L,1.609
BIO-009,Week 12,12,CRP,mg/L,5.122
BIO-009,Baseline,0,TNF-alpha,pg/mL,9.43
BIO-009,Week 2,2,TNF-alpha,pg/mL,13.01
BIO-009,Week 4,4,TNF-alpha,pg/mL,11.484
BIO-009,Week 8,8,TNF-alpha,pg/mL,10.045
BIO-009,Week 12,12,TNF-alpha,pg/mL,7.806
BIO-009,Baseline,0,IL-10,pg/mL,5.828
BIO-009,Week 2,2,IL-10,pg/mL,5.743
BIO-009,Week 4,4,IL-10,pg/mL,6.176
BIO-009,Week 8,8,IL-10,pg/mL,6.952
BIO-009,Week 12,12,IL-10,pg/mL,5.774
BIO-009,Baseline,0,IFN-gamma,pg/mL,2.747
BIO-009,Week 2,2,IFN-gamma,pg/mL,4.254
BIO-009,Week 4,4,IFN-gamma,pg/mL,1.946
BIO-009,Week 8,8,IFN-gamma,pg/mL,
BIO-009,Week 12,12,IFN-gamma,pg/mL,3.071
BIO-009,Baseline,0,IL-2,pg/mL,7.436
BIO-009,Week 2,2,IL-2,pg/mL,4.936
BIO-009,Week 4,4,IL-2,pg/mL,6.049
BIO-009,Week 8,8,IL-2,pg/mL,8.504
BIO-009,Week 12,12,IL-2,pg/mL,5.993
BIO-009,Baseline,0,IL-1beta,pg/mL,2.651
BIO-009,Week 2,2,IL-1beta,pg/mL,2.721
BIO-009,Week 4,4,IL-1beta,pg/mL,2.942
BIO-009,Week 8,8,IL-1beta,pg/mL,3.228
BIO-009,Week 12,12,IL-1beta,pg/mL,3.566
BIO-009,Baseline,0,IL-8,pg/mL,13.834
BIO-009,Week 2,2,IL-8,pg/mL,16.855
BIO-009,Week 4,4,IL-8,pg/mL,13.436
BIO-009,Week 8,8,IL-8,pg/mL,12.503
BIO-009,Week 12,12,IL-8,pg/mL,19.09
BIO-009,Baseline,0,VEGF,pg/mL,263.98
BIO-009,Week 2,2,VEGF,pg/mL,260.726
BIO-009,Week 4,4,VEGF,pg/mL,262.401
BIO-009,Week 8,8,VEGF,pg/mL,282.751
BIO-009,Week 12,12,VEGF,pg/mL,310.718
BIO-009,Baseline,0,Ferritin,ng/mL,149.562
BIO-009,Week 2,2,Ferritin,ng/mL,195.199
BIO-009,Week 4,4,Ferritin,ng/mL,231.769
BIO-009,Week 8,8,Ferritin,ng/mL,138.226
BIO-009,Week 12,12,Ferritin,ng/mL,185.918
BIO-009,Baseline,0,D-dimer,mg/L,0.889
BIO-009,Week 2,2,D-dimer,mg/L,0.624
BIO-009,Week 4,4,D-dimer,mg/L,0.389
BIO-009,Week 8,8,D-dimer,mg/L,0.67
BIO-009,Week 12,12,D-dimer,mg/L,0.974
BIO-009,Baseline,0,LDH,U/L,209.128
BIO-009,Week 2,2,LDH,U/L,189.536
BIO-009,Week 4,4,LDH,U/L,191.582
BIO-009,Week 8,8,LDH,U/L,166.86
BIO-009,Week 12,12,LDH,U/L,185.92
BIO-010,Baseline,0,IL-6,pg/mL,6.822
BIO-010,Week 8,8,IL-6,pg/mL,6.805
BIO-010,Week 12,12,IL-6,pg/mL,7.917
BIO-010,Baseline,0,CRP,mg/L,3.592
BIO-010,Week 8,8,CRP,mg/L,5.9
BIO-010,Week 12,12,CRP,mg/L,4.735
BIO-010,Baseline,0,TNF-alpha,pg/mL,9.676
BIO-010,Week 8,8,TNF-alpha,pg/mL,8.277
BIO-010,Week 12,12,TNF-alpha,pg/mL,9.156
BIO-010,Baseline,0,IL-10,pg/mL,7.198
BIO-010,Week 8,8,IL-10,pg/mL,5.296
BIO-010,Week 12,12,IL-10,pg/mL,6.989
BIO-010,Baseline,0,IFN-gamma,pg/mL,2.214
BIO-010,Week 8,8,IFN-gamma,pg/mL,3.219
BIO-010,Week 12,12,IFN-gamma,pg/mL,4.603
BIO-010,Baseline,0,IL-2,pg/mL,4.836
BIO-010,Week 8,8,IL-2,pg/mL,3.943
BIO-010,Week 12,12,IL-2,pg/mL,4.068
BIO-010,Baseline,0,IL-1beta,pg/mL,2.09
BIO-010,Week 8,8,IL-1beta,pg/mL,2.369
BIO-010,Week 12,12,IL-1beta,pg/mL,2.113
BIO-010,Baseline,0,IL-8,pg/mL,8.417
BIO-010,Week 8,8,IL-8,pg/mL,22.507
BIO-010,Week 12,12,IL-8,pg/mL,17.099
BIO-010,Baseline,0,VEGF,pg/mL,196.746
BIO-010,Week 8,8,VEGF,pg/mL,255.842
BIO-010,Week 12,12,VEGF,pg/mL,247.659
BIO-010,Baseline,0,Ferritin,ng/mL,174.694
BIO-010,Week 8,8,Ferritin,ng/mL,71.471
BIO-010,Week 12,12,Ferritin,ng/mL,114.104
BIO-010,Baseline,0,D-dimer,mg/L,0.501
BIO-010,Week 8,8,D-dimer,mg/L,0.447
BIO-010,Week 12,12,D-dimer,mg/L,0.698
BIO-010,Baseline,0,LDH,U/L,186.617
BIO-010,Week 8,8,LDH,U/L,177.961
BIO-010,Week 12,12,LDH,U/L,198.359
BIO-011,Baseline,0,IL-6,pg/mL,7.194
BIO-011,Week 2,2,IL-6,pg/mL,6.761
BIO-011,Week 4,4,IL-6,pg/mL,7.6
BIO-011,Week 8,8,IL-6,pg/mL,6.873
BIO-011,Baseline,0,CRP,mg/L,2.222
BIO-011,Week 2,2,CRP,mg/L,4.857
BIO-011,Week 4,4,CRP,mg/L,5.431
BIO-011,Week 8,8,CRP,mg/L,4.142
BIO-011,Baseline,0,TNF-alpha,pg/mL,16.164
BIO-011,Week 2,2,TNF-alpha,pg/mL,17.191
BIO-011,Week 4,4,TNF-alpha,pg/mL,15.137
BIO-011,Week 8,8,TNF-alpha,pg/mL,13.37
BIO-011,Baseline,0,IL-10,pg/mL,8.211
BIO-011,Week 2,2,IL-10,pg/mL,9.308
BIO-011,Week 4,4,IL-10,pg/mL,6.691
BIO-011,Week 8,8,IL-10,pg/mL,
BIO-011,Baseline,0,IFN-gamma,pg/mL,6.244
BIO-011,Week 2,2,IFN-gamma,pg/mL,6.605
BIO-011,Week 4,4,IFN-gamma,pg/mL,3.096
BIO-011,Week 8,8,IFN-gamma,pg/mL,4.034
BIO-011,Baseline,0,IL-2,pg/mL,3.188
BIO-011,Week 2,2,IL-2,pg/mL,4.429
BIO-011,Week 4,4,IL-2,pg/mL,4.827
BIO-011,Week 8,8,IL-2,pg/mL,3.763
BIO-011,Baseline,0,IL-1beta,pg/mL,1.523
BIO-011,Week 2,2,IL-1beta,pg/mL,1.384
BIO-011,Week 4,4,IL-1beta,pg/mL,1.329
BIO-011,Week 8,8,IL-1beta,pg/mL,1.262
BIO-011,Baseline,0,IL-8,pg/mL,16.118
BIO-011,Week 2,2,IL-8,pg/mL,8.775
BIO-011,Week 4,4,IL-8,pg/mL,10.893
BIO-011,Week 8,8,IL-8,pg/mL,6.856
BIO-011,Baseline,0,VEGF,pg/mL,271.81
BIO-011,Week 2,2,VEGF,pg/mL,299.48
BIO-011,Week 4,4,VEGF,pg/mL,245.815
BIO-011,Week 8,8,VEGF,pg/mL,314.992
BIO-011,Baseline,0,Ferritin,ng/mL,80.716
BIO-011,Week 2,2,Ferritin,ng/mL,111.204
BIO-011,Week 4,4,Ferritin,ng/mL,239.977
BIO-011,Week 8,8,Ferritin,ng/mL,84.092
BIO-011,Baseline,0,D-dimer,mg/L,0.25
BIO-011,Week 2,2,D-dimer,mg/L,0.228
BIO-011,Week 4,4,D-dimer,mg/L,0.249
BIO-011,Week 8,8,D-dimer,mg/L,0.239
BIO-011,Baseline,0,LDH,U/L,152.65
BIO-011,Week 2,2,LDH,U/L,151.018
BIO-011,Week 4,4,LDH,U/L,198.078
BIO-011,Week 8,8,LDH,U/L,145.968
BIO-012,Baseline,0,IL-6,pg/mL,6.297
BIO-012,Week 2,2,IL-6,pg/mL,5.886
BIO-012,Week 4,4,IL-6,pg/mL,5.337
BIO-012,Week 8,8,IL-6,pg/mL,5.242
BIO-012,Week 12,12,IL-6,pg/mL,6.214
BIO-012,Baseline,0,CRP,mg/L,7.132
BIO-012,Week 2,2,CRP,mg/L,10.22
BIO-012,Week 4,4,CRP,mg/L,8.481
BIO-012,Week 8,8,CRP,mg/L,6.537
BIO-012,Week 12,12,CRP,mg/L,17.197
BIO-012,Baseline,0,TNF-alpha,pg/mL,11.79
BIO-012,Week 2,2,TNF-alpha,pg/mL,12.298
BIO-012,Week 4,4,TNF-alpha,pg/mL,11.62
BIO-012,Week 8,8,TNF-alpha,pg/mL,14.046
BIO-012,Week 12,12,TNF-alpha,pg/mL,14.378
BIO-012,Baseline,0,IL-10,pg/mL,4.185
BIO-012,Week 2,2,IL-10,pg/mL,4.932
BIO-012,Week 4,4,IL-10,pg/mL,4.159
BIO-012,Week 8,8,IL-10,pg/mL,5.568
BIO-012,Week 12,12,IL-10,pg/mL,5.377
BIO-012,Baseline,0,IFN-gamma,pg/mL,5.731
BIO-012,Week 2,2,IFN-gamma,pg/mL,5.99
BIO-012,Week 4,4,IFN-gamma,pg/mL,5.213
BIO-012,Week 8,8,IFN-gamma,pg/mL,3.397
BIO-012,Week 12,12,IFN-gamma,pg/mL,6.128
BIO-012,Baseline,0,IL-2,pg/mL,5.966
BIO-012,Week 2,2,IL-2,pg/mL,5.755
BIO-012,Week 4,4,IL-2,pg/mL,4.881
BIO-012,Week 8,8,IL-2,pg/mL,5.857
BIO-012,Week 12,12,IL-2,pg/mL,4.717
BIO-012,Baseline,0,IL-1beta,pg/mL,3.042
BIO-012,Week 2,2,IL-1beta,pg/mL,2.518
BIO-012,Week 4,4,IL-1beta,pg/mL,3.169
BIO-012,Week 8,8,IL-1beta,pg/mL,2.553
BIO-012,Week 12,12,IL-1beta,pg/mL,2.876
BIO-012,Baseline,0,IL-8,pg/mL,10.602
BIO-012,Week 2,2,IL-8,pg/mL,8.229
BIO-012,Week 4,4,IL-8,pg/mL,18.151
BIO-012,Week 8,8,IL-8,pg/mL,8.59
BIO-012,Week 12,12,IL-8,pg/mL,11.506
BIO-012,Baseline,0,VEGF,pg/mL,256.287
BIO-012,Week 2,2,VEGF,pg/mL,210.169
BIO-012,Week 4,4,VEGF,pg/mL,266.466
BIO-012,Week 8,8,VEGF,pg/mL,207.764
BIO-012,Week 12,12,VEGF,pg/mL,220.098
BIO-012,Baseline,0,Ferritin,ng/mL,170.961
BIO-012,Week 2,2,Ferritin,ng/mL,74.034
BIO-012,Week 4,4,Ferritin,ng/mL,103.431
BIO-012,Week 8,8,Ferritin,ng/mL,78.047
BIO-012,Week 12,12,Ferritin,ng/mL,146.907
BIO-012,Baseline,0,D-dimer,mg/L,0.183
BIO-012,Week 2,2,D-dimer,mg/L,0.174
BIO-012,Week 4,4,D-dimer,mg/L,0.175
BIO-012,Week 8,8,D-dimer,mg/L,0.359
BIO-012,Week 12,12,D-dimer,mg/L,0.182
BIO-012,Baseline,0,LDH,U/L,203.572
BIO-012,Week 2,2,LDH,U/L,208.917
BIO-012,Week 4,4,LDH,U/L,188.01
BIO-012,Week 8,8,LDH,U/L,191.139
BIO-012,Week 12,12,LDH,U/L,187.45
BIO-013,Baseline,0,IL-6,pg/mL,8.547
BIO-013,Week 2,2,IL-6,pg/mL,9.016
BIO-013,Week 4,4,IL-6,pg/mL,9.157
BIO-013,Week 8,8,IL-6,pg/mL,9.926
BIO-013,Week 12,12,IL-6,pg/mL,8.998
BIO-013,Baseline,0,CRP,mg/L,2.03
BIO-013,Week 2,2,CRP,mg/L,3.541
BIO-013,Week 4,4,CRP,mg/L,2.946
BIO-013,Week 8,8,CRP,mg/L,3.509
BIO-013,Week 12,12,CRP,mg/L,3.719
BIO-013,Baseline,0,TNF-alpha,pg/mL,6.059
BIO-013,Week 2,2,TNF-alpha,pg/mL,9.394
BIO-013,Week 4,4,TNF-alpha,pg/mL,
BIO-013,Week 8,8,TNF-alpha,pg/mL,
BIO-013,Week 12,12,TNF-alpha,pg/mL,10.315
BIO-013,Baseline,0,IL-10,pg/mL,2.904
BIO-013,Week 2,2,IL-10,pg/mL,1.959
BIO-013,Week 4,4,IL-10,pg/mL,1.246
BIO-013,Week 8,8,IL-10,pg/mL,1.905
BIO-013,Week 12,12,IL-10,pg/mL,4.473
BIO-013,Baseline,0,IFN-gamma,pg/mL,10.171
BIO-013,Week 2,2,IFN-gamma,pg/mL,6.905
BIO-013,Week 4,4,IFN-gamma,pg/mL,6.501
BIO-013,Week 8,8,IFN-gamma,pg/mL,7.295
BIO-013,Week 12,12,IFN-gamma,pg/mL,8.064
BIO-013,Baseline,0,IL-2,pg/mL,4.618
BIO-013,Week 2,2,IL-2,pg/mL,6.853
BIO-013,Week 4,4,IL-2,pg/mL,4.192
BIO-013,Week 8,8,IL-2,pg/mL,4.763
BIO-013,Week 12,12,IL-2,pg/mL,5.117
BIO-013,Baseline,0,IL-1beta,pg/mL,2.575
BIO-013,Week 2,2,IL-1beta,pg/mL,2.616
BIO-013,Week 4,4,IL-1beta,pg/mL,2.53
BIO-013,Week 8,8,IL-1beta,pg/mL,2.435
BIO-013,Week 12,12,IL-1beta,pg/mL,2.673
BIO-013,Baseline,0,IL-8,pg/mL,17.84
BIO-013,Week 2,2,IL-8,pg/mL,21.028
BIO-013,Week 4,4,IL-8,pg/mL,24.26
BIO-013,Week 8,8,IL-8,pg/mL,31.783
BIO-013,Week 12,12,IL-8,pg/mL,24.498
BIO-013,Baseline,0,VEGF,pg/mL,251.967
BIO-013,Week 2,2,VEGF,pg/mL,244.264
BIO-013,Week 4,4,VEGF,pg/mL,211.637
BIO-013,Week 8,8,VEGF,pg/mL,237.345
BIO-013,Week 12,12,VEGF,pg/mL,186.698
BIO-013,Baseline,0,Ferritin,ng/mL,129.59
BIO-013,Week 2,2,Ferritin,ng/mL,258.795
BIO-013,Week 4,4,Ferritin,ng/mL,111.527
BIO-013,Week 8,8,Ferritin,ng/mL,88.476
BIO-013,Week 12,12,Ferritin,ng/mL,81.606
BIO-013,Baseline,0,D-dimer,mg/L,0.421
BIO-013,Week 2,2,D-dimer,mg/L,0.37
BIO-013,Week 4,4,D-dimer,mg/L,0.798
BIO-013,Week 8,8,D-dimer,mg/L,0.321
BIO-013,Week 12,12,D-dimer,mg/L,0.554
BIO-013,Baseline,0,LDH,U/L,202.934
BIO-013,Week 2,2,LDH,U/L,198.985
BIO-013,Week 4,4,LDH,U/L,191.754
BIO-013,Week 8,8,LDH,U/L,175.47
BIO-013,Week 12,12,LDH,U/L,186.958
BIO-014,Baseline,0,IL-6,pg/mL,9.481
BIO-014,Week 2,2,IL-6,pg/mL,5.647
BIO-014,Week 4,4,IL-6,pg/mL,5.938
BIO-014,Week 8,8,IL-6,pg/mL,8.095
BIO-014,Week 12,12,IL-6,pg/mL,5.084
BIO-014,Baseline,0,CRP,mg/L,1.417
BIO-014,Week 2,2,CRP,mg/L,0.768
BIO-014,Week 4,4,CRP,mg/L,2.226
BIO-014,Week 8,8,CRP,mg/L,1.065
BIO-014,Week 12,12,CRP,mg/L,1.005
BIO-014,Baseline,0,TNF-alpha,pg/mL,12.71
BIO-014,Week 2,2,TNF-alpha,pg/mL,10.349
BIO-014,Week 4,4,TNF-alpha,pg/mL,6.862
BIO-014,Week 8,8,TNF-alpha,pg/mL,7.129
BIO-014,Week 12,12,TNF-alpha,pg/mL,8.835
BIO-014,Baseline,0,IL-10,pg/mL,6.318
BIO-014,Week 2,2,IL-10,pg/mL,4.963
BIO-014,Week 4,4,IL-10,pg/mL,2.588
BIO-014,Week 8,8,IL-10,pg/mL,
BIO-014,Week 12,12,IL-10,pg/mL,5.063
BIO-014,Baseline,0,IFN-gamma,pg/mL,4.529
BIO-014,Week 2,2,IFN-gamma,pg/mL,5.881
BIO-014,Week 4,4,IFN-gamma,pg/mL,7.395
BIO-014,Week 8,8,IFN-gamma,pg/mL,
BIO-014,Week 12,12,IFN-gamma,pg/mL,3.184
BIO-014,Baseline,0,IL-2,pg/mL,5.557
BIO-014,Week 2,2,IL-2,pg/mL,5.562
BIO-014,Week 4,4,IL-2,pg/mL,5.399
BIO-014,Week 8,8,IL-2,pg/mL,6.008
BIO-014,Week 12,12,IL-2,pg/mL,6.331
BIO-014,Baseline,0,IL-1beta,pg/mL,2.681
BIO-014,Week 2,2,IL-1beta,pg/mL,2.062
BIO-014,Week 4,4,IL-1beta,pg/mL,2.476
BIO-014,Week 8,8,IL-1beta,pg/mL,2.189
BIO-014,Week 12,12,IL-1beta,pg/mL,2.47
BIO-014,Baseline,0,IL-8,pg/mL,15.674
BIO-014,Week 2,2,IL-8,pg/mL,20.957
BIO-014,Week 4,4,IL-8,pg/mL,21.326
BIO-014,Week 8,8,IL-8,pg/mL,7.542
BIO-014,Week 12,12,IL-8,pg/mL,32.19
BIO-014,Baseline,0,VEGF,pg/mL,206.884
BIO-014,Week 2,2,VEGF,pg/mL,241.009
BIO-014,Week 4,4,VEGF,pg/mL,217.936
BIO-014,Week 8,8,VEGF,pg/mL,197.192
BIO-014,Week 12,12,VEGF,pg/mL,245.124
BIO-014,Baseline,0,Ferritin,ng/mL,143.307
BIO-014,Week 2,2,Ferritin,ng/mL,214.462
BIO-014,Week 4,4,Ferritin,ng/mL,165.867
BIO-014,Week 8,8,Ferritin,ng/mL,147.898
BIO-014,Week 12,12,Ferritin,ng/mL,187.011
BIO-014,Baseline,0,D-dimer,mg/L,0.692
BIO-014,Week 2,2,D-dimer,mg/L,0.705
BIO-014,Week 4,4,D-dimer,mg/L,0.715
BIO-014,Week 8,8,D-dimer,mg/L,0.67
BIO-014,Week 12,12,D-dimer,mg/L,
BIO-014,Baseline,0,LDH,U/L,177.36
BIO-014,Week 2,2,LDH,U/L,179.249
BIO-014,Week 4,4,LDH,U/L,189.749
BIO-014,Week 8,8,LDH,U/L,175.926
BIO-014,Week 12,12,LDH,U/L,186.761
BIO-015,Baseline,0,IL-6,pg/mL,7.35
BIO-015,Week 2,2,IL-6,pg/mL,8.94
BIO-015,Week 4,4,IL-6,pg/mL,8.194
BIO-015,Week 12,12,IL-6,pg/mL,6.13
BIO-015,Baseline,0,CRP,mg/L,1.448
BIO-015,Week 2,2,CRP,mg/L,1.766
BIO-015,Week 4,4,CRP,mg/L,2.471
BIO-015,Week 12,12,CRP,mg/L,1.819
BIO-015,Baseline,0,TNF-alpha,pg/mL,14.152
BIO-015,Week 2,2,TNF-alpha,pg/mL,15.614
BIO-015,Week 4,4,TNF-alpha,pg/mL,10.119
BIO-015,Week 12,12,TNF-alpha,pg/mL,13.063
BIO-015,Baseline,0,IL-10,pg/mL,6.601
BIO-015,Week 2,2,IL-10,pg/mL,8.695
BIO-015,Week 4,4,IL-10,pg/mL,6.029
BIO-015,Week 12,12,IL-10,pg/mL,7.674
BIO-015,Baseline,0,IFN-gamma,pg/mL,2.67
BIO-015,Week 2,2,IFN-gamma,pg/mL,3.301
BIO-015,Week 4,4,IFN-gamma,pg/mL,3.963
BIO-015,Week 12,12,IFN-gamma,pg/mL,3.832
BIO-015,Baseline,0,IL-2,pg/mL,4.403
BIO-015,Week 2,2,IL-2,pg/mL,3.813
BIO-015,Week 4,4,IL-2,pg/mL,4.833
BIO-015,Week 12,12,IL-2,pg/mL,4.887
BIO-015,Baseline,0,IL-1beta,pg/mL,1.664
BIO-015,Week 2,2,IL-1beta,pg/mL,1.944
BIO-015,Week 4,4,IL-1beta,pg/mL,2.079
BIO-015,Week 12,12,IL-1beta,pg/mL,2.365
BIO-015,Baseline,0,IL-8,pg/mL,12.973
BIO-015,Week 2,2,IL-8,pg/mL,13.61
BIO-015,Week 4,4,IL-8,pg/mL,14.545
BIO-015,Week 12,12,IL-8,pg/mL,14.42
BIO-015,Baseline,0,VEGF,pg/mL,178.982
BIO-015,Week 2,2,VEGF,pg/mL,221.127
BIO-015,Week 4,4,VEGF,pg/mL,210.875
BIO-015,Week 12,12,VEGF,pg/mL,170.63
BIO-015,Baseline,0,Ferritin,ng/mL,91.665
BIO-015,Week 2,2,Ferritin,ng/mL,41.685
BIO-015,Week 4,4,Ferritin,ng/mL,94.026
BIO-015,Week 12,12,Ferritin,ng/mL,83.957
BIO-015,Baseline,0,D-dimer,mg/L,0.366
BIO-015,Week 2,2,D-dimer,mg/L,0.509
BIO-015,Week 4,4,D-dimer,mg/L,0.785
BIO-015,Week 12,12,D-dimer,mg/L,0.38
BIO-015,Baseline,0,LDH,U/L,181.223
BIO-015,Week 2,2,LDH,U/L,212.955
BIO-015,Week 4,4,LDH,U/L,197.277
BIO-015,Week 12,12,LDH,U/L,205.317
BIO-016,Baseline,0,IL-6,pg/mL,8.548
BIO-016,Week 2,2,IL-6,pg/mL,7.745
BIO-016,Week 4,4,IL-6,pg/mL,8.12
BIO-016,Week 8,8,IL-6,pg/mL,7.788
BIO-016,Week 12,12,IL-6,pg/mL,9.927
BIO-016,Baseline,0,CRP,mg/L,4.66
BIO-016,Week 2,2,CRP,mg/L,7.703
BIO-016,Week 4,4,CRP,mg/L,3.061
BIO-016,Week 8,8,CRP,mg/L,2.435
BIO-016,Week 12,12,CRP,mg/L,7.499
BIO-016,Baseline,0,TNF-alpha,pg/mL,11.064
BIO-016,Week 2,2,TNF-alpha,pg/mL,10.931
BIO-016,Week 4,4,TNF-alpha,pg/mL,10.344
BIO-016,Week 8,8,TNF-alpha,pg/mL,8.125
BIO-016,Week 12,12,TNF-alpha,pg/mL,9.248
BIO-016,Baseline,0,IL-10,pg/mL,3.581
BIO-016,Week 2,2,IL-10,pg/mL,5.332
BIO-016,Week 4,4,IL-10,pg/mL,4.294
BIO-016,Week 8,8,IL-10,pg/mL,4.714
BIO-016,Week 12,12,IL-10,pg/mL,3.11
BIO-016,Baseline,0,IFN-gamma,pg/mL,5.784
BIO-016,Week 2,2,IFN-gamma,pg/mL,2.274
BIO-016,Week 4,4,IFN-gamma,pg/mL,3.013
BIO-016,Week 8,8,IFN-gamma,pg/mL,6.054
BIO-016,Week 12,12,IFN-gamma,pg/mL,6.884
BIO-016,Baseline,0,IL-2,pg/mL,5.627
BIO-016,Week 2,2,IL-2,pg/mL,4.738
BIO-016,Week 4,4,IL-2,pg/mL,5.021
BIO-016,Week 8,8,IL-2,pg/mL,4.592
BIO-016,Week 12,12,IL-2,pg/mL,4.853
BIO-016,Baseline,0,IL-1beta,pg/mL,2.489
BIO-016,Week 2,2,IL-1beta,pg/mL,2.44
BIO-016,Week 4,4,IL-1beta,pg/mL,2.439
BIO-016,Week 8,8,IL-1beta,pg/mL,2.756
BIO-016,Week 12,12,IL-1beta,pg/mL,2.552
BIO-016,Baseline,0,IL-8,pg/mL,16.979
BIO-016,Week 2,2,IL-8,pg/mL,21.331
BIO-016,Week 4,4,IL-8,pg/mL,14.034
BIO-016,Week 8,8,IL-8,pg/mL,10.639
BIO-016,Week 12,12,IL-8,pg/mL,15.808
BIO-016,Baseline,0,VEGF,pg/mL,241.735
BIO-016,Week 2,2,VEGF,pg/mL,225.753
BIO-016,Week 4,4,VEGF,pg/mL,279.036
BIO-016,Week 8,8,VEGF,pg/mL,213.7
BIO-016,Week 12,12,VEGF,pg/mL,261.715
BIO-016,Baseline,0,Ferritin,ng/mL,363.383
BIO-016,Week 2,2,Ferritin,ng/mL,341.692
BIO-016,Week 4,4,Ferritin,ng/mL,423.725
BIO-016,Week 8,8,Ferritin,ng/mL,238.323
BIO-016,Week 12,12,Ferritin,ng/mL,316.632
BIO-016,Baseline,0,D-dimer,mg/L,0.32
BIO-016,Week 2,2,D-dimer,mg/L,0.293
BIO-016,Week 4,4,D-dimer,mg/L,0.276
BIO-016,Week 8,8,D-dimer,mg/L,0.374
BIO-016,Week 12,12,D-dimer,mg/L,0.328
BIO-016,Baseline,0,LDH,U/L,180.834
BIO-016,Week 2,2,LDH,U/L,206.543
BIO-016,Week 4,4,LDH,U/L,230.822
BIO-016,Week 8,8,LDH,U/L,203.138
BIO-016,Week 12,12,LDH,U/L,199.344
BIO-017,Baseline,0,IL-6,pg/mL,8.45
BIO-017,Week 2,2,IL-6,pg/mL,9.507
BIO-017,Week 4,4,IL-6,pg/mL,8.373
BIO-017,Week 8,8,IL-6,pg/mL,9.089
BIO-017,Week 12,12,IL-6,pg/mL,9.008
BIO-017,Baseline,0,CRP,mg/L,3.695
BIO-017,Week 2,2,CRP,mg/L,4.494
BIO-017,Week 4,4,CRP,mg/L,2.559
BIO-017,Week 8,8,CRP,mg/L,2.82
BIO-017,Week 12,12,CRP,mg/L,2.577
BIO-017,Baseline,0,TNF-alpha,pg/mL,14.26
BIO-017,Week 2,2,TNF-alpha,pg/mL,17.15
BIO-017,Week 4,4,TNF-alpha,pg/mL,15.078
BIO-017,Week 8,8,TNF-alpha,pg/mL,12.962
BIO-017,Week 12,12,TNF-alpha,pg/mL,16.382
BIO-017,Baseline,0,IL-10,pg/mL,6.784
BIO-017,Week 2,2,IL-10,pg/mL,6.304
BIO-017,Week 4,4,IL-10,pg/mL,6.995
BIO-017,Week 8,8,IL-10,pg/mL,6.444
BIO-017,Week 12,12,IL-10,pg/mL,6.453
BIO-017,Baseline,0,IFN-gamma,pg/mL,4.01
BIO-017,Week 2,2,IFN-gamma,pg/mL,5.716
BIO-017,Week 4,4,IFN-gamma,pg/mL,4.689
BIO-017,Week 8,8,IFN-gamma,pg/mL,5.155
BIO-017,Week 12,12,IFN-gamma,pg/mL,5.96
BIO-017,Baseline,0,IL-2,pg/mL,6.044
BIO-017,Week 2,2,IL-2,pg/mL,6.684
BIO-017,Week 4,4,IL-2,pg/mL,6.097
BIO-017,Week 8,8,IL-2,pg/mL,5.03
BIO-017,Week 12,12,IL-2,pg/mL,5.305
BIO-017,Baseline,0,IL-1beta,pg/mL,1.442
BIO-017,Week 2,2,IL-1beta,pg/mL,2.233
BIO-017,Week 4,4,IL-1beta,pg/mL,2.504
BIO-017,Week 8,8,IL-1beta,pg/mL,2.662
BIO-017,Week 12,12,IL-1beta,pg/mL,2.624
BIO-017,Baseline,0,IL-8,pg/mL,19.968
BIO-017,Week 2,2,IL-8,pg/mL,9.787
BIO-017,Week 4,4,IL-8,pg/mL,13.743
BIO-017,Week 8,8,IL-8,pg/mL,26.834
BIO-017,Week 12,12,IL-8,pg/mL,12.991
BIO-017,Baseline,0,VEGF,pg/mL,286.375
BIO-017,Week 2,2,VEGF,pg/mL,259.336
BIO-017,Week 4,4,VEGF,pg/mL,248.066
BIO-017,Week 8,8,VEGF,pg/mL,236.172
BIO-017,Week 12,12,VEGF,pg/mL,254.95
BIO-017,Baseline,0,Ferritin,ng/mL,137.939
BIO-017,Week 2,2,Ferritin,ng/mL,134.824
BIO-017,Week 4,4,Ferritin,ng/mL,125.954
BIO-017,Week 8,8,Ferritin,ng/mL,179.342
BIO-017,Week 12,12,Ferritin,ng/mL,181.868
BIO-017,Baseline,0,D-dimer,mg/L,0.338
BIO-017,Week 2,2,D-dimer,mg/L,0.206
BIO-017,Week 4,4,D-dimer,mg/L,
BIO-017,Week 8,8,D-dimer,mg/L,0.285
BIO-017,Week 12,12,D-dimer,mg/L,0.258
BIO-017,Baseline,0,LDH,U/L,206.01
BIO-017,Week 2,2,LDH,U/L,178.859
BIO-017,Week 4,4,LDH,U/L,
BIO-017,Week 8,8,LDH,U/L,191.576
BIO-017,Week 12,12,LDH,U/L,159.882
BIO-018,Baseline,0,IL-6,pg/mL,9.838
BIO-018,Week 2,2,IL-6,pg/mL,7.265
BIO-018,Week 4,4,IL-6,pg/mL,7.784
BIO-018,Week 8,8,IL-6,pg/mL,5.297
BIO-018,Week 12,12,IL-6,pg/mL,6.579
BIO-018,Baseline,0,CRP,mg/L,3.065
BIO-018,Week 2,2,CRP,mg/L,2.939
BIO-018,Week 4,4,CRP,mg/L,3.312
BIO-018,Week 8,8,CRP,mg/L,2.68
BIO-018,Week 12,12,CRP,mg/L,2.374
BIO-018,Baseline,0,TNF-alpha,pg/mL,8.024
BIO-018,Week 2,2,TNF-alpha,pg/mL,12.711
BIO-018,Week 4,4,TNF-alpha,pg/mL,9.302
BIO-018,Week 8,8,TNF-alpha,pg/mL,8.242
BIO-018,Week 12,12,TNF-alpha,pg/mL,12.459
BIO-018,Baseline,0,IL-10,pg/mL,4.844
BIO-018,Week 2,2,IL-10,pg/mL,6.057
BIO-018,Week 4,4,IL-10,pg/mL,6.218
BIO-018,Week 8,8,IL-10,pg/mL,4.811
BIO-018,Week 12,12,IL-10,pg/mL,5.22
BIO-018,Baseline,0,IFN-gamma,pg/mL,5.351
BIO-018,Week 2,2,IFN-gamma,pg/mL,7.536
BIO-018,Week 4,4,IFN-gamma,pg/mL,5.974
BIO-018,Week 8,8,IFN-gamma,pg/mL,3.963
BIO-018,Week 12,12,IFN-gamma,pg/mL,6.248
BIO-018,Baseline,0,IL-2,pg/mL,4.624
BIO-018,Week 2,2,IL-2,pg/mL,4.588
BIO-018,Week 4,4,IL-2,pg/mL,4.394
BIO-018,Week 8,8,IL-2,pg/mL,3.869
BIO-018,Week 12,12,IL-2,pg/mL,3.895
BIO-018,Baseline,0,IL-1beta,pg/mL,3.256
BIO-018,Week 2,2,IL-1beta,pg/mL,2.574
BIO-018,Week 4,4,IL-1beta,pg/mL,2.584
BIO-018,Week 8,8,IL-1beta,pg/mL,2.688
BIO-018,Week 12,12,IL-1beta,pg/mL,2.695
BIO-018,Baseline,0,IL-8,pg/mL,7.705
BIO-018,Week 2,2,IL-8,pg/mL,21.232
BIO-018,Week 4,4,IL-8,pg/mL,
BIO-018,Week 8,8,IL-8,pg/mL,22.326
BIO-018,Week 12,12,IL-8,pg/mL,18.576
BIO-018,Baseline,0,VEGF,pg/mL,173.687
BIO-018,Week 2,2,VEGF,pg/mL,175.042
BIO-018,Week 4,4,VEGF,pg/mL,206.826
BIO-018,Week 8,8,VEGF,pg/mL,205.396
BIO-018,Week 12,12,VEGF,pg/mL,119.144
BIO-018,Baseline,0,Ferritin,ng/mL,116.153
BIO-018,Week 2,2,Ferritin,ng/mL,206.267
BIO-018,Week 4,4,Ferritin,ng/mL,113.787
BIO-018,Week 8,8,Ferritin,ng/mL,81.777
BIO-018,Week 12,12,Ferritin,ng/mL,127.992
BIO-018,Baseline,0,D-dimer,mg/L,0.31
BIO-018,Week 2,2,D-dimer,mg/L,0.463
BIO-018,Week 4,4,D-dimer,mg/L,0.572
BIO-018,Week 8,8,D-dimer,mg/L,0.351
BIO-018,Week 12,12,D-dimer,mg/L,0.305
BIO-018,Baseline,0,LDH,U/L,205.831
BIO-018,Week 2,2,LDH,U/L,187.619
BIO-018,Week 4,4,LDH,U/L,187.553
BIO-018,Week 8,8,LDH,U/L,177.025
BIO-018,Week 12,12,LDH,U/L,185.05
BIO-019,Baseline,0,IL-6,pg/mL,8.98
BIO-019,Week 2,2,IL-6,pg/mL,6.311
BIO-019,Week 4,4,IL-6,pg/mL,5.657
BIO-019,Week 8,8,IL-6,pg/mL,7.006
BIO-019,Week 12,12,IL-6,pg/mL,7.25
BIO-019,Baseline,0,CRP,mg/L,7.076
BIO-019,Week 2,2,CRP,mg/L,6.454
BIO-019,Week 4,4,CRP,mg/L,7.656
BIO-019,Week 8,8,CRP,mg/L,4.594
BIO-019,Week 12,12,CRP,mg/L,3.794
BIO-019,Baseline,0,TNF-alpha,pg/mL,10.798
BIO-019,Week 2,2,TNF-alpha,pg/mL,13.293
BIO-019,Week 4,4,TNF-alpha,pg/mL,12.766
BIO-019,Week 8,8,TNF-alpha,pg/mL,15.258
BIO-019,Week 12,12,TNF-alpha,pg/mL,12.368
BIO-019,Baseline,0,IL-10,pg/mL,5.533
BIO-019,Week 2,2,IL-10,pg/mL,6.802
BIO-019,Week 4,4,IL-10,pg/mL,5.834
BIO-019,Week 8,8,IL-10,pg/mL,7.713
BIO-019,Week 12,12,IL-10,pg/mL,5.325
BIO-019,Baseline,0,IFN-gamma,pg/mL,4.51
BIO-019,Week 2,2,IFN-gamma,pg/mL,4.507
BIO-019,Week 4,4,IFN-gamma,pg/mL,3.775
BIO-019,Week 8,8,IFN-gamma,pg/mL,4.251
BIO-019,Week 12,12,IFN-gamma,pg/mL,2.998
BIO-019,Baseline,0,IL-2,pg/mL,4.375
BIO-019,Week 2,2,IL-2,pg/mL,5.538
BIO-019,Week 4,4,IL-2,pg/mL,4.071
BIO-019,Week 8,8,IL-2,pg/mL,4.35
BIO-019,Week 12,12,IL-2,pg/mL,3.766
BIO-019,Baseline,0,IL-1beta,pg/mL,2.653
BIO-019,Week 2,2,IL-1beta,pg/mL,2.485
BIO-019,Week 4,4,IL-1beta,pg/mL,2.374
BIO-019,Week 8,8,IL-1beta,pg/mL,2.6
BIO-019,Week 12,12,IL-1beta,pg/mL,2.477
BIO-019,Baseline,0,IL-8,pg/mL,8.652
BIO-019,Week 2,2,IL-8,pg/mL,11.995
BIO-019,Week 4,4,IL-8,pg/mL,9.317
BIO-019,Week 8,8,IL-8,pg/mL,10.215
BIO-019,Week 12,12,IL-8,pg/mL,8.672
BIO-019,Baseline,0,VEGF,pg/mL,331.302
BIO-019,Week 2,2,VEGF,pg/mL,320.181
BIO-019,Week 4,4,VEGF,pg/mL,333.314
BIO-019,Week 8,8,VEGF,pg/mL,336.652
BIO-019,Week 12,12,VEGF,pg/mL,317.772
BIO-019,Baseline,0,Ferritin,ng/mL,91.017
BIO-019,Week 2,2,Ferritin,ng/mL,153.267
BIO-019,Week 4,4,Ferritin,ng/mL,144.125
BIO-019,Week 8,8,Ferritin,ng/mL,77.4
BIO-019,Week 12,12,Ferritin,ng/mL,83.972
BIO-019,Baseline,0,D-dimer,mg/L,0.334
BIO-019,Week 2,2,D-dimer,mg/L,0.519
BIO-019,Week 4,4,D-dimer,mg/L,
BIO-019,Week 8,8,D-dimer,mg/L,0.319
BIO-019,Week 12,12,D-dimer,mg/L,0.517
BIO-019,Baseline,0,LDH,U/L,191.772
BIO-019,Week 2,2,LDH,U/L,176.159
BIO-019,Week 4,4,LDH,U/L,153.713
BIO-019,Week 8,8,LDH,U/L,172.614
BIO-019,Week 12,12,LDH,U/L,176.339
BIO-020,Baseline,0,IL-6,pg/mL,5.859
BIO-020,Week 2,2,IL-6,pg/mL,6.899
BIO-020,Week 4,4,IL-6,pg/mL,6.771
BIO-020,Week 8,8,IL-6,pg/mL,6.088
BIO-020,Week 12,12,IL-6,pg/mL,6.657
BIO-020,Baseline,0,CRP,mg/L,4.056
BIO-020,Week 2,2,CRP,mg/L,1.508
BIO-020,Week 4,4,CRP,mg/L,0.922
BIO-020,Week 8,8,CRP,mg/L,4.442
BIO-020,Week 12,12,CRP,mg/L,1.643
BIO-020,Baseline,0,TNF-alpha,pg/mL,11.952
BIO-020,Week 2,2,TNF-alpha,pg/mL,
BIO-020,Week 4,4,TNF-alpha,pg/mL,12.29
BIO-020,Week 8,8,TNF-alpha,pg/mL,13.249
BIO-020,Week 12,12,TNF-alpha,pg/mL,15.114
BIO-020,Baseline,0,IL-10,pg/mL,3.807
BIO-020,Week 2,2,IL-10,pg/mL,4.777
BIO-020,Week 4,4,IL-10,pg/mL,4.518
BIO-020,Week 8,8,IL-10,pg/mL,5.112
BIO-020,Week 12,12,IL-10,pg/mL,5.115
BIO-020,Baseline,0,IFN-gamma,pg/mL,4.839
BIO-020,Week 2,2,IFN-gamma,pg/mL,6.508
BIO-020,Week 4,4,IFN-gamma,pg/mL,8.358
BIO-020,Week 8,8,IFN-gamma,pg/mL,5.793
BIO-020,Week 12,12,IFN-gamma,pg/mL,8.092
BIO-020,Baseline,0,IL-2,pg/mL,7.74
BIO-020,Week 2,2,IL-2,pg/mL,6.197
BIO-020,Week 4,4,IL-2,pg/mL,5.779
BIO-020,Week 8,8,IL-2,pg/mL,5.698
BIO-020,Week 12,12,IL-2,pg/mL,5.975
BIO-020,Baseline,0,IL-1beta,pg/mL,2.978
BIO-020,Week 2,2,IL-1beta,pg/mL,3.004
BIO-020,Week 4,4,IL-1beta,pg/mL,2.333
BIO-020,Week 8,8,IL-1beta,pg/mL,2.95
BIO-020,Week 12,12,IL-1beta,pg/mL,2.524
BIO-020,Baseline,0,IL-8,pg/mL,12.22
BIO-020,Week 2,2,IL-8,pg/mL,10.63
BIO-020,Week 4,4,IL-8,pg/mL,10.535
BIO-020,Week 8,8,IL-8,pg/mL,
BIO-020,Week 12,12,IL-8,pg/mL,10.204
BIO-020,Baseline,0,VEGF,pg/mL,287.828
BIO-020,Week 2,2,VEGF,pg/mL,293.991
BIO-020,Week 4,4,VEGF,pg/mL,293.604
BIO-020,Week 8,8,VEGF,pg/mL,275.373
BIO-020,Week 12,12,VEGF,pg/mL,262.841
BIO-020,Baseline,0,Ferritin,ng/mL,49.077
BIO-020,Week 2,2,Ferritin,ng/mL,60.438
BIO-020,Week 4,4,Ferritin,ng/mL,55.826
BIO-020,Week 8,8,Ferritin,ng/mL,32.28
BIO-020,Week 12,12,Ferritin,ng/mL,46.78
BIO-020,Baseline,0,D-dimer,mg/L,0.283
BIO-020,Week 2,2,D-dimer,mg/L,0.424
BIO-020,Week 4,4,D-dimer,mg/L,0.434
BIO-020,Week 8,8,D-dimer,mg/L,0.457
BIO-020,Week 12,12,D-dimer,mg/L,0.385
BIO-020,Baseline,0,LDH,U/L,167.785
BIO-020,Week 2,2,LDH,U/L,142.891
BIO-020,Week 4,4,LDH,U/L,165.098
BIO-020,Week 8,8,LDH,U/L,158.799
BIO-020,Week 12,12,LDH,U/L,196.542
BIO-021,Baseline,0,IL-6,pg/mL,12.004
BIO-021,Week 2,2,IL-6,pg/mL,11.43
BIO-021,Week 4,4,IL-6,pg/mL,11.164
BIO-021,Week 8,8,IL-6,pg/mL,10.381
BIO-021,Week 12,12,IL-6,pg/mL,11.653
BIO-021,Baseline,0,CRP,mg/L,3.152
BIO-021,Week 2,2,CRP,mg/L,2.576
BIO-021,Week 4,4,CRP,mg/L,3.303
BIO-021,Week 8,8,CRP,mg/L,4.08
BIO-021,Week 12,12,CRP,mg/L,2.641
BIO-021,Baseline,0,TNF-alpha,pg/mL,12.514
BIO-021,Week 2,2,TNF-alpha,pg/mL,9.188
BIO-021,Week 4,4,TNF-alpha,pg/mL,13.256
BIO-021,Week 8,8,TNF-alpha,pg/mL,12.427
BIO-021,Week 12,12,TNF-alpha,pg/mL,13.991
BIO-021,Baseline,0,IL-10,pg/mL,6.2
BIO-021,Week 2,2,IL-10,pg/mL,3.749
BIO-021,Week 4,4,IL-10,pg/mL,7.69
BIO-021,Week 8,8,IL-10,pg/mL,7.229
BIO-021,Week 12,12,IL-10,pg/mL,6.514
BIO-021,Baseline,0,IFN-gamma,pg/mL,4.12
BIO-021,Week 2,2,IFN-gamma,pg/mL,4.623
BIO-021,Week 4,4,IFN-gamma,pg/mL,3.214
BIO-021,Week 8,8,IFN-gamma,pg/mL,5.595
BIO-021,Week 12,12,IFN-gamma,pg/mL,3.625
BIO-021,Baseline,0,IL-2,pg/mL,4.796
BIO-021,Week 2,2,IL-2,pg/mL,4.6
BIO-021,Week 4,4,IL-2,pg/mL,4.486
BIO-021,Week 8,8,IL-2,pg/mL,4.781
BIO-021,Week 12,12,IL-2,pg/mL,4.132
BIO-021,Baseline,0,IL-1beta,pg/mL,2.287
BIO-021,Week 2,2,IL-1beta,pg/mL,2.185
BIO-021,Week 4,4,IL-1beta,pg/mL,2.016
BIO-021,Week 8,8,IL-1beta,pg/mL,2.26
BIO-021,Week 12,12,IL-1beta,pg/mL,
BIO-021,Baseline,0,IL-8,pg/mL,20.59
BIO-021,Week 2,2,IL-8,pg/mL,22.816
BIO-021,Week 4,4,IL-8,pg/mL,11.936
BIO-021,Week 8,8,IL-8,pg/mL,11.843
BIO-021,Week 12,12,IL-8,pg/mL,9.796
BIO-021,Baseline,0,VEGF,pg/mL,228.592
BIO-021,Week 2,2,VEGF,pg/mL,220.019
BIO-021,Week 4,4,VEGF,pg/mL,302.532
BIO-021,Week 8,8,VEGF,pg/mL,257.966
BIO-021,Week 12,12,VEGF,pg/mL,292.687
BIO-021,Baseline,0,Ferritin,ng/mL,323.861
BIO-021,Week 2,2,Ferritin,ng/mL,192.045
BIO-021,Week 4,4,Ferritin,ng/mL,123.115
BIO-021,Week 8,8,Ferritin,ng/mL,145.933
BIO-021,Week 12,12,Ferritin,ng/mL,173.081
BIO-021,Baseline,0,D-dimer,mg/L,0.567
BIO-021,Week 2,2,D-dimer,mg/L,0.851
BIO-021,Week 4,4,D-dimer,mg/L,
BIO-021,Week 8,8,D-dimer,mg/L,0.518
BIO-021,Week 12,12,D-dimer,mg/L,0.709
BIO-021,Baseline,0,LDH,U/L,170.687
BIO-021,Week 2,2,LDH,U/L,175.88
BIO-021,Week 4,4,LDH,U/L,174.993
BIO-021,Week 8,8,LDH,U/L,167.409
BIO-021,Week 12,12,LDH,U/L,198.9
BIO-022,Baseline,0,IL-6,pg/mL,6.406
BIO-022,Week 2,2,IL-6,pg/mL,4.562
BIO-022,Week 4,4,IL-6,pg/mL,6.121
BIO-022,Week 8,8,IL-6,pg/mL,5.831
BIO-022,Week 12,12,IL-6,pg/mL,5.385
BIO-022,Baseline,0,CRP,mg/L,8.129
BIO-022,Week 2,2,CRP,mg/L,12.996
BIO-022,Week 4,4,CRP,mg/L,3.779
BIO-022,Week 8,8,CRP,mg/L,4.05
BIO-022,Week 12,12,CRP,mg/L,8.915
BIO-022,Baseline,0,TNF-alpha,pg/mL,6.606
BIO-022,Week 2,2,TNF-alpha,pg/mL,9.513
BIO-022,Week 4,4,TNF-alpha,pg/mL,8.604
BIO-022,Week 8,8,TNF-alpha,pg/mL,8.739
BIO-022,Week 12,12,TNF-alpha,pg/mL,8.321
BIO-022,Baseline,0,IL-10,pg/mL,5.728
BIO-022,Week 2,2,IL-10,pg/mL,5.844
BIO-022,Week 4,4,IL-10,pg/mL,5.432
BIO-022,Week 8,8,IL-10,pg/mL,6.12
BIO-022,Week 12,12,IL-10,pg/mL,6.316
BIO-022,Baseline,0,IFN-gamma,pg/mL,3.188
BIO-022,Week 2,2,IFN-gamma,pg/mL,4.158
BIO-022,Week 4,4,IFN-gamma,pg/mL,3.39
BIO-022,Week 8,8,IFN-gamma,pg/mL,7.408
BIO-022,Week 12,12,IFN-gamma,pg/mL,4.362
BIO-022,Baseline,0,IL-2,pg/mL,4.277
BIO-022,Week 2,2,IL-2,pg/mL,5.052
BIO-022,Week 4,4,IL-2,pg/mL,3.746
BIO-022,Week 8,8,IL-2,pg/mL,4.445
BIO-022,Week 12,12,IL-2,pg/mL,4.612
BIO-022,Baseline,0,IL-1beta,pg/mL,2.455
BIO-022,Week 2,2,IL-1beta,pg/mL,2.105
BIO-022,Week 4,4,IL-1beta,pg/mL,3.538
BIO-022,Week 8,8,IL-1beta,pg/mL,2.811
BIO-022,Week 12,12,IL-1beta,pg/mL,3.032
BIO-022,Baseline,0,IL-8,pg/mL,6.635
BIO-022,Week 2,2,IL-8,pg/mL,9.836
BIO-022,Week 4,4,IL-8,pg/mL,5.477
BIO-022,Week 8,8,IL-8,pg/mL,10.692
BIO-022,Week 12,12,IL-8,pg/mL,16.819
BIO-022,Baseline,0,VEGF,pg/mL,287.08
BIO-022,Week 2,2,VEGF,pg/mL,224.435
BIO-022,Week 4,4,VEGF,pg/mL,273.163
BIO-022,Week 8,8,VEGF,pg/mL,222.165
BIO-022,Week 12,12,VEGF,pg/mL,176.55
BIO-022,Baseline,0,Ferritin,ng/mL,98.613
BIO-022,Week 2,2,Ferritin,ng/mL,76.943
BIO-022,Week 4,4,Ferritin,ng/mL,126.13
BIO-022,Week 8,8,Ferritin,ng/mL,79.06
BIO-022,Week 12,12,Ferritin,ng/mL,71.433
BIO-022,Baseline,0,D-dimer,mg/L,0.355
BIO-022,Week 2,2,D-dimer,mg/L,0.315
BIO-022,Week 4,4,D-dimer,mg/L,0.197
BIO-022,Week 8,8,D-dimer,mg/L,0.274
BIO-022,Week 12,12,D-dimer,mg/L,0.252
BIO-022,Baseline,0,LDH,U/L,179.594
BIO-022,Week 2,2,LDH,U/L,159.886
BIO-022,Week 4,4,LDH,U/L,186.749
BIO-022,Week 8,8,LDH,U/L,166.757
BIO-022,Week 12,12,LDH,U/L,175.719
BIO-023,Baseline,0,IL-6,pg/mL,5.595
BIO-023,Week 2,2,IL-6,pg/mL,6.944
BIO-023,Week 4,4,IL-6,pg/mL,7.927
BIO-023,Week 8,8,IL-6,pg/mL,9.812
BIO-023,Week 12,12,IL-6,pg/mL,7.468
BIO-023,Baseline,0,CRP,mg/L,2.914
BIO-023,Week 2,2,CRP,mg/L,1.673
BIO-023,Week 4,4,CRP,mg/L,1.703
BIO-023,Week 8,8,CRP,mg/L,2.509
BIO-023,Week 12,12,CRP,mg/L,1.257
BIO-023,Baseline,0,TNF-alpha,pg/mL,15.907
BIO-023,Week 2,2,TNF-alpha,pg/mL,14.038
BIO-023,Week 4,4,TNF-alpha,pg/mL,
BIO-023,Week 8,8,TNF-alpha,pg/mL,17.129
BIO-023,Week 12,12,TNF-alpha,pg/mL,15.837
BIO-023,Baseline,0,IL-10,pg/mL,8.344
BIO-023,Week 2,2,IL-10,pg/mL,8.173
BIO-023,Week 4,4,IL-10,pg/mL,8.273
BIO-023,Week 8,8,IL-10,pg/mL,6.825
BIO-023,Week 12,12,IL-10,pg/mL,6.902
BIO-023,Baseline,0,IFN-gamma,pg/mL,4.173
BIO-023,Week 2,2,IFN-gamma,pg/mL,3.063
BIO-023,Week 4,4,IFN-gamma,pg/mL,5.924
BIO-023,Week 8,8,IFN-gamma,pg/mL,5.504
BIO-023,Week 12,12,IFN-gamma,pg/mL,6.875
BIO-023,Baseline,0,IL-2,pg/mL,5.238
BIO-023,Week 2,2,IL-2,pg/mL,5.791
BIO-023,Week 4,4,IL-2,pg/mL,6.683
BIO-023,Week 8,8,IL-2,pg/mL,6.449
BIO-023,Week 12,12,IL-2,pg/mL,4.85
BIO-023,Baseline,0,IL-1beta,pg/mL,2.898
BIO-023,Week 2,2,IL-1beta,pg/mL,2.939
BIO-023,Week 4,4,IL-1beta,pg/mL,3.104
BIO-023,Week 8,8,IL-1beta,pg/mL,2.705
BIO-023,Week 12,12,IL-1beta,pg/mL,2.516
BIO-023,Baseline,0,IL-8,pg/mL,20.366
BIO-023,Week 2,2,IL-8,pg/mL,25.995
BIO-023,Week 4,4,IL-8,pg/mL,11.848
BIO-023,Week 8,8,IL-8,pg/mL,29.93
BIO-023,Week 12,12,IL-8,pg/mL,18.606
BIO-023,Baseline,0,VEGF,pg/mL,224.021
BIO-023,Week 2,2,VEGF,pg/mL,245.319
BIO-023,Week 4,4,VEGF,pg/mL,267.763
BIO-023,Week 8,8,VEGF,pg/mL,199.736
BIO-023,Week 12,12,VEGF,pg/mL,263.54
BIO-023,Baseline,0,Ferritin,ng/mL,168.681
BIO-023,Week 2,2,Ferritin,ng/mL,82.136
BIO-023,Week 4,4,Ferritin,ng/mL,122.964
BIO-023,Week 8,8,Ferritin,ng/mL,177.363
BIO-023,Week 12,12,Ferritin,ng/mL,149.335
BIO-023,Baseline,0,D-dimer,mg/L,0.238
BIO-023,Week 2,2,D-dimer,mg/L,0.23
BIO-023,Week 4,4,D-dimer,mg/L,0.26
BIO-023,Week 8,8,D-dimer,mg/L,0.312
BIO-023,Week 12,12,D-dimer,mg/L,0.294
BIO-023,Baseline,0,LDH,U/L,195.37
BIO-023,Week 2,2,LDH,U/L,190.132
BIO-023,Week 4,4,LDH,U/L,199.739
BIO-023,Week 8,8,LDH,U/L,196.483
BIO-023,Week 12,12,LDH,U/L,201.15
BIO-024,Baseline,0,IL-6,pg/mL,7.906
BIO-024,Week 2,2,IL-6,pg/mL,7.705
BIO-024,Week 4,4,IL-6,pg/mL,8.784
BIO-024,Week 8,8,IL-6,pg/mL,7.285
BIO-024,Week 12,12,IL-6,pg/mL,8.434
BIO-024,Baseline,0,CRP,mg/L,1.076
BIO-024,Week 2,2,CRP,mg/L,1.015
BIO-024,Week 4,4,CRP,mg/L,1.294
BIO-024,Week 8,8,CRP,mg/L,1.053
BIO-024,Week 12,12,CRP,mg/L,1.824
BIO-024,Baseline,0,TNF-alpha,pg/mL,13.149
BIO-024,Week 2,2,TNF-alpha,pg/mL,8.562
BIO-024,Week 4,4,TNF-alpha,pg/mL,15.169
BIO-024,Week 8,8,TNF-alpha,pg/mL,11.813
BIO-024,Week 12,12,TNF-alpha,pg/mL,12.348
BIO-024,Baseline,0,IL-10,pg/mL,3.568
BIO-024,Week 2,2,IL-10,pg/mL,2.426
BIO-024,Week 4,4,IL-10,pg/mL,5.832
BIO-024,Week 8,8,IL-10,pg/mL,5.078
BIO-024,Week 12,12,IL-10,pg/mL,3.607
BIO-024,Baseline,0,IFN-gamma,pg/mL,3.434
BIO-024,Week 2,2,IFN-gamma,pg/mL,3.446
BIO-024,Week 4,4,IFN-gamma,pg/mL,2.655
BIO-024,Week 8,8,IFN-gamma,pg/mL,3.147
BIO-024,Week 12,12,IFN-gamma,pg/mL,3.835
BIO-024,Baseline,0,IL-2,pg/mL,4.332
BIO-024,Week 2,2,IL-2,pg/mL,4.053
BIO-024,Week 4,4,IL-2,pg/mL,4.676
BIO-024,Week 8,8,IL-2,pg/mL,4.857
BIO-024,Week 12,12,IL-2,pg/mL,4.205
BIO-024,Baseline,0,IL-1beta,pg/mL,2.999
BIO-024,Week 2,2,IL-1beta,pg/mL,2.452
BIO-024,Week 4,4,IL-1beta,pg/mL,2.631
BIO-024,Week 8,8,IL-1beta,pg/mL,2.783
BIO-024,Week 12,12,IL-1beta,pg/mL,3.6
BIO-024,Baseline,0,IL-8,pg/mL,16.629
BIO-024,Week 2,2,IL-8,pg/mL,12.536
BIO-024,Week 4,4,IL-8,pg/mL,7.754
BIO-024,Week 8,8,IL-8,pg/mL,8.975
BIO-024,Week 12,12,IL-8,pg/mL,8.309
BIO-024,Baseline,0,VEGF,pg/mL,258.807
BIO-024,Week 2,2,VEGF,pg/mL,187.815
BIO-024,Week 4,4,VEGF,pg/mL,259.185
BIO-024,Week 8,8,VEGF,pg/mL,
BIO-024,Week 12,12,VEGF,pg/mL,181.905
BIO-024,Baseline,0,Ferritin,ng/mL,143.279
BIO-024,Week 2,2,Ferritin,ng/mL,160.772
BIO-024,Week 4,4,Ferritin,ng/mL,173.537
BIO-024,Week 8,8,Ferritin,ng/mL,184.921
BIO-024,Week 12,12,Ferritin,ng/mL,120.225
BIO-024,Baseline,0,D-dimer,mg/L,0.299
BIO-024,Week 2,2,D-dimer,mg/L,0.369
BIO-024,Week 4,4,D-dimer,mg/L,0.531
BIO-024,Week 8,8,D-dimer,mg/L,0.33
BIO-024,Week 12,12,D-dimer,mg/L,
BIO-024,Baseline,0,LDH,U/L,145.773
BIO-024,Week 2,2,LDH,U/L,157.078
BIO-024,Week 4,4,LDH,U/L,165.505
BIO-024,Week 8,8,LDH,U/L,172.577
BIO-024,Week 12,12,LDH,U/L,163.514
BIO-025,Baseline,0,IL-6,pg/mL,7.664
BIO-025,Week 2,2,IL-6,pg/mL,8.524
BIO-025,Week 4,4,IL-6,pg/mL,7.485
BIO-025,Week 8,8,IL-6,pg/mL,8.67
BIO-025,Week 12,12,IL-6,pg/mL,8.154
BIO-025,Baseline,0,CRP,mg/L,1.501
BIO-025,Week 2,2,CRP,mg/L,1.956
BIO-025,Week 4,4,CRP,mg/L,1.481
BIO-025,Week 8,8,CRP,mg/L,1.387
BIO-025,Week 12,12,CRP,mg/L,2.293
BIO-025,Baseline,0,TNF-alpha,pg/mL,13.65
BIO-025,Week 2,2,TNF-alpha,pg/mL,13.648
BIO-025,Week 4,4,TNF-alpha,pg/mL,14.271
BIO-025,Week 8,8,TNF-alpha,pg/mL,15.88
BIO-025,Week 12,12,TNF-alpha,pg/mL,12.692
BIO-025,Baseline,0,IL-10,pg/mL,6.713
BIO-025,Week 2,2,IL-10,pg/mL,6.678
BIO-025,Week 4,4,IL-10,pg/mL,6.148
BIO-025,Week 8,8,IL-10,pg/mL,8.597
BIO-025,Week 12,12,IL-10,pg/mL,7.367
BIO-025,Baseline,0,IFN-gamma,pg/mL,4.047
BIO-025,Week 2,2,IFN-gamma,pg/mL,3.808
BIO-025,Week 4,4,IFN-gamma,pg/mL,2.895
BIO-025,Week 8,8,IFN-gamma,pg/mL,2.875
BIO-025,Week 12,12,IFN-gamma,pg/mL,3.123
BIO-025,Baseline,0,IL-2,pg/mL,4.495
BIO-025,Week 2,2,IL-2,pg/mL,5.317
BIO-025,Week 4,4,IL-2,pg/mL,3.989
BIO-025,Week 8,8,IL-2,pg/mL,4.663
BIO-025,Week 12,12,IL-2,pg/mL,5.924
BIO-025,Baseline,0,IL-1beta,pg/mL,2.938
BIO-025,Week 2,2,IL-1beta,pg/mL,2.819
BIO-025,Week 4,4,IL-1beta,pg/mL,2.676
BIO-025,Week 8,8,IL-1beta,pg/mL,2.558
BIO-025,Week 12,12,IL-1beta,pg/mL,2.838
BIO-025,Baseline,0,IL-8,pg/mL,11.787
BIO-025,Week 2,2,IL-8,pg/mL,12.969
BIO-025,Week 4,4,IL-8,pg/mL,10.496
BIO-025,Week 8,8,IL-8,pg/mL,13.817
BIO-025,Week 12,12,IL-8,pg/mL,12.001
BIO-025,Baseline,0,VEGF,pg/mL,277.997
BIO-025,Week 2,2,VEGF,pg/mL,338.446
BIO-025,Week 4,4,VEGF,pg/mL,269.43
BIO-025,Week 8,8,VEGF,pg/mL,273.23
BIO-025,Week 12,12,VEGF,pg/mL,280.505
BIO-025,Baseline,0,Ferritin,ng/mL,100.508
BIO-025,Week 2,2,Ferritin,ng/mL,192.937
BIO-025,Week 4,4,Ferritin,ng/mL,74.885
BIO-025,Week 8,8,Ferritin,ng/mL,73.764
BIO-025,Week 12,12,Ferritin,ng/mL,98.009
BIO-025,Baseline,0,D-dimer,mg/L,0.338
BIO-025,Week 2,2,D-dimer,mg/L,0.479
BIO-025,Week 4,4,D-dimer,mg/L,0.668
BIO-025,Week 8,8,D-dimer,mg/L,0.365
BIO-025,Week 12,12,D-dimer,mg/L,0.581
BIO-025,Baseline,0,LDH,U/L,188.657
BIO-025,Week 2,2,LDH,U/L,186.907
BIO-025,Week 4,4,LDH,U/L,165.645
BIO-025,Week 8,8,LDH,U/L,189.66
BIO-025,Week 12,12,LDH,U/L,194.632
BIO-026,Baseline,0,IL-6,pg/mL,8.268
BIO-026,Week 2,2,IL-6,pg/mL,9.523
BIO-026,Week 4,4,IL-6,pg/mL,7.6
BIO-026,Week 8,8,IL-6,pg/mL,7.232
BIO-026,Week 12,12,IL-6,pg/mL,7.245
BIO-026,Baseline,0,CRP,mg/L,16.657
BIO-026,Week 2,2,CRP,mg/L,21.231
BIO-026,Week 4,4,CRP,mg/L,5.242
BIO-026,Week 8,8,CRP,mg/L,
BIO-026,Week 12,12,CRP,mg/L,11.486
BIO-026,Baseline,0,TNF-alpha,pg/mL,13.586
BIO-026,Week 2,2,TNF-alpha,pg/mL,12.375
BIO-026,Week 4,4,TNF-alpha,pg/mL,10.618
BIO-026,Week 8,8,TNF-alpha,pg/mL,9.898
BIO-026,Week 12,12,TNF-alpha,pg/mL,14.156
BIO-026,Baseline,0,IL-10,pg/mL,7.642
BIO-026,Week 2,2,IL-10,pg/mL,4.78
BIO-026,Week 4,4,IL-10,pg/mL,6.156
BIO-026,Week 8,8,IL-10,pg/mL,6.407
BIO-026,Week 12,12,IL-10,pg/mL,6.599
BIO-026,Baseline,0,IFN-gamma,pg/mL,5.942
BIO-026,Week 2,2,IFN-gamma,pg/mL,3.245
BIO-026,Week 4,4,IFN-gamma,pg/mL,5.507
BIO-026,Week 8,8,IFN-gamma,pg/mL,3.945
BIO-026,Week 12,12,IFN-gamma,pg/mL,2.77
BIO-026,Baseline,0,IL-2,pg/mL,2.628
BIO-026,Week 2,2,IL-2,pg/mL,2.491
BIO-026,Week 4,4,IL-2,pg/mL,4.173
BIO-026,Week 8,8,IL-2,pg/mL,3.726
BIO-026,Week 12,12,IL-2,pg/mL,4.259
BIO-026,Baseline,0,IL-1beta,pg/mL,2.732
BIO-026,Week 2,2,IL-1beta,pg/mL,2.604
BIO-026,Week 4,4,IL-1beta,pg/mL,2.666
BIO-026,Week 8,8,IL-1beta,pg/mL,2.618
BIO-026,Week 12,12,IL-1beta,pg/mL,2.664
BIO-026,Baseline,0,IL-8,pg/mL,4.222
BIO-026,Week 2,2,IL-8,pg/mL,6.71
BIO-026,Week 4,4,IL-8,pg/mL,5.601
BIO-026,Week 8,8,IL-8,pg/mL,6.278
BIO-026,Week 12,12,IL-8,pg/mL,7.028
BIO-026,Baseline,0,VEGF,pg/mL,250.014
BIO-026,Week 2,2,VEGF,pg/mL,264.058
BIO-026,Week 4,4,VEGF,pg/mL,291.971
BIO-026,Week 8,8,VEGF,pg/mL,215.039
BIO-026,Week 12,12,VEGF,pg/mL,275.082
BIO-026,Baseline,0,Ferritin,ng/mL,182.407
BIO-026,Week 2,2,Ferritin,ng/mL,114.402
BIO-026,Week 4,4,Ferritin,ng/mL,108.786
BIO-026,Week 8,8,Ferritin,ng/mL,108.449
BIO-026,Week 12,12,Ferritin,ng/mL,95.003
BIO-026,Baseline,0,D-dimer,mg/L,0.185
BIO-026,Week 2,2,D-dimer,mg/L,0.385
BIO-026,Week 4,4,D-dimer,mg/L,0.335
BIO-026,Week 8,8,D-dimer,mg/L,0.558
BIO-026,Week 12,12,D-dimer,mg/L,0.538
BIO-026,Baseline,0,LDH,U/L,100.98
BIO-026,Week 2,2,LDH,U/L,123.781
BIO-026,Week 4,4,LDH,U/L,115.92
BIO-026,Week 8,8,LDH,U/L,115.016
BIO-026,Week 12,12,LDH,U/L,112.44
BIO-027,Baseline,0,IL-6,pg/mL,6.341
BIO-027,Week 2,2,IL-6,pg/mL,9.377
BIO-027,Week 8,8,IL-6,pg/mL,7.599
BIO-027,Week 12,12,IL-6,pg/mL,10.2
BIO-027,Baseline,0,CRP,mg/L,1.375
BIO-027,Week 2,2,CRP,mg/L,1.045
BIO-027,Week 8,8,CRP,mg/L,1.506
BIO-027,Week 12,12,CRP,mg/L,1.5
BIO-027,Baseline,0,TNF-alpha,pg/mL,14.317
BIO-027,Week 2,2,TNF-alpha,pg/mL,13.607
BIO-027,Week 8,8,TNF-alpha,pg/mL,10.257
BIO-027,Week 12,12,TNF-alpha,pg/mL,11.867
BIO-027,Baseline,0,IL-10,pg/mL,7.584
BIO-027,Week 2,2,IL-10,pg/mL,6.735
BIO-027,Week 8,8,IL-10,pg/mL,5.308
BIO-027,Week 12,12,IL-10,pg/mL,
BIO-027,Baseline,0,IFN-gamma,pg/mL,3.167
BIO-027,Week 2,2,IFN-gamma,pg/mL,6.601
BIO-027,Week 8,8,IFN-gamma,pg/mL,3.942
BIO-027,Week 12,12,IFN-gamma,pg/mL,4.952
BIO-027,Baseline,0,IL-2,pg/mL,5.848
BIO-027,Week 2,2,IL-2,pg/mL,5.917
BIO-027,Week 8,8,IL-2,pg/mL,6.203
BIO-027,Week 12,12,IL-2,pg/mL,5.363
BIO-027,Baseline,0,IL-1beta,pg/mL,2.709
BIO-027,Week 2,2,IL-1beta,pg/mL,3.022
BIO-027,Week 8,8,IL-1beta,pg/mL,3.038
BIO-027,Week 12,12,IL-1beta,pg/mL,2.672
BIO-027,Baseline,0,IL-8,pg/mL,11.257
BIO-027,Week 2,2,IL-8,pg/mL,11.248
BIO-027,Week 8,8,IL-8,pg/mL,
BIO-027,Week 12,12,IL-8,pg/mL,11.312
BIO-027,Baseline,0,VEGF,pg/mL,191.201
BIO-027,Week 2,2,VEGF,pg/mL,182.5
BIO-027,Week 8,8,VEGF,pg/mL,193.63
BIO-027,Week 12,12,VEGF,pg/mL,183.188
BIO-027,Baseline,0,Ferritin,ng/mL,64.118
BIO-027,Week 2,2,Ferritin,ng/mL,73.57
BIO-027,Week 8,8,Ferritin,ng/mL,67.553
BIO-027,Week 12,12,Ferritin,ng/mL,140.793
BIO-027,Baseline,0,D-dimer,mg/L,0.329
BIO-027,Week 2,2,D-dimer,mg/L,
BIO-027,Week 8,8,D-dimer,mg/L,0.511
BIO-027,Week 12,12,D-dimer,mg/L,0.41
BIO-027,Baseline,0,LDH,U/L,208.265
BIO-027,Week 2,2,LDH,U/L,168.93
BIO-027,Week 8,8,LDH,U/L,200.264
BIO-027,Week 12,12,LDH,U/L,190.66
BIO-028,Baseline,0,IL-6,pg/mL,8.506
BIO-028,Week 2,2,IL-6,pg/mL,7.107
BIO-028,Week 4,4,IL-6,pg/mL,6.188
BIO-028,Week 8,8,IL-6,pg/mL,5.992
BIO-028,Week 12,12,IL-6,pg/mL,6.252
BIO-028,Baseline,0,CRP,mg/L,1.935
BIO-028,Week 2,2,CRP,mg/L,1.039
BIO-028,Week 4,4,CRP,mg/L,1.789
BIO-028,Week 8,8,CRP,mg/L,2.981
BIO-028,Week 12,12,CRP,mg/L,1.359
BIO-028,Baseline,0,TNF-alpha,pg/mL,14.474
BIO-028,Week 2,2,TNF-alpha,pg/mL,13.797
BIO-028,Week 4,4,TNF-alpha,pg/mL,17.913
BIO-028,Week 8,8,TNF-alpha,pg/mL,15.697
BIO-028,Week 12,12,TNF-alpha,pg/mL,16.031
BIO-028,Baseline,0,IL-10,pg/mL,8.388
BIO-028,Week 2,2,IL-10,pg/mL,7.332
BIO-028,Week 4,4,IL-10,pg/mL,7.802
BIO-028,Week 8,8,IL-10,pg/mL,8.338
BIO-028,Week 12,12,IL-10,pg/mL,7.662
BIO-028,Baseline,0,IFN-gamma,pg/mL,3.242
BIO-028,Week 2,2,IFN-gamma,pg/mL,4.273
BIO-028,Week 4,4,IFN-gamma,pg/mL,1.372
BIO-028,Week 8,8,IFN-gamma,pg/mL,2.517
BIO-028,Week 12,12,IFN-gamma,pg/mL,2.377
BIO-028,Baseline,0,IL-2,pg/mL,4.216
BIO-028,Week 2,2,IL-2,pg/mL,3.816
BIO-028,Week 4,4,IL-2,pg/mL,4.927
BIO-028,Week 8,8,IL-2,pg/mL,3.242
BIO-028,Week 12,12,IL-2,pg/mL,4.641
BIO-028,Baseline,0,IL-1beta,pg/mL,2.697
BIO-028,Week 2,2,IL-1beta,pg/mL,2.247
BIO-028,Week 4,4,IL-1beta,pg/mL,2.206
BIO-028,Week 8,8,IL-1beta,pg/mL,2.661
BIO-028,Week 12,12,IL-1beta,pg/mL,
BIO-028,Baseline,0,IL-8,pg/mL,25.671
BIO-028,Week 2,2,IL-8,pg/mL,33.819
BIO-028,Week 4,4,IL-8,pg/mL,21.549
BIO-028,Week 8,8,IL-8,pg/mL,20.87
BIO-028,Week 12,12,IL-8,pg/mL,12.602
BIO-028,Baseline,0,VEGF,pg/mL,276.358
BIO-028,Week 2,2,VEGF,pg/mL,246.748
BIO-028,Week 4,4,VEGF,pg/mL,285.637
BIO-028,Week 8,8,VEGF,pg/mL,291.271
BIO-028,Week 12,12,VEGF,pg/mL,285.439
BIO-028,Baseline,0,Ferritin,ng/mL,93.252
BIO-028,Week 2,2,Ferritin,ng/mL,43.413
BIO-028,Week 4,4,Ferritin,ng/mL,88.294
BIO-028,Week 8,8,Ferritin,ng/mL,81.36
BIO-028,Week 12,12,Ferritin,ng/mL,71.194
BIO-028,Baseline,0,D-dimer,mg/L,0.293
BIO-028,Week 2,2,D-dimer,mg/L,0.204
BIO-028,Week 4,4,D-dimer,mg/L,0.278
BIO-028,Week 8,8,D-dimer,mg/L,0.267
BIO-028,Week 12,12,D-dimer,mg/L,0.25
BIO-028,Baseline,0,LDH,U/L,177.075
BIO-028,Week 2,2,LDH,U/L,205.483
BIO-028,Week 4,4,LDH,U/L,
BIO-028,Week 8,8,LDH,U/L,163.295
BIO-028,Week 12,12,LDH,U/L,198.827
BIO-029,Baseline,0,IL-6,pg/mL,5.744
BIO-029,Week 2,2,IL-6,pg/mL,6.355
BIO-029,Week 4,4,IL-6,pg/mL,5.316
BIO-029,Week 8,8,IL-6,pg/mL,5.738
BIO-029,Week 12,12,IL-6,pg/mL,5.868
BIO-029,Baseline,0,CRP,mg/L,1.36
BIO-029,Week 2,2,CRP,mg/L,3.924
BIO-029,Week 4,4,CRP,mg/L,3.51
BIO-029,Week 8,8,CRP,mg/L,2.677
BIO-029,Week 12,12,CRP,mg/L,2.292
BIO-029,Baseline,0,TNF-alpha,pg/mL,8.173
BIO-029,Week 2,2,TNF-alpha,pg/mL,9.573
BIO-029,Week 4,4,TNF-alpha,pg/mL,13.061
BIO-029,Week 8,8,TNF-alpha,pg/mL,3.125
BIO-029,Week 12,12,TNF-alpha,pg/mL,4.954
BIO-029,Baseline,0,IL-10,pg/mL,4.863
BIO-029,Week 2,2,IL-10,pg/mL,4.739
BIO-029,Week 4,4,IL-10,pg/mL,6.059
BIO-029,Week 8,8,IL-10,pg/mL,3.337
BIO-029,Week 12,12,IL-10,pg/mL,3.267
BIO-029,Baseline,0,IFN-gamma,pg/mL,2.595
BIO-029,Week 2,2,IFN-gamma,pg/mL,2.659
BIO-029,Week 4,4,IFN-gamma,pg/mL,6.886
BIO-029,Week 8,8,IFN-gamma,pg/mL,
BIO-029,Week 12,12,IFN-gamma,pg/mL,4.7
BIO-029,Baseline,0,IL-2,pg/mL,4.814
BIO-029,Week 2,2,IL-2,pg/mL,4.67
BIO-029,Week 4,4,IL-2,pg/mL,5.441
BIO-029,Week 8,8,IL-2,pg/mL,4.103
BIO-029,Week 12,12,IL-2,pg/mL,5.05
BIO-029,Baseline,0,IL-1beta,pg/mL,1.807
BIO-029,Week 2,2,IL-1beta,pg/mL,2.444
BIO-029,Week 4,4,IL-1beta,pg/mL,2.73
BIO-029,Week 8,8,IL-1beta,pg/mL,2.592
BIO-029,Week 12,12,IL-1beta,pg/mL,2.621
BIO-029,Baseline,0,IL-8,pg/mL,16.302
BIO-029,Week 2,2,IL-8,pg/mL,15.935
BIO-029,Week 4,4,IL-8,pg/mL,29.749
BIO-029,Week 8,8,IL-8,pg/mL,21.351
BIO-029,Week 12,12,IL-8,pg/mL,20.309
BIO-029,Baseline,0,VEGF,pg/mL,276.459
BIO-029,Week 2,2,VEGF,pg/mL,270.211
BIO-029,Week 4,4,VEGF,pg/mL,320.488
BIO-029,Week 8,8,VEGF,pg/mL,
BIO-029,Week 12,12,VEGF,pg/mL,212.611
BIO-029,Baseline,0,Ferritin,ng/mL,177.423
BIO-029,Week 2,2,Ferritin,ng/mL,103.803
BIO-029,Week 4,4,Ferritin,ng/mL,165.598
BIO-029,Week 8,8,Ferritin,ng/mL,239.821
BIO-029,Week 12,12,Ferritin,ng/mL,191.336
BIO-029,Baseline,0,D-dimer,mg/L,0.332
BIO-029,Week 2,2,D-dimer,mg/L,0.599
BIO-029,Week 4,4,D-dimer,mg/L,0.652
BIO-029,Week 8,8,D-dimer,mg/L,0.451
BIO-029,Week 12,12,D-dimer,mg/L,0.9
BIO-029,Baseline,0,LDH,U/L,167.202
BIO-029,Week 2,2,LDH,U/L,182.15
BIO-029,Week 4,4,LDH,U/L,177.62
BIO-029,Week 8,8,LDH,U/L,176.52
BIO-029,Week 12,12,LDH,U/L,185.736
BIO-030,Baseline,0,IL-6,pg/mL,8.893
BIO-030,Week 2,2,IL-6,pg/mL,7.769
BIO-030,Week 4,4,IL-6,pg/mL,9.368
BIO-030,Week 8,8,IL-6,pg/mL,7.174
BIO-030,Week 12,12,IL-6,pg/mL,7.061
BIO-030,Baseline,0,CRP,mg/L,1.364
BIO-030,Week 2,2,CRP,mg/L,2.452
BIO-030,Week 4,4,CRP,mg/L,1.358
BIO-030,Week 8,8,CRP,mg/L,1.08
BIO-030,Week 12,12,CRP,mg/L,2.182
BIO-030,Baseline,0,TNF-alpha,pg/mL,9.409
BIO-030,Week 2,2,TNF-alpha,pg/mL,11.089
BIO-030,Week 4,4,TNF-alpha,pg/mL,9.692
BIO-030,Week 8,8,TNF-alpha,pg/mL,12.018
BIO-030,Week 12,12,TNF-alpha,pg/mL,12.177
BIO-030,Baseline,0,IL-10,pg/mL,4.544
BIO-030,Week 2,2,IL-10,pg/mL,3.372
BIO-030,Week 4,4,IL-10,pg/mL,2.326
BIO-030,Week 8,8,IL-10,pg/mL,3.627
BIO-030,Week 12,12,IL-10,pg/mL,5.177
BIO-030,Baseline,0,IFN-gamma,pg/mL,5.554
BIO-030,Week 2,2,IFN-gamma,pg/mL,3.747
BIO-030,Week 4,4,IFN-gamma,pg/mL,6.391
BIO-030,Week 8,8,IFN-gamma,pg/mL,2.305
BIO-030,Week 12,12,IFN-gamma,pg/mL,2.852
BIO-030,Baseline,0,IL-2,pg/mL,5.676
BIO-030,Week 2,2,IL-2,pg/mL,6.107
BIO-030,Week 4,4,IL-2,pg/mL,5.975
BIO-030,Week 8,8,IL-2,pg/mL,4.72
BIO-030,Week 12,12,IL-2,pg/mL,5.822
BIO-030,Baseline,0,IL-1beta,pg/mL,3.554
BIO-030,Week 2,2,IL-1beta,pg/mL,3.299
BIO-030,Week 4,4,IL-1beta,pg/mL,3.228
BIO-030,Week 8,8,IL-1beta,pg/mL,2.797
BIO-030,Week 12,12,IL-1beta,pg/mL,3.298
BIO-030,Baseline,0,IL-8,pg/mL,11.222
BIO-030,Week 2,2,IL-8,pg/mL,12.06
BIO-030,Week 4,4,IL-8,pg/mL,8.867
BIO-030,Week 8,8,IL-8,pg/mL,11.831
BIO-030,Week 12,12,IL-8,pg/mL,13.016
BIO-030,Baseline,0,VEGF,pg/mL,224.684
BIO-030,Week 2,2,VEGF,pg/mL,208.335
BIO-030,Week 4,4,VEGF,pg/mL,282.641
BIO-030,Week 8,8,VEGF,pg/mL,261.859
BIO-030,Week 12,12,VEGF,pg/mL,254.353
BIO-030,Baseline,0,Ferritin,ng/mL,391.85
BIO-030,Week 2,2,Ferritin,ng/mL,384.146
BIO-030,Week 4,4,Ferritin,ng/mL,285.887
BIO-030,Week 8,8,Ferritin,ng/mL,146.622
BIO-030,Week 12,12,Ferritin,ng/mL,227.981
BIO-030,Baseline,0,D-dimer,mg/L,0.654
BIO-030,Week 2,2,D-dimer,mg/L,1.167
BIO-030,Week 4,4,D-dimer,mg/L,0.548
BIO-030,Week 8,8,D-dimer,mg/L,0.469
BIO-030,Week 12,12,D-dimer,mg/L,1.081
BIO-030,Baseline,0,LDH,U/L,177.492
BIO-030,Week 2,2,LDH,U/L,187.364
BIO-030,Week 4,4,LDH,U/L,192.667
BIO-030,Week 8,8,LDH,U/L,205.042
BIO-030,Week 12,12,LDH,U/L,179.585
BIO-031,Baseline,0,IL-6,pg/mL,9.182
BIO-031,Week 2,2,IL-6,pg/mL,6.896
BIO-031,Week 4,4,IL-6,pg/mL,6.824
BIO-031,Week 8,8,IL-6,pg/mL,7.348
BIO-031,Week 12,12,IL-6,pg/mL,7.538
BIO-031,Baseline,0,CRP,mg/L,2.274
BIO-031,Week 2,2,CRP,mg/L,3.512
BIO-031,Week 4,4,CRP,mg/L,1.651
BIO-031,Week 8,8,CRP,mg/L,3.342
BIO-031,Week 12,12,CRP,mg/L,2.365
BIO-031,Baseline,0,TNF-alpha,pg/mL,8.979
BIO-031,Week 2,2,TNF-alpha,pg/mL,9.767
BIO-031,Week 4,4,TNF-alpha,pg/mL,9.072
BIO-031,Week 8,8,TNF-alpha,pg/mL,9.894
BIO-031,Week 12,12,TNF-alpha,pg/mL,9.228
BIO-031,Baseline,0,IL-10,pg/mL,4.724
BIO-031,Week 2,2,IL-10,pg/mL,4.934
BIO-031,Week 4,4,IL-10,pg/mL,4.462
BIO-031,Week 8,8,IL-10,pg/mL,6.736
BIO-031,Week 12,12,IL-10,pg/mL,4.999
BIO-031,Baseline,0,IFN-gamma,pg/mL,1.856
BIO-031,Week 2,2,IFN-gamma,pg/mL,1.987
BIO-031,Week 4,4,IFN-gamma,pg/mL,2.159
BIO-031,Week 8,8,IFN-gamma,pg/mL,1.407
BIO-031,Week 12,12,IFN-gamma,pg/mL,1.271
BIO-031,Baseline,0,IL-2,pg/mL,5.064
BIO-031,Week 2,2,IL-2,pg/mL,4.636
BIO-031,Week 4,4,IL-2,pg/mL,4.794
BIO-031,Week 8,8,IL-2,pg/mL,5.34
BIO-031,Week 12,12,IL-2,pg/mL,4.653
BIO-031,Baseline,0,IL-1beta,pg/mL,2.262
BIO-031,Week 2,2,IL-1beta,pg/mL,2.158
BIO-031,Week 4,4,IL-1beta,pg/mL,2.794
BIO-031,Week 8,8,IL-1beta,pg/mL,3.01
BIO-031,Week 12,12,IL-1beta,pg/mL,2.875
BIO-031,Baseline,0,IL-8,pg/mL,9.74
BIO-031,Week 2,2,IL-8,pg/mL,8.634
BIO-031,Week 4,4,IL-8,pg/mL,13.474
BIO-031,Week 8,8,IL-8,pg/mL,11.153
BIO-031,Week 12,12,IL-8,pg/mL,10.689
BIO-031,Baseline,0,VEGF,pg/mL,278.754
BIO-031,Week 2,2,VEGF,pg/mL,290.68
BIO-031,Week 4,4,VEGF,pg/mL,236.697
BIO-031,Week 8,8,VEGF,pg/mL,281.116
BIO-031,Week 12,12,VEGF,pg/mL,319.261
BIO-031,Baseline,0,Ferritin,ng/mL,83.301
BIO-031,Week 2,2,Ferritin,ng/mL,176.335
BIO-031,Week 4,4,Ferritin,ng/mL,149.884
BIO-031,Week 8,8,Ferritin,ng/mL,84.107
BIO-031,Week 12,12,Ferritin,ng/mL,76.746
BIO-031,Baseline,0,D-dimer,mg/L,0.264
BIO-031,Week 2,2,D-dimer,mg/L,0.145
BIO-031,Week 4,4,D-dimer,mg/L,0.167
BIO-031,Week 8,8,D-dimer,mg/L,0.167
BIO-031,Week 12,12,D-dimer,mg/L,0.18
BIO-031,Baseline,0,LDH,U/L,170.785
BIO-031,Week 2,2,LDH,U/L,149.803
BIO-031,Week 4,4,LDH,U/L,166.669
BIO-031,Week 8,8,LDH,U/L,191.767
BIO-031,Week 12,12,LDH,U/L,172.993
BIO-032,Baseline,0,IL-6,pg/mL,7.333
BIO-032,Week 2,2,IL-6,pg/mL,5.632
BIO-032,Week 4,4,IL-6,pg/mL,5.84
BIO-032,Week 8,8,IL-6,pg/mL,5.234
BIO-032,Week 12,12,IL-6,pg/mL,6.565
BIO-032,Baseline,0,CRP,mg/L,2.449
BIO-032,Week 2,2,CRP,mg/L,5.302
BIO-032,Week 4,4,CRP,mg/L,9.218
BIO-032,Week 8,8,CRP,mg/L,2.111
BIO-032,Week 12,12,CRP,mg/L,3.182
BIO-032,Baseline,0,TNF-alpha,pg/mL,9.064
BIO-032,Week 2,2,TNF-alpha,pg/mL,11.476
BIO-032,Week 4,4,TNF-alpha,pg/mL,11.464
BIO-032,Week 8,8,TNF-alpha,pg/mL,9.014
BIO-032,Week 12,12,TNF-alpha,pg/mL,9.487
BIO-032,Baseline,0,IL-10,pg/mL,4.722
BIO-032,Week 2,2,IL-10,pg/mL,6.28
BIO-032,Week 4,4,IL-10,pg/mL,5.596
BIO-032,Week 8,8,IL-10,pg/mL,5.189
BIO-032,Week 12,12,IL-10,pg/mL,4.307
BIO-032,Baseline,0,IFN-gamma,pg/mL,2.153
BIO-032,Week 2,2,IFN-gamma,pg/mL,1.635
BIO-032,Week 4,4,IFN-gamma,pg/mL,1.996
BIO-032,Week 8,8,IFN-gamma,pg/mL,2.776
BIO-032,Week 12,12,IFN-gamma,pg/mL,2.08
BIO-032,Baseline,0,IL-2,pg/mL,4.53
BIO-032,Week 2,2,IL-2,pg/mL,3.563
BIO-032,Week 4,4,IL-2,pg/mL,5.614
BIO-032,Week 8,8,IL-2,pg/mL,5.117
BIO-032,Week 12,12,IL-2,pg/mL,5.87
BIO-032,Baseline,0,IL-1beta,pg/mL,2.49
BIO-032,Week 2,2,IL-1beta,pg/mL,2.336
BIO-032,Week 4,4,IL-1beta,pg/mL,2.764
BIO-032,Week 8,8,IL-1beta,pg/mL,2.618
BIO-032,Week 12,12,IL-1beta,pg/mL,2.311
BIO-032,Baseline,0,IL-8,pg/mL,23.247
BIO-032,Week 2,2,IL-8,pg/mL,30.643
BIO-032,Week 4,4,IL-8,pg/mL,30.589
BIO-032,Week 8,8,IL-8,pg/mL,25.483
BIO-032,Week 12,12,IL-8,pg/mL,48.883
BIO-032,Baseline,0,VEGF,pg/mL,309.001
BIO-032,Week 2,2,VEGF,pg/mL,250.302
BIO-032,Week 4,4,VEGF,pg/mL,235.809
BIO-032,Week 8,8,VEGF,pg/mL,312.86
BIO-032,Week 12,12,VEGF,pg/mL,279.376
BIO-032,Baseline,0,Ferritin,ng/mL,97.216
BIO-032,Week 2,2,Ferritin,ng/mL,135.251
BIO-032,Week 4,4,Ferritin,ng/mL,140.744
BIO-032,Week 8,8,Ferritin,ng/mL,178.888
BIO-032,Week 12,12,Ferritin,ng/mL,269.554
BIO-032,Baseline,0,D-dimer,mg/L,0.446
BIO-032,Week 2,2,D-dimer,mg/L,0.667
BIO-032,Week 4,4,D-dimer,mg/L,0.771
BIO-032,Week 8,8,D-dimer,mg/L,0.475
BIO-032,Week 12,12,D-dimer,mg/L,0.908
BIO-032,Baseline,0,LDH,U/L,220.332
BIO-032,Week 2,2,LDH,U/L,207.982
BIO-032,Week 4,4,LDH,U/L,203.093
BIO-032,Week 8,8,LDH,U/L,196.074
BIO-032,Week 12,12,LDH,U/L,223.736
BIO-033,Baseline,0,IL-6,pg/mL,8.772
BIO-033,Week 2,2,IL-6,pg/mL,7.535
BIO-033,Week 4,4,IL-6,pg/mL,9.236
BIO-033,Week 8,8,IL-6,pg/mL,7.333
BIO-033,Week 12,12,IL-6,pg/mL,9.244
BIO-033,Baseline,0,CRP,mg/L,4.183
BIO-033,Week 2,2,CRP,mg/L,1.573
BIO-033,Week 4,4,CRP,mg/L,1.066
BIO-033,Week 8,8,CRP,mg/L,1.654
BIO-033,Week 12,12,CRP,mg/L,1.99
BIO-033,Baseline,0,TNF-alpha,pg/mL,11.772
BIO-033,Week 2,2,TNF-alpha,pg/mL,16.117
BIO-033,Week 4,4,TNF-alpha,pg/mL,12.521
BIO-033,Week 8,8,TNF-alpha,pg/mL,11.06
BIO-033,Week 12,12,TNF-alpha,pg/mL,12.552
BIO-033,Baseline,0,IL-10,pg/mL,4.73
BIO-033,Week 2,2,IL-10,pg/mL,6.816
BIO-033,Week 4,4,IL-10,pg/mL,6.248
BIO-033,Week 8,8,IL-10,pg/mL,5.718
BIO-033,Week 12,12,IL-10,pg/mL,6.279
BIO-033,Baseline,0,IFN-gamma,pg/mL,4.578
BIO-033,Week 2,2,IFN-gamma,pg/mL,3.54
BIO-033,Week 4,4,IFN-gamma,pg/mL,4.174
BIO-033,Week 8,8,IFN-gamma,pg/mL,3.465
BIO-033,Week 12,12,IFN-gamma,pg/mL,4.266
BIO-033,Baseline,0,IL-2,pg/mL,5.018
BIO-033,Week 2,2,IL-2,pg/mL,3.756
BIO-033,Week 4,4,IL-2,pg/mL,4.523
BIO-033,Week 8,8,IL-2,pg/mL,4.058
BIO-033,Week 12,12,IL-2,pg/mL,3.159
BIO-033,Baseline,0,IL-1beta,pg/mL,2.457
BIO-033,Week 2,2,IL-1beta,pg/mL,2.027
BIO-033,Week 4,4,IL-1beta,pg/mL,1.989
BIO-033,Week 8,8,IL-1beta,pg/mL,2.615
BIO-033,Week 12,12,IL-1beta,pg/mL,2.283
BIO-033,Baseline,0,IL-8,pg/mL,27.383
BIO-033,Week 2,2,IL-8,pg/mL,17.481
BIO-033,Week 4,4,IL-8,pg/mL,17.694
BIO-033,Week 8,8,IL-8,pg/mL,32.603
BIO-033,Week 12,12,IL-8,pg/mL,32.861
BIO-033,Baseline,0,VEGF,pg/mL,265.412
BIO-033,Week 2,2,VEGF,pg/mL,389.154
BIO-033,Week 4,4,VEGF,pg/mL,265.962
BIO-033,Week 8,8,VEGF,pg/mL,292.31
BIO-033,Week 12,12,VEGF,pg/mL,303.712
BIO-033,Baseline,0,Ferritin,ng/mL,97.737
BIO-033,Week 2,2,Ferritin,ng/mL,197.807
BIO-033,Week 4,4,Ferritin,ng/mL,126.608
BIO-033,Week 8,8,Ferritin,ng/mL,100.519
BIO-033,Week 12,12,Ferritin,ng/mL,131.487
BIO-033,Baseline,0,D-dimer,mg/L,0.371
BIO-033,Week 2,2,D-dimer,mg/L,0.343
BIO-033,Week 4,4,D-dimer,mg/L,0.235
BIO-033,Week 8,8,D-dimer,mg/L,0.435
BIO-033,Week 12,12,D-dimer,mg/L,0.405
BIO-033,Baseline,0,LDH,U/L,218.541
BIO-033,Week 2,2,LDH,U/L,237.985
BIO-033,Week 4,4,LDH,U/L,219.655
BIO-033,Week 8,8,LDH,U/L,222.875
BIO-033,Week 12,12,LDH,U/L,225.034
BIO-034,Baseline,0,IL-6,pg/mL,8.145
BIO-034,Week 2,2,IL-6,pg/mL,6.271
BIO-034,Week 4,4,IL-6,pg/mL,6.981
BIO-034,Week 8,8,IL-6,pg/mL,7.674
BIO-034,Week 12,12,IL-6,pg/mL,8.412
BIO-034,Baseline,0,CRP,mg/L,2.11
BIO-034,Week 2,2,CRP,mg/L,2.836
BIO-034,Week 4,4,CRP,mg/L,2.58
BIO-034,Week 8,8,CRP,mg/L,1.91
BIO-034,Week 12,12,CRP,mg/L,2.578
BIO-034,Baseline,0,TNF-alpha,pg/mL,13.656
BIO-034,Week 2,2,TNF-alpha,pg/mL,14.388
BIO-034,Week 4,4,TNF-alpha,pg/mL,12.278
BIO-034,Week 8,8,TNF-alpha,pg/mL,14.338
BIO-034,Week 12,12,TNF-alpha,pg/mL,16.459
BIO-034,Baseline,0,IL-10,pg/mL,6.722
BIO-034,Week 2,2,IL-10,pg/mL,6.006
BIO-034,Week 4,4,IL-10,pg/mL,6.557
BIO-034,Week 8,8,IL-10,pg/mL,8.225
BIO-034,Week 12,12,IL-10,pg/mL,8.561
BIO-034,Baseline,0,IFN-gamma,pg/mL,5.029
BIO-034,Week 2,2,IFN-gamma,pg/mL,5.232
BIO-034,Week 4,4,IFN-gamma,pg/mL,3.183
BIO-034,Week 8,8,IFN-gamma,pg/mL,7.452
BIO-034,Week 12,12,IFN-gamma,pg/mL,4.428
BIO-034,Baseline,0,IL-2,pg/mL,4.106
BIO-034,Week 2,2,IL-2,pg/mL,3.648
BIO-034,Week 4,4,IL-2,pg/mL,4.346
BIO-034,Week 8,8,IL-2,pg/mL,4.3
BIO-034,Week 12,12,IL-2,pg/mL,4.284
BIO-034,Baseline,0,IL-1beta,pg/mL,2.541
BIO-034,Week 2,2,IL-1beta,pg/mL,2.145
BIO-034,Week 4,4,IL-1beta,pg/mL,2.167
BIO-034,Week 8,8,IL-1beta,pg/mL,2.428
BIO-034,Week 12,12,IL-1beta,pg/mL,2.72
BIO-034,Baseline,0,IL-8,pg/mL,24.207
BIO-034,Week 2,2,IL-8,pg/mL,18.279
BIO-034,Week 4,4,IL-8,pg/mL,44.721
BIO-034,Week 8,8,IL-8,pg/mL,32.516
BIO-034,Week 12,12,IL-8,pg/mL,30.469
BIO-034,Baseline,0,VEGF,pg/mL,207.432
BIO-034,Week 2,2,VEGF,pg/mL,250.331
BIO-034,Week 4,4,VEGF,pg/mL,181.925
BIO-034,Week 8,8,VEGF,pg/mL,211.268
BIO-034,Week 12,12,VEGF,pg/mL,205.873
BIO-034,Baseline,0,Ferritin,ng/mL,122.982
BIO-034,Week 2,2,Ferritin,ng/mL,102.22
BIO-034,Week 4,4,Ferritin,ng/mL,233.043
BIO-034,Week 8,8,Ferritin,ng/mL,92.202
BIO-034,Week 12,12,Ferritin,ng/mL,141.555
BIO-034,Baseline,0,D-dimer,mg/L,0.398
BIO-034,Week 2,2,D-dimer,mg/L,0.615
BIO-034,Week 4,4,D-dimer,mg/L,0.509
BIO-034,Week 8,8,D-dimer,mg/L,0.72
BIO-034,Week 12,12,D-dimer,mg/L,0.429
BIO-034,Baseline,0,LDH,U/L,161.593
BIO-034,Week 2,2,LDH,U/L,165.139
BIO-034,Week 4,4,LDH,U/L,165.27
BIO-034,Week 8,8,LDH,U/L,175.502
BIO-034,Week 12,12,LDH,U/L,188.055
BIO-035,Baseline,0,IL-6,pg/mL,6.347
BIO-035,Week 2,2,IL-6,pg/mL,
BIO-035,Week 4,4,IL-6,pg/mL,6.201
BIO-035,Week 8,8,IL-6,pg/mL,5.575
BIO-035,Week 12,12,IL-6,pg/mL,6.582
BIO-035,Baseline,0,CRP,mg/L,6.556
BIO-035,Week 2,2,CRP,mg/L,2.982
BIO-035,Week 4,4,CRP,mg/L,2.403
BIO-035,Week 8,8,CRP,mg/L,4.792
BIO-035,Week 12,12,CRP,mg/L,5.515
BIO-035,Baseline,0,TNF-alpha,pg/mL,16.052
BIO-035,Week 2,2,TNF-alpha,pg/mL,8.712
BIO-035,Week 4,4,TNF-alpha,pg/mL,12.805
BIO-035,Week 8,8,TNF-alpha,pg/mL,9.381
BIO-035,Week 12,12,TNF-alpha,pg/mL,9.219
BIO-035,Baseline,0,IL-10,pg/mL,7.047
BIO-035,Week 2,2,IL-10,pg/mL,5.558
BIO-035,Week 4,4,IL-10,pg/mL,5.753
BIO-035,Week 8,8,IL-10,pg/mL,5.234
BIO-035,Week 12,12,IL-10,pg/mL,4.621
BIO-035,Baseline,0,IFN-gamma,pg/mL,4.373
BIO-035,Week 2,2,IFN-gamma,pg/mL,4.975
BIO-035,Week 4,4,IFN-gamma,pg/mL,2.442
BIO-035,Week 8,8,IFN-gamma,pg/mL,3.713
BIO-035,Week 12,12,IFN-gamma,pg/mL,2.838
BIO-035,Baseline,0,IL-2,pg/mL,5.074
BIO-035,Week 2,2,IL-2,pg/mL,5.985
BIO-035,Week 4,4,IL-2,pg/mL,5.671
BIO-035,Week 8,8,IL-2,pg/mL,5.024
BIO-035,Week 12,12,IL-2,pg/mL,4.949
BIO-035,Baseline,0,IL-1beta,pg/mL,2.679
BIO-035,Week 2,2,IL-1beta,pg/mL,
BIO-035,Week 4,4,IL-1beta,pg/mL,3.301
BIO-035,Week 8,8,IL-1beta,pg/mL,2.663
BIO-035,Week 12,12,IL-1beta,pg/mL,2.774
BIO-035,Baseline,0,IL-8,pg/mL,10.287
BIO-035,Week 2,2,IL-8,pg/mL,12.589
BIO-035,Week 4,4,IL-8,pg/mL,16.493
BIO-035,Week 8,8,IL-8,pg/mL,11.408
BIO-035,Week 12,12,IL-8,pg/mL,9.548
BIO-035,Baseline,0,VEGF,pg/mL,222.695
BIO-035,Week 2,2,VEGF,pg/mL,308.465
BIO-035,Week 4,4,VEGF,pg/mL,232.475
BIO-035,Week 8,8,VEGF,pg/mL,199.983
BIO-035,Week 12,12,VEGF,pg/mL,242.854
BIO-035,Baseline,0,Ferritin,ng/mL,98.071
BIO-035,Week 2,2,Ferritin,ng/mL,126.833
BIO-035,Week 4,4,Ferritin,ng/mL,75.352
BIO-035,Week 8,8,Ferritin,ng/mL,56.444
BIO-035,Week 12,12,Ferritin,ng/mL,86.857
BIO-035,Baseline,0,D-dimer,mg/L,0.405
BIO-035,Week 2,2,D-dimer,mg/L,0.411
BIO-035,Week 4,4,D-dimer,mg/L,
BIO-035,Week 8,8,D-dimer,mg/L,0.623
BIO-035,Week 12,12,D-dimer,mg/L,0.57
BIO-035,Baseline,0,LDH,U/L,172.632
BIO-035,Week 2,2,LDH,U/L,183.523
BIO-035,Week 4,4,LDH,U/L,174.82
BIO-035,Week 8,8,LDH,U/L,197.473
BIO-035,Week 12,12,LDH,U/L,196.682
BIO-036,Baseline,0,IL-6,pg/mL,7.62
BIO-036,Week 2,2,IL-6,pg/mL,7.609
BIO-036,Week 4,4,IL-6,pg/mL,5.2
BIO-036,Week 8,8,IL-6,pg/mL,5.756
BIO-036,Week 12,12,IL-6,pg/mL,7.871
BIO-036,Baseline,0,CRP,mg/L,2.576
BIO-036,Week 2,2,CRP,mg/L,3.889
BIO-036,Week 4,4,CRP,mg/L,2.55
BIO-036,Week 8,8,CRP,mg/L,3.333
BIO-036,Week 12,12,CRP,mg/L,2.499
BIO-036,Baseline,0,TNF-alpha,pg/mL,14.735
BIO-036,Week 2,2,TNF-alpha,pg/mL,14.307
BIO-036,Week 4,4,TNF-alpha,pg/mL,14.808
BIO-036,Week 8,8,TNF-alpha,pg/mL,14.116
BIO-036,Week 12,12,TNF-alpha,pg/mL,13.405
BIO-036,Baseline,0,IL-10,pg/mL,6.256
BIO-036,Week 2,2,IL-10,pg/mL,5.821
BIO-036,Week 4,4,IL-10,pg/mL,7.436
BIO-036,Week 8,8,IL-10,pg/mL,6.566
BIO-036,Week 12,12,IL-10,pg/mL,8.131
BIO-036,Baseline,0,IFN-gamma,pg/mL,8.54
BIO-036,Week 2,2,IFN-gamma,pg/mL,7.89
BIO-036,Week 4,4,IFN-gamma,pg/mL,5.613
BIO-036,Week 8,8,IFN-gamma,pg/mL,10.678
BIO-036,Week 12,12,IFN-gamma,pg/mL,9.237
BIO-036,Baseline,0,IL-2,pg/mL,3.328
BIO-036,Week 2,2,IL-2,pg/mL,5.092
BIO-036,Week 4,4,IL-2,pg/mL,3.811
BIO-036,Week 8,8,IL-2,pg/mL,4.527
BIO-036,Week 12,12,IL-2,pg/mL,4.584
BIO-036,Baseline,0,IL-1beta,pg/mL,3.426
BIO-036,Week 2,2,IL-1beta,pg/mL,3.291
BIO-036,Week 4,4,IL-1beta,pg/mL,2.648
BIO-036,Week 8,8,IL-1beta,pg/mL,3.241
BIO-036,Week 12,12,IL-1beta,pg/mL,2.665
BIO-036,Baseline,0,IL-8,pg/mL,12.242
BIO-036,Week 2,2,IL-8,pg/mL,17.475
BIO-036,Week 4,4,IL-8,pg/mL,11.399
BIO-036,Week 8,8,IL-8,pg/mL,10.348
BIO-036,Week 12,12,IL-8,pg/mL,10.569
BIO-036,Baseline,0,VEGF,pg/mL,275.131
BIO-036,Week 2,2,VEGF,pg/mL,301.632
BIO-036,Week 4,4,VEGF,pg/mL,318.077
BIO-036,Week 8,8,VEGF,pg/mL,341.015
BIO-036,Week 12,12,VEGF,pg/mL,274.508
BIO-036,Baseline,0,Ferritin,ng/mL,149.021
BIO-036,Week 2,2,Ferritin,ng/mL,128.851
BIO-036,Week 4,4,Ferritin,ng/mL,108.354
BIO-036,Week 8,8,Ferritin,ng/mL,85.981
BIO-036,Week 12,12,Ferritin,ng/mL,70.899
BIO-036,Baseline,0,D-dimer,mg/L,0.405
BIO-036,Week 2,2,D-dimer,mg/L,0.425
BIO-036,Week 4,4,D-dimer,mg/L,0.523
BIO-036,Week 8,8,D-dimer,mg/L,0.275
BIO-036,Week 12,12,D-dimer,mg/L,0.526
BIO-036,Baseline,0,LDH,U/L,181.176
BIO-036,Week 2,2,LDH,U/L,173.583
BIO-036,Week 4,4,LDH,U/L,171.719
BIO-036,Week 8,8,LDH,U/L,167.298
BIO-036,Week 12,12,LDH,U/L,160.263
BIO-037,Baseline,0,IL-6,pg/mL,7.261
BIO-037,Week 2,2,IL-6,pg/mL,7.671
BIO-037,Week 4,4,IL-6,pg/mL,8.726
BIO-037,Week 8,8,IL-6,pg/mL,6.631
BIO-037,Week 12,12,IL-6,pg/mL,6.84
BIO-037,Baseline,0,CRP,mg/L,3.604
BIO-037,Week 2,2,CRP,mg/L,3.567
BIO-037,Week 4,4,CRP,mg/L,2.558
BIO-037,Week 8,8,CRP,mg/L,2.092
BIO-037,Week 12,12,CRP,mg/L,1.36
BIO-037,Baseline,0,TNF-alpha,pg/mL,12.318
BIO-037,Week 2,2,TNF-alpha,pg/mL,14.505
BIO-037,Week 4,4,TNF-alpha,pg/mL,10.023
BIO-037,Week 8,8,TNF-alpha,pg/mL,12.636
BIO-037,Week 12,12,TNF-alpha,pg/mL,13.302
BIO-037,Baseline,0,IL-10,pg/mL,8.163
BIO-037,Week 2,2,IL-10,pg/mL,6.86
BIO-037,Week 4,4,IL-10,pg/mL,
BIO-037,Week 8,8,IL-10,pg/mL,7.986
BIO-037,Week 12,12,IL-10,pg/mL,7.294
BIO-037,Baseline,0,IFN-gamma,pg/mL,3.219
BIO-037,Week 2,2,IFN-gamma,pg/mL,3.344
BIO-037,Week 4,4,IFN-gamma,pg/mL,1.653
BIO-037,Week 8,8,IFN-gamma,pg/mL,3.419
BIO-037,Week 12,12,IFN-gamma,pg/mL,2.124
BIO-037,Baseline,0,IL-2,pg/mL,5.525
BIO-037,Week 2,2,IL-2,pg/mL,5.459
BIO-037,Week 4,4,IL-2,pg/mL,5.515
BIO-037,Week 8,8,IL-2,pg/mL,5.148
BIO-037,Week 12,12,IL-2,pg/mL,4.708
BIO-037,Baseline,0,IL-1beta,pg/mL,3.147
BIO-037,Week 2,2,IL-1beta,pg/mL,2.932
BIO-037,Week 4,4,IL-1beta,pg/mL,3.346
BIO-037,Week 8,8,IL-1beta,pg/mL,2.863
BIO-037,Week 12,12,IL-1beta,pg/mL,3.123
BIO-037,Baseline,0,IL-8,pg/mL,12.086
BIO-037,Week 2,2,IL-8,pg/mL,14.37
BIO-037,Week 4,4,IL-8,pg/mL,11.937
BIO-037,Week 8,8,IL-8,pg/mL,23.061
BIO-037,Week 12,12,IL-8,pg/mL,13.487
BIO-037,Baseline,0,VEGF,pg/mL,235.27
BIO-037,Week 2,2,VEGF,pg/mL,202.357
BIO-037,Week 4,4,VEGF,pg/mL,256.482
BIO-037,Week 8,8,VEGF,pg/mL,238.963
BIO-037,Week 12,12,VEGF,pg/mL,316.555
BIO-037,Baseline,0,Ferritin,ng/mL,101.587
BIO-037,Week 2,2,Ferritin,ng/mL,262.816
BIO-037,Week 4,4,Ferritin,ng/mL,227.722
BIO-037,Week 8,8,Ferritin,ng/mL,53.873
BIO-037,Week 12,12,Ferritin,ng/mL,159.497
BIO-037,Baseline,0,D-dimer,mg/L,0.324
BIO-037,Week 2,2,D-dimer,mg/L,0.245
BIO-037,Week 4,4,D-dimer,mg/L,0.487
BIO-037,Week 8,8,D-dimer,mg/L,0.327
BIO-037,Week 12,12,D-dimer,mg/L,0.379
BIO-037,Baseline,0,LDH,U/L,192.102
BIO-037,Week 2,2,LDH,U/L,160.663
BIO-037,Week 4,4,LDH,U/L,174.729
BIO-037,Week 8,8,LDH,U/L,182.374
BIO-037,Week 12,12,LDH,U/L,217.57
BIO-038,Baseline,0,IL-6,pg/mL,10.515
BIO-038,Week 2,2,IL-6,pg/mL,7.789
BIO-038,Week 4,4,IL-6,pg/mL,8.496
BIO-038,Week 8,8,IL-6,pg/mL,8.273
BIO-038,Week 12,12,IL-6,pg/mL,7.627
BIO-038,Baseline,0,CRP,mg/L,1.813
BIO-038,Week 2,2,CRP,mg/L,2.846
BIO-038,Week 4,4,CRP,mg/L,1.912
BIO-038,Week 8,8,CRP,mg/L,5.253
BIO-038,Week 12,12,CRP,mg/L,2.347
BIO-038,Baseline,0,TNF-alpha,pg/mL,13.851
BIO-038,Week 2,2,TNF-alpha,pg/mL,12.02
BIO-038,Week 4,4,TNF-alpha,pg/mL,11.882
BIO-038,Week 8,8,TNF-alpha,pg/mL,12.059
BIO-038,Week 12,12,TNF-alpha,pg/mL,12.539
BIO-038,Baseline,0,IL-10,pg/mL,7.754
BIO-038,Week 2,2,IL-10,pg/mL,6.901
BIO-038,Week 4,4,IL-10,pg/mL,6.387
BIO-038,Week 8,8,IL-10,pg/mL,6.069
BIO-038,Week 12,12,IL-10,pg/mL,7.166
BIO-038,Baseline,0,IFN-gamma,pg/mL,2.534
BIO-038,Week 2,2,IFN-gamma,pg/mL,2.359
BIO-038,Week 4,4,IFN-gamma,pg/mL,3.675
BIO-038,Week 8,8,IFN-gamma,pg/mL,2.819
BIO-038,Week 12,12,IFN-gamma,pg/mL,2.406
BIO-038,Baseline,0,IL-2,pg/mL,3.312
BIO-038,Week 2,2,IL-2,pg/mL,4.553
BIO-038,Week 4,4,IL-2,pg/mL,4.903
BIO-038,Week 8,8,IL-2,pg/mL,4.014
BIO-038,Week 12,12,IL-2,pg/mL,3.054
BIO-038,Baseline,0,IL-1beta,pg/mL,2.776
BIO-038,Week 2,2,IL-1beta,pg/mL,2.669
BIO-038,Week 4,4,IL-1beta,pg/mL,2.887
BIO-038,Week 8,8,IL-1beta,pg/mL,3.19
BIO-038,Week 12,12,IL-1beta,pg/mL,3.141
BIO-038,Baseline,0,IL-8,pg/mL,33.327
BIO-038,Week 2,2,IL-8,pg/mL,22.62
BIO-038,Week 4,4,IL-8,pg/mL,32.864
BIO-038,Week 8,8,IL-8,pg/mL,20.485
BIO-038,Week 12,12,IL-8,pg/mL,31.463
BIO-038,Baseline,0,VEGF,pg/mL,207.066
BIO-038,Week 2,2,VEGF,pg/mL,172.272
BIO-038,Week 4,4,VEGF,pg/mL,236.728
BIO-038,Week 8,8,VEGF,pg/mL,167.541
BIO-038,Week 12,12,VEGF,pg/mL,177.613
BIO-038,Baseline,0,Ferritin,ng/mL,241.239
BIO-038,Week 2,2,Ferritin,ng/mL,150.862
BIO-038,Week 4,4,Ferritin,ng/mL,106.14
BIO-038,Week 8,8,Ferritin,ng/mL,176.524
BIO-038,Week 12,12,Ferritin,ng/mL,121.443
BIO-038,Baseline,0,D-dimer,mg/L,0.74
BIO-038,Week 2,2,D-dimer,mg/L,0.569
BIO-038,Week 4,4,D-dimer,mg/L,0.607
BIO-038,Week 8,8,D-dimer,mg/L,0.398
BIO-038,Week 12,12,D-dimer,mg/L,0.485
BIO-038,Baseline,0,LDH,U/L,174.884
BIO-038,Week 2,2,LDH,U/L,172.009
BIO-038,Week 4,4,LDH,U/L,181.805
BIO-038,Week 8,8,LDH,U/L,184.982
BIO-038,Week 12,12,LDH,U/L,190.782
BIO-039,Baseline,0,IL-6,pg/mL,7.674
BIO-039,Week 2,2,IL-6,pg/mL,5.063
BIO-039,Week 4,4,IL-6,pg/mL,6.254
BIO-039,Week 8,8,IL-6,pg/mL,8.176
BIO-039,Week 12,12,IL-6,pg/mL,10.459
BIO-039,Baseline,0,CRP,mg/L,3.318
BIO-039,Week 2,2,CRP,mg/L,3.068
BIO-039,Week 4,4,CRP,mg/L,2.517
BIO-039,Week 8,8,CRP,mg/L,6.393
BIO-039,Week 12,12,CRP,mg/L,2.525
BIO-039,Baseline,0,TNF-alpha,pg/mL,12.558
BIO-039,Week 2,2,TNF-alpha,pg/mL,12.366
BIO-039,Week 4,4,TNF-alpha,pg/mL,10.894
BIO-039,Week 8,8,TNF-alpha,pg/mL,12.039
BIO-039,Week 12,12,TNF-alpha,pg/mL,10.659
BIO-039,Baseline,0,IL-10,pg/mL,7.722
BIO-039,Week 2,2,IL-10,pg/mL,6.865
BIO-039,Week 4,4,IL-10,pg/mL,7.224
BIO-039,Week 8,8,IL-10,pg/mL,6.613
BIO-039,Week 12,12,IL-10,pg/mL,6.332
BIO-039,Baseline,0,IFN-gamma,pg/mL,7.811
BIO-039,Week 2,2,IFN-gamma,pg/mL,3.945
BIO-039,Week 4,4,IFN-gamma,pg/mL,5.256
BIO-039,Week 8,8,IFN-gamma,pg/mL,
BIO-039,Week 12,12,IFN-gamma,pg/mL,6.955
BIO-039,Baseline,0,IL-2,pg/mL,4.786
BIO-039,Week 2,2,IL-2,pg/mL,5.137
BIO-039,Week 4,4,IL-2,pg/mL,3.433
BIO-039,Week 8,8,IL-2,pg/mL,4.799
BIO-039,Week 12,12,IL-2,pg/mL,4.598
BIO-039,Baseline,0,IL-1beta,pg/mL,3.053
BIO-039,Week 2,2,IL-1beta,pg/mL,3.019
BIO-039,Week 4,4,IL-1beta,pg/mL,3.214
BIO-039,Week 8,8,IL-1beta,pg/mL,2.257
BIO-039,Week 12,12,IL-1beta,pg/mL,2.793
BIO-039,Baseline,0,IL-8,pg/mL,21.814
BIO-039,Week 2,2,IL-8,pg/mL,21.878
BIO-039,Week 4,4,IL-8,pg/mL,19.127
BIO-039,Week 8,8,IL-8,pg/mL,14.988
BIO-039,Week 12,12,IL-8,pg/mL,18.647
BIO-039,Baseline,0,VEGF,pg/mL,270.006
BIO-039,Week 2,2,VEGF,pg/mL,208.45
BIO-039,Week 4,4,VEGF,pg/mL,279.772
BIO-039,Week 8,8,VEGF,pg/mL,233.829
BIO-039,Week 12,12,VEGF,pg/mL,159.484
BIO-039,Baseline,0,Ferritin,ng/mL,104.792
BIO-039,Week 2,2,Ferritin,ng/mL,71.19
BIO-039,Week 4,4,Ferritin,ng/mL,74.587
BIO-039,Week 8,8,Ferritin,ng/mL,56.026
BIO-039,Week 12,12,Ferritin,ng/mL,67.028
BIO-039,Baseline,0,D-dimer,mg/L,0.341
BIO-039,Week 2,2,D-dimer,mg/L,0.233
BIO-039,Week 4,4,D-dimer,mg/L,0.34
BIO-039,Week 8,8,D-dimer,mg/L,0.226
BIO-039,Week 12,12,D-dimer,mg/L,0.338
BIO-039,Baseline,0,LDH,U/L,178.237
BIO-039,Week 2,2,LDH,U/L,186.888
BIO-039,Week 4,4,LDH,U/L,183.947
BIO-039,Week 8,8,LDH,U/L,130.342
BIO-039,Week 12,12,LDH,U/L,158.984
BIO-040,Baseline,0,IL-6,pg/mL,6.239
BIO-040,Week 2,2,IL-6,pg/mL,6.075
BIO-040,Week 4,4,IL-6,pg/mL,4.375
BIO-040,Week 8,8,IL-6,pg/mL,5.938
BIO-040,Baseline,0,CRP,mg/L,1.305
BIO-040,Week 2,2,CRP,mg/L,2.247
BIO-040,Week 4,4,CRP,mg/L,2.661
BIO-040,Week 8,8,CRP,mg/L,1.871
BIO-040,Baseline,0,TNF-alpha,pg/mL,8.242
BIO-040,Week 2,2,TNF-alpha,pg/mL,11.019
BIO-040,Week 4,4,TNF-alpha,pg/mL,7.197
BIO-040,Week 8,8,TNF-alpha,pg/mL,6.979
BIO-040,Baseline,0,IL-10,pg/mL,4.758
BIO-040,Week 2,2,IL-10,pg/mL,
BIO-040,Week 4,4,IL-10,pg/mL,4.102
BIO-040,Week 8,8,IL-10,pg/mL,4.16
BIO-040,Baseline,0,IFN-gamma,pg/mL,9.108
BIO-040,Week 2,2,IFN-gamma,pg/mL,9.525
BIO-040,Week 4,4,IFN-gamma,pg/mL,8
BIO-040,Week 8,8,IFN-gamma,pg/mL,7.928
BIO-040,Baseline,0,IL-2,pg/mL,5.789
BIO-040,Week 2,2,IL-2,pg/mL,5.348
BIO-040,Week 4,4,IL-2,pg/mL,5.144
BIO-040,Week 8,8,IL-2,pg/mL,6.597
BIO-040,Baseline,0,IL-1beta,pg/mL,2.696
BIO-040,Week 2,2,IL-1beta,pg/mL,2.543
BIO-040,Week 4,4,IL-1beta,pg/mL,2.878
BIO-040,Week 8,8,IL-1beta,pg/mL,2.691
BIO-040,Baseline,0,IL-8,pg/mL,12.707
BIO-040,Week 2,2,IL-8,pg/mL,12.425
BIO-040,Week 4,4,IL-8,pg/mL,7.114
BIO-040,Week 8,8,IL-8,pg/mL,15.143
BIO-040,Baseline,0,VEGF,pg/mL,346.739
BIO-040,Week 2,2,VEGF,pg/mL,342.025
BIO-040,Week 4,4,VEGF,pg/mL,254.254
BIO-040,Week 8,8,VEGF,pg/mL,246.187
BIO-040,Baseline,0,Ferritin,ng/mL,125.52
BIO-040,Week 2,2,Ferritin,ng/mL,96.177
BIO-040,Week 4,4,Ferritin,ng/mL,172.827
BIO-040,Week 8,8,Ferritin,ng/mL,183.836
BIO-040,Baseline,0,D-dimer,mg/L,0.386
BIO-040,Week 2,2,D-dimer,mg/L,0.46
BIO-040,Week 4,4,D-dimer,mg/L,0.51
BIO-040,Week 8,8,D-dimer,mg/L,0.687
BIO-040,Baseline,0,LDH,U/L,196.931
BIO-040,Week 2,2,LDH,U/L,204.663
BIO-040,Week 4,4,LDH,U/L,189.977
BIO-040,Week 8,8,LDH,U/L,200.218
BIO-041,Baseline,0,IL-6,pg/mL,5.774
BIO-041,Week 2,2,IL-6,pg/mL,5.817
BIO-041,Week 4,4,IL-6,pg/mL,6.784
BIO-041,Week 8,8,IL-6,pg/mL,4.093
BIO-041,Week 12,12,IL-6,pg/mL,5.756
BIO-041,Baseline,0,CRP,mg/L,7.056
BIO-041,Week 2,2,CRP,mg/L,4.214
BIO-041,Week 4,4,CRP,mg/L,3.028
BIO-041,Week 8,8,CRP,mg/L,5.297
BIO-041,Week 12,12,CRP,mg/L,
BIO-041,Baseline,0,TNF-alpha,pg/mL,12.903
BIO-041,Week 2,2,TNF-alpha,pg/mL,13.053
BIO-041,Week 4,4,TNF-alpha,pg/mL,12.857
BIO-041,Week 8,8,TNF-alpha,pg/mL,14.708
BIO-041,Week 12,12,TNF-alpha,pg/mL,13.663
BIO-041,Baseline,0,IL-10,pg/mL,7.207
BIO-041,Week 2,2,IL-10,pg/mL,6.748
BIO-041,Week 4,4,IL-10,pg/mL,6.554
BIO-041,Week 8,8,IL-10,pg/mL,6.378
BIO-041,Week 12,12,IL-10,pg/mL,6.388
BIO-041,Baseline,0,IFN-gamma,pg/mL,1.541
BIO-041,Week 2,2,IFN-gamma,pg/mL,2.71
BIO-041,Week 4,4,IFN-gamma,pg/mL,2.329
BIO-041,Week 8,8,IFN-gamma,pg/mL,2.041
BIO-041,Week 12,12,IFN-gamma,pg/mL,4.293
BIO-041,Baseline,0,IL-2,pg/mL,5.401
BIO-041,Week 2,2,IL-2,pg/mL,4.822
BIO-041,Week 4,4,IL-2,pg/mL,5.236
BIO-041,Week 8,8,IL-2,pg/mL,5.349
BIO-041,Week 12,12,IL-2,pg/mL,6.071
BIO-041,Baseline,0,IL-1beta,pg/mL,2.507
BIO-041,Week 2,2,IL-1beta,pg/mL,2.525
BIO-041,Week 4,4,IL-1beta,pg/mL,2.794
BIO-041,Week 8,8,IL-1beta,pg/mL,2.915
BIO-041,Week 12,12,IL-1beta,pg/mL,2.276
BIO-041,Baseline,0,IL-8,pg/mL,20.657
BIO-041,Week 2,2,IL-8,pg/mL,24.371
BIO-041,Week 4,4,IL-8,pg/mL,28.733
BIO-041,Week 8,8,IL-8,pg/mL,15.262
BIO-041,Week 12,12,IL-8,pg/mL,18.784
BIO-041,Baseline,0,VEGF,pg/mL,199.871
BIO-041,Week 2,2,VEGF,pg/mL,171.391
BIO-041,Week 4,4,VEGF,pg/mL,127.908
BIO-041,Week 8,8,VEGF,pg/mL,180.374
BIO-041,Week 12,12,VEGF,pg/mL,156.922
BIO-041,Baseline,0,Ferritin,ng/mL,62.118
BIO-041,Week 2,2,Ferritin,ng/mL,73.808
BIO-041,Week 4,4,Ferritin,ng/mL,70.937
BIO-041,Week 8,8,Ferritin,ng/mL,100.9
BIO-041,Week 12,12,Ferritin,ng/mL,96.075
BIO-041,Baseline,0,D-dimer,mg/L,0.318
BIO-041,Week 2,2,D-dimer,mg/L,0.323
BIO-041,Week 4,4,D-dimer,mg/L,0.295
BIO-041,Week 8,8,D-dimer,mg/L,0.215
BIO-041,Week 12,12,D-dimer,mg/L,0.279
BIO-041,Baseline,0,LDH,U/L,208.309
BIO-041,Week 2,2,LDH,U/L,189.413
BIO-041,Week 4,4,LDH,U/L,204.083
BIO-041,Week 8,8,LDH,U/L,181.784
BIO-041,Week 12,12,LDH,U/L,206.254
BIO-042,Baseline,0,IL-6,pg/mL,9.268
BIO-042,Week 2,2,IL-6,pg/mL,6.731
BIO-042,Week 4,4,IL-6,pg/mL,7.297
BIO-042,Week 8,8,IL-6,pg/mL,7.655
BIO-042,Week 12,12,IL-6,pg/mL,6.525
BIO-042,Baseline,0,CRP,mg/L,3.486
BIO-042,Week 2,2,CRP,mg/L,2.881
BIO-042,Week 4,4,CRP,mg/L,2.791
BIO-042,Week 8,8,CRP,mg/L,4.528
BIO-042,Week 12,12,CRP,mg/L,2.329
BIO-042,Baseline,0,TNF-alpha,pg/mL,15.24
BIO-042,Week 2,2,TNF-alpha,pg/mL,10.489
BIO-042,Week 4,4,TNF-alpha,pg/mL,6.867
BIO-042,Week 8,8,TNF-alpha,pg/mL,10.193
BIO-042,Week 12,12,TNF-alpha,pg/mL,13.574
BIO-042,Baseline,0,IL-10,pg/mL,5.26
BIO-042,Week 2,2,IL-10,pg/mL,5.399
BIO-042,Week 4,4,IL-10,pg/mL,3.829
BIO-042,Week 8,8,IL-10,pg/mL,3.28
BIO-042,Week 12,12,IL-10,pg/mL,4.472
BIO-042,Baseline,0,IFN-gamma,pg/mL,2.74
BIO-042,Week 2,2,IFN-gamma,pg/mL,2.36
BIO-042,Week 4,4,IFN-gamma,pg/mL,1.948
BIO-042,Week 8,8,IFN-gamma,pg/mL,2.788
BIO-042,Week 12,12,IFN-gamma,pg/mL,2.732
BIO-042,Baseline,0,IL-2,pg/mL,4.702
BIO-042,Week 2,2,IL-2,pg/mL,5.858
BIO-042,Week 4,4,IL-2,pg/mL,5.165
BIO-042,Week 8,8,IL-2,pg/mL,
BIO-042,Week 12,12,IL-2,pg/mL,5.247
BIO-042,Baseline,0,IL-1beta,pg/mL,2.942
BIO-042,Week 2,2,IL-1beta,pg/mL,2.983
BIO-042,Week 4,4,IL-1beta,pg/mL,3.516
BIO-042,Week 8,8,IL-1beta,pg/mL,3.097
BIO-042,Week 12,12,IL-1beta,pg/mL,3.09
BIO-042,Baseline,0,IL-8,pg/mL,11.222
BIO-042,Week 2,2,IL-8,pg/mL,6.01
BIO-042,Week 4,4,IL-8,pg/mL,13.877
BIO-042,Week 8,8,IL-8,pg/mL,6.405
BIO-042,Week 12,12,IL-8,pg/mL,13.715
BIO-042,Baseline,0,VEGF,pg/mL,254.927
BIO-042,Week 2,2,VEGF,pg/mL,219.269
BIO-042,Week 4,4,VEGF,pg/mL,259.076
BIO-042,Week 8,8,VEGF,pg/mL,246.408
BIO-042,Week 12,12,VEGF,pg/mL,208.735
BIO-042,Baseline,0,Ferritin,ng/mL,246.295
BIO-042,Week 2,2,Ferritin,ng/mL,61.501
BIO-042,Week 4,4,Ferritin,ng/mL,109.246
BIO-042,Week 8,8,Ferritin,ng/mL,99.063
BIO-042,Week 12,12,Ferritin,ng/mL,122.522
BIO-042,Baseline,0,D-dimer,mg/L,0.683
BIO-042,Week 2,2,D-dimer,mg/L,0.368
BIO-042,Week 4,4,D-dimer,mg/L,0.263
BIO-042,Week 8,8,D-dimer,mg/L,0.345
BIO-042,Week 12,12,D-dimer,mg/L,0.394
BIO-042,Baseline,0,LDH,U/L,179.193
BIO-042,Week 2,2,LDH,U/L,183.207
BIO-042,Week 4,4,LDH,U/L,176.381
BIO-042,Week 8,8,LDH,U/L,176.304
BIO-042,Week 12,12,LDH,U/L,190.43
BIO-043,Baseline,0,IL-6,pg/mL,8.291
BIO-043,Week 2,2,IL-6,pg/mL,8.496
BIO-043,Week 4,4,IL-6,pg/mL,9.854
BIO-043,Week 8,8,IL-6,pg/mL,8.104
BIO-043,Week 12,12,IL-6,pg/mL,6.651
BIO-043,Baseline,0,CRP,mg/L,9.064
BIO-043,Week 2,2,CRP,mg/L,5.652
BIO-043,Week 4,4,CRP,mg/L,9.741
BIO-043,Week 8,8,CRP,mg/L,5.849
BIO-043,Week 12,12,CRP,mg/L,12.327
BIO-043,Baseline,0,TNF-alpha,pg/mL,11.95
BIO-043,Week 2,2,TNF-alpha,pg/mL,13.593
BIO-043,Week 4,4,TNF-alpha,pg/mL,11.375
BIO-043,Week 8,8,TNF-alpha,pg/mL,9.55
BIO-043,Week 12,12,TNF-alpha,pg/mL,12.421
BIO-043,Baseline,0,IL-10,pg/mL,6.362
BIO-043,Week 2,2,IL-10,pg/mL,7.744
BIO-043,Week 4,4,IL-10,pg/mL,6.525
BIO-043,Week 8,8,IL-10,pg/mL,6.485
BIO-043,Week 12,12,IL-10,pg/mL,5.761
BIO-043,Baseline,0,IFN-gamma,pg/mL,8.533
BIO-043,Week 2,2,IFN-gamma,pg/mL,9.595
BIO-043,Week 4,4,IFN-gamma,pg/mL,11.223
BIO-043,Week 8,8,IFN-gamma,pg/mL,2.799
BIO-043,Week 12,12,IFN-gamma,pg/mL,6.267
BIO-043,Baseline,0,IL-2,pg/mL,4.15
BIO-043,Week 2,2,IL-2,pg/mL,3.357
BIO-043,Week 4,4,IL-2,pg/mL,3.211
BIO-043,Week 8,8,IL-2,pg/mL,4.205
BIO-043,Week 12,12,IL-2,pg/mL,3.147
BIO-043,Baseline,0,IL-1beta,pg/mL,2.07
BIO-043,Week 2,2,IL-1beta,pg/mL,2.415
BIO-043,Week 4,4,IL-1beta,pg/mL,2.799
BIO-043,Week 8,8,IL-1beta,pg/mL,2.452
BIO-043,Week 12,12,IL-1beta,pg/mL,2.628
BIO-043,Baseline,0,IL-8,pg/mL,9.167
BIO-043,Week 2,2,IL-8,pg/mL,15.755
BIO-043,Week 4,4,IL-8,pg/mL,10.101
BIO-043,Week 8,8,IL-8,pg/mL,14.256
BIO-043,Week 12,12,IL-8,pg/mL,13.896
BIO-043,Baseline,0,VEGF,pg/mL,250.415
BIO-043,Week 2,2,VEGF,pg/mL,257.124
BIO-043,Week 4,4,VEGF,pg/mL,270.235
BIO-043,Week 8,8,VEGF,pg/mL,264.543
BIO-043,Week 12,12,VEGF,pg/mL,252.036
BIO-043,Baseline,0,Ferritin,ng/mL,115.672
BIO-043,Week 2,2,Ferritin,ng/mL,158.238
BIO-043,Week 4,4,Ferritin,ng/mL,100.997
BIO-043,Week 8,8,Ferritin,ng/mL,149.926
BIO-043,Week 12,12,Ferritin,ng/mL,256.037
BIO-043,Baseline,0,D-dimer,mg/L,0.645
BIO-043,Week 2,2,D-dimer,mg/L,0.622
BIO-043,Week 4,4,D-dimer,mg/L,0.552
BIO-043,Week 8,8,D-dimer,mg/L,0.43
BIO-043,Week 12,12,D-dimer,mg/L,0.476
BIO-043,Baseline,0,LDH,U/L,177.934
BIO-043,Week 2,2,LDH,U/L,
BIO-043,Week 4,4,LDH,U/L,146.278
BIO-043,Week 8,8,LDH,U/L,158.069
BIO-043,Week 12,12,LDH,U/L,131.335
BIO-044,Baseline,0,IL-6,pg/mL,10.028
BIO-044,Week 4,4,IL-6,pg/mL,11.429
BIO-044,Week 8,8,IL-6,pg/mL,10.155
BIO-044,Week 12,12,IL-6,pg/mL,9.241
BIO-044,Baseline,0,CRP,mg/L,2.808
BIO-044,Week 4,4,CRP,mg/L,3.22
BIO-044,Week 8,8,CRP,mg/L,2.461
BIO-044,Week 12,12,CRP,mg/L,4.882
BIO-044,Baseline,0,TNF-alpha,pg/mL,9.283
BIO-044,Week 4,4,TNF-alpha,pg/mL,12.933
BIO-044,Week 8,8,TNF-alpha,pg/mL,12.914
BIO-044,Week 12,12,TNF-alpha,pg/mL,11.183
BIO-044,Baseline,0,IL-10,pg/mL,5.63
BIO-044,Week 4,4,IL-10,pg/mL,6.788
BIO-044,Week 8,8,IL-10,pg/mL,6.515
BIO-044,Week 12,12,IL-10,pg/mL,6.014
BIO-044,Baseline,0,IFN-gamma,pg/mL,1.512
BIO-044,Week 4,4,IFN-gamma,pg/mL,1.114
BIO-044,Week 8,8,IFN-gamma,pg/mL,1.736
BIO-044,Week 12,12,IFN-gamma,pg/mL,2.627
BIO-044,Baseline,0,IL-2,pg/mL,3.938
BIO-044,Week 4,4,IL-2,pg/mL,4.847
BIO-044,Week 8,8,IL-2,pg/mL,4.726
BIO-044,Week 12,12,IL-2,pg/mL,5.411
BIO-044,Baseline,0,IL-1beta,pg/mL,2.705
BIO-044,Week 4,4,IL-1beta,pg/mL,1.657
BIO-044,Week 8,8,IL-1beta,pg/mL,1.732
BIO-044,Week 12,12,IL-1beta,pg/mL,2.688
BIO-044,Baseline,0,IL-8,pg/mL,23.02
BIO-044,Week 4,4,IL-8,pg/mL,31.004
BIO-044,Week 8,8,IL-8,pg/mL,14.93
BIO-044,Week 12,12,IL-8,pg/mL,18.312
BIO-044,Baseline,0,VEGF,pg/mL,317.958
BIO-044,Week 4,4,VEGF,pg/mL,316.435
BIO-044,Week 8,8,VEGF,pg/mL,322.073
BIO-044,Week 12,12,VEGF,pg/mL,374.751
BIO-044,Baseline,0,Ferritin,ng/mL,115.77
BIO-044,Week 4,4,Ferritin,ng/mL,109.444
BIO-044,Week 8,8,Ferritin,ng/mL,93.872
BIO-044,Week 12,12,Ferritin,ng/mL,114.064
BIO-044,Baseline,0,D-dimer,mg/L,0.33
BIO-044,Week 4,4,D-dimer,mg/L,0.434
BIO-044,Week 8,8,D-dimer,mg/L,0.468
BIO-044,Week 12,12,D-dimer,mg/L,0.296
BIO-044,Baseline,0,LDH,U/L,184.532
BIO-044,Week 4,4,LDH,U/L,191.733
BIO-044,Week 8,8,LDH,U/L,132.894
BIO-044,Week 12,12,LDH,U/L,160.476
BIO-045,Baseline,0,IL-6,pg/mL,8.511
BIO-045,Week 2,2,IL-6,pg/mL,8.186
BIO-045,Week 4,4,IL-6,pg/mL,9.045
BIO-045,Week 8,8,IL-6,pg/mL,9.645
BIO-045,Week 12,12,IL-6,pg/mL,8.552
BIO-045,Baseline,0,CRP,mg/L,3.949
BIO-045,Week 2,2,CRP,mg/L,1.035
BIO-045,Week 4,4,CRP,mg/L,6.185
BIO-045,Week 8,8,CRP,mg/L,2.121
BIO-045,Week 12,12,CRP,mg/L,1.767
BIO-045,Baseline,0,TNF-alpha,pg/mL,11.18
BIO-045,Week 2,2,TNF-alpha,pg/mL,10.853
BIO-045,Week 4,4,TNF-alpha,pg/mL,15.753
BIO-045,Week 8,8,TNF-alpha,pg/mL,13.115
BIO-045,Week 12,12,TNF-alpha,pg/mL,11.147
BIO-045,Baseline,0,IL-10,pg/mL,4.768
BIO-045,Week 2,2,IL-10,pg/mL,5.147
BIO-045,Week 4,4,IL-10,pg/mL,7.038
BIO-045,Week 8,8,IL-10,pg/mL,7.207
BIO-045,Week 12,12,IL-10,pg/mL,4.673
BIO-045,Baseline,0,IFN-gamma,pg/mL,2.947
BIO-045,Week 2,2,IFN-gamma,pg/mL,3.554
BIO-045,Week 4,4,IFN-gamma,pg/mL,3.608
BIO-045,Week 8,8,IFN-gamma,pg/mL,3.451
BIO-045,Week 12,12,IFN-gamma,pg/mL,2.188
BIO-045,Baseline,0,IL-2,pg/mL,4.946
BIO-045,Week 2,2,IL-2,pg/mL,5.742
BIO-045,Week 4,4,IL-2,pg/mL,5.279
BIO-045,Week 8,8,IL-2,pg/mL,5.716
BIO-045,Week 12,12,IL-2,pg/mL,5.853
BIO-045,Baseline,0,IL-1beta,pg/mL,2.969
BIO-045,Week 2,2,IL-1beta,pg/mL,2.759
BIO-045,Week 4,4,IL-1beta,pg/mL,2.797
BIO-045,Week 8,8,IL-1beta,pg/mL,2.53
BIO-045,Week 12,12,IL-1beta,pg/mL,2.89
BIO-045,Baseline,0,IL-8,pg/mL,16.068
BIO-045,Week 2,2,IL-8,pg/mL,26.207
BIO-045,Week 4,4,IL-8,pg/mL,14.652
BIO-045,Week 8,8,IL-8,pg/mL,20.043
BIO-045,Week 12,12,IL-8,pg/mL,16.073
BIO-045,Baseline,0,VEGF,pg/mL,265.6
BIO-045,Week 2,2,VEGF,pg/mL,237.094
BIO-045,Week 4,4,VEGF,pg/mL,298.394
BIO-045,Week 8,8,VEGF,pg/mL,297.091
BIO-045,Week 12,12,VEGF,pg/mL,331.267
BIO-045,Baseline,0,Ferritin,ng/mL,237.634
BIO-045,Week 2,2,Ferritin,ng/mL,254.504
BIO-045,Week 4,4,Ferritin,ng/mL,190.077
BIO-045,Week 8,8,Ferritin,ng/mL,104.882
BIO-045,Week 12,12,Ferritin,ng/mL,100.024
BIO-045,Baseline,0,D-dimer,mg/L,0.777
BIO-045,Week 2,2,D-dimer,mg/L,0.333
BIO-045,Week 4,4,D-dimer,mg/L,0.695
BIO-045,Week 8,8,D-dimer,mg/L,0.561
BIO-045,Week 12,12,D-dimer,mg/L,0.452
BIO-045,Baseline,0,LDH,U/L,168.3
BIO-045,Week 2,2,LDH,U/L,166.754
BIO-045,Week 4,4,LDH,U/L,153.103
BIO-045,Week 8,8,LDH,U/L,146.679
BIO-045,Week 12,12,LDH,U/L,181.635
BIO-046,Baseline,0,IL-6,pg/mL,6.951
BIO-046,Week 2,2,IL-6,pg/mL,6.151
BIO-046,Week 4,4,IL-6,pg/mL,6.743
BIO-046,Week 8,8,IL-6,pg/mL,7.273
BIO-046,Week 12,12,IL-6,pg/mL,5.394
BIO-046,Baseline,0,CRP,mg/L,1.23
BIO-046,Week 2,2,CRP,mg/L,1.982
BIO-046,Week 4,4,CRP,mg/L,1.964
BIO-046,Week 8,8,CRP,mg/L,1.931
BIO-046,Week 12,12,CRP,mg/L,2.827
BIO-046,Baseline,0,TNF-alpha,pg/mL,10.972
BIO-046,Week 2,2,TNF-alpha,pg/mL,9.222
BIO-046,Week 4,4,TNF-alpha,pg/mL,10.552
BIO-046,Week 8,8,TNF-alpha,pg/mL,7.965
BIO-046,Week 12,12,TNF-alpha,pg/mL,14.027
BIO-046,Baseline,0,IL-10,pg/mL,4.796
BIO-046,Week 2,2,IL-10,pg/mL,4.114
BIO-046,Week 4,4,IL-10,pg/mL,4.858
BIO-046,Week 8,8,IL-10,pg/mL,3.711
BIO-046,Week 12,12,IL-10,pg/mL,5.531
BIO-046,Baseline,0,IFN-gamma,pg/mL,3.357
BIO-046,Week 2,2,IFN-gamma,pg/mL,3.226
BIO-046,Week 4,4,IFN-gamma,pg/mL,4.178
BIO-046,Week 8,8,IFN-gamma,pg/mL,3.822
BIO-046,Week 12,12,IFN-gamma,pg/mL,3.054
BIO-046,Baseline,0,IL-2,pg/mL,4.279
BIO-046,Week 2,2,IL-2,pg/mL,5.162
BIO-046,Week 4,4,IL-2,pg/mL,3.993
BIO-046,Week 8,8,IL-2,pg/mL,
BIO-046,Week 12,12,IL-2,pg/mL,6.018
BIO-046,Baseline,0,IL-1beta,pg/mL,2.845
BIO-046,Week 2,2,IL-1beta,pg/mL,2.753
BIO-046,Week 4,4,IL-1beta,pg/mL,2.112
BIO-046,Week 8,8,IL-1beta,pg/mL,2.508
BIO-046,Week 12,12,IL-1beta,pg/mL,2.589
BIO-046,Baseline,0,IL-8,pg/mL,14.503
BIO-046,Week 2,2,IL-8,pg/mL,10.873
BIO-046,Week 4,4,IL-8,pg/mL,13.655
BIO-046,Week 8,8,IL-8,pg/mL,10.076
BIO-046,Week 12,12,IL-8,pg/mL,19.908
BIO-046,Baseline,0,VEGF,pg/mL,248.507
BIO-046,Week 2,2,VEGF,pg/mL,256.536
BIO-046,Week 4,4,VEGF,pg/mL,231.924
BIO-046,Week 8,8,VEGF,pg/mL,264.635
BIO-046,Week 12,12,VEGF,pg/mL,252.543
BIO-046,Baseline,0,Ferritin,ng/mL,176.357
BIO-046,Week 2,2,Ferritin,ng/mL,133.117
BIO-046,Week 4,4,Ferritin,ng/mL,240.863
BIO-046,Week 8,8,Ferritin,ng/mL,155.519
BIO-046,Week 12,12,Ferritin,ng/mL,233.794
BIO-046,Baseline,0,D-dimer,mg/L,0.263
BIO-046,Week 2,2,D-dimer,mg/L,0.19
BIO-046,Week 4,4,D-dimer,mg/L,0.205
BIO-046,Week 8,8,D-dimer,mg/L,0.259
BIO-046,Week 12,12,D-dimer,mg/L,0.245
BIO-046,Baseline,0,LDH,U/L,150.49
BIO-046,Week 2,2,LDH,U/L,152.144
BIO-046,Week 4,4,LDH,U/L,169.676
BIO-046,Week 8,8,LDH,U/L,154.48
BIO-046,Week 12,12,LDH,U/L,131.571
BIO-047,Baseline,0,IL-6,pg/mL,7.464
BIO-047,Week 2,2,IL-6,pg/mL,5.719
BIO-047,Week 4,4,IL-6,pg/mL,6.408
BIO-047,Week 8,8,IL-6,pg/mL,5.638
BIO-047,Week 12,12,IL-6,pg/mL,4.55
BIO-047,Baseline,0,CRP,mg/L,2.727
BIO-047,Week 2,2,CRP,mg/L,4.693
BIO-047,Week 4,4,CRP,mg/L,3.959
BIO-047,Week 8,8,CRP,mg/L,2.909
BIO-047,Week 12,12,CRP,mg/L,4.562
BIO-047,Baseline,0,TNF-alpha,pg/mL,9.908
BIO-047,Week 2,2,TNF-alpha,pg/mL,9.869
BIO-047,Week 4,4,TNF-alpha,pg/mL,13.219
BIO-047,Week 8,8,TNF-alpha,pg/mL,8.792
BIO-047,Week 12,12,TNF-alpha,pg/mL,8.177
BIO-047,Baseline,0,IL-10,pg/mL,5.204
BIO-047,Week 2,2,IL-10,pg/mL,3.814
BIO-047,Week 4,4,IL-10,pg/mL,4.149
BIO-047,Week 8,8,IL-10,pg/mL,3.157
BIO-047,Week 12,12,IL-10,pg/mL,4.96
BIO-047,Baseline,0,IFN-gamma,pg/mL,2.876
BIO-047,Week 2,2,IFN-gamma,pg/mL,1.724
BIO-047,Week 4,4,IFN-gamma,pg/mL,3.421
BIO-047,Week 8,8,IFN-gamma,pg/mL,6.001
BIO-047,Week 12,12,IFN-gamma,pg/mL,3.935
BIO-047,Baseline,0,IL-2,pg/mL,5.596
BIO-047,Week 2,2,IL-2,pg/mL,5.893
BIO-047,Week 4,4,IL-2,pg/mL,5.998
BIO-047,Week 8,8,IL-2,pg/mL,6.054
BIO-047,Week 12,12,IL-2,pg/mL,6.243
BIO-047,Baseline,0,IL-1beta,pg/mL,2.832
BIO-047,Week 2,2,IL-1beta,pg/mL,2.231
BIO-047,Week 4,4,IL-1beta,pg/mL,2.534
BIO-047,Week 8,8,IL-1beta,pg/mL,2.54
BIO-047,Week 12,12,IL-1beta,pg/mL,2.338
BIO-047,Baseline,0,IL-8,pg/mL,18.057
BIO-047,Week 2,2,IL-8,pg/mL,15.999
BIO-047,Week 4,4,IL-8,pg/mL,22.29
BIO-047,Week 8,8,IL-8,pg/mL,19.957
BIO-047,Week 12,12,IL-8,pg/mL,14.648
BIO-047,Baseline,0,VEGF,pg/mL,297.948
BIO-047,Week 2,2,VEGF,pg/mL,297.234
BIO-047,Week 4,4,VEGF,pg/mL,291.557
BIO-047,Week 8,8,VEGF,pg/mL,251.884
BIO-047,Week 12,12,VEGF,pg/mL,
BIO-047,Baseline,0,Ferritin,ng/mL,114.567
BIO-047,Week 2,2,Ferritin,ng/mL,108.158
BIO-047,Week 4,4,Ferritin,ng/mL,244.358
BIO-047,Week 8,8,Ferritin,ng/mL,134.717
BIO-047,Week 12,12,Ferritin,ng/mL,182.903
BIO-047,Baseline,0,D-dimer,mg/L,0.425
BIO-047,Week 2,2,D-dimer,mg/L,0.387
BIO-047,Week 4,4,D-dimer,mg/L,0.359
BIO-047,Week 8,8,D-dimer,mg/L,0.277
BIO-047,Week 12,12,D-dimer,mg/L,0.532
BIO-047,Baseline,0,LDH,U/L,173.271
BIO-047,Week 2,2,LDH,U/L,
BIO-047,Week 4,4,LDH,U/L,179.998
BIO-047,Week 8,8,LDH,U/L,
BIO-047,Week 12,12,LDH,U/L,178.333
BIO-048,Baseline,0,IL-6,pg/mL,8.356
BIO-048,Week 2,2,IL-6,pg/mL,6.41
BIO-048,Week 4,4,IL-6,pg/mL,7.951
BIO-048,Week 8,8,IL-6,pg/mL,6.029
BIO-048,Week 12,12,IL-6,pg/mL,8.332
BIO-048,Baseline,0,CRP,mg/L,4.448
BIO-048,Week 2,2,CRP,mg/L,2.256
BIO-048,Week 4,4,CRP,mg/L,2.481
BIO-048,Week 8,8,CRP,mg/L,1.57
BIO-048,Week 12,12,CRP,mg/L,2.393
BIO-048,Baseline,0,TNF-alpha,pg/mL,12.266
BIO-048,Week 2,2,TNF-alpha,pg/mL,15.557
BIO-048,Week 4,4,TNF-alpha,pg/mL,10.556
BIO-048,Week 8,8,TNF-alpha,pg/mL,10.944
BIO-048,Week 12,12,TNF-alpha,pg/mL,14.915
BIO-048,Baseline,0,IL-10,pg/mL,6.405
BIO-048,Week 2,2,IL-10,pg/mL,7.826
BIO-048,Week 4,4,IL-10,pg/mL,5.84
BIO-048,Week 8,8,IL-10,pg/mL,5.33
BIO-048,Week 12,12,IL-10,pg/mL,7.137
BIO-048,Baseline,0,IFN-gamma,pg/mL,2.083
BIO-048,Week 2,2,IFN-gamma,pg/mL,2.711
BIO-048,Week 4,4,IFN-gamma,pg/mL,5.254
BIO-048,Week 8,8,IFN-gamma,pg/mL,3.433
BIO-048,Week 12,12,IFN-gamma,pg/mL,2.452
BIO-048,Baseline,0,IL-2,pg/mL,5.044
BIO-048,Week 2,2,IL-2,pg/mL,6.82
BIO-048,Week 4,4,IL-2,pg/mL,6.393
BIO-048,Week 8,8,IL-2,pg/mL,6.561
BIO-048,Week 12,12,IL-2,pg/mL,5.369
BIO-048,Baseline,0,IL-1beta,pg/mL,2.578
BIO-048,Week 2,2,IL-1beta,pg/mL,2.318
BIO-048,Week 4,4,IL-1beta,pg/mL,2.461
BIO-048,Week 8,8,IL-1beta,pg/mL,2.126
BIO-048,Week 12,12,IL-1beta,pg/mL,2.281
BIO-048,Baseline,0,IL-8,pg/mL,16.216
BIO-048,Week 2,2,IL-8,pg/mL,14.299
BIO-048,Week 4,4,IL-8,pg/mL,15.502
BIO-048,Week 8,8,IL-8,pg/mL,26.384
BIO-048,Week 12,12,IL-8,pg/mL,19.725
BIO-048,Baseline,0,VEGF,pg/mL,352.282
BIO-048,Week 2,2,VEGF,pg/mL,369.251
BIO-048,Week 4,4,VEGF,pg/mL,312.404
BIO-048,Week 8,8,VEGF,pg/mL,312.043
BIO-048,Week 12,12,VEGF,pg/mL,286.952
BIO-048,Baseline,0,Ferritin,ng/mL,112.613
BIO-048,Week 2,2,Ferritin,ng/mL,94.263
BIO-048,Week 4,4,Ferritin,ng/mL,94.235
BIO-048,Week 8,8,Ferritin,ng/mL,37.387
BIO-048,Week 12,12,Ferritin,ng/mL,91.779
BIO-048,Baseline,0,D-dimer,mg/L,0.249
BIO-048,Week 2,2,D-dimer,mg/L,0.348
BIO-048,Week 4,4,D-dimer,mg/L,0.372
BIO-048,Week 8,8,D-dimer,mg/L,0.355
BIO-048,Week 12,12,D-dimer,mg/L,0.229
BIO-048,Baseline,0,LDH,U/L,176.307
BIO-048,Week 2,2,LDH,U/L,203.416
BIO-048,Week 4,4,LDH,U/L,205.426
BIO-048,Week 8,8,LDH,U/L,196.351
BIO-048,Week 12,12,LDH,U/L,178.514
BIO-049,Baseline,0,IL-6,pg/mL,10.445
BIO-049,Week 2,2,IL-6,pg/mL,9.869
BIO-049,Week 4,4,IL-6,pg/mL,9.01
BIO-049,Week 8,8,IL-6,pg/mL,9.558
BIO-049,Week 12,12,IL-6,pg/mL,8.896
BIO-049,Baseline,0,CRP,mg/L,7.907
BIO-049,Week 2,2,CRP,mg/L,12.501
BIO-049,Week 4,4,CRP,mg/L,6.605
BIO-049,Week 8,8,CRP,mg/L,7.928
BIO-049,Week 12,12,CRP,mg/L,7.205
BIO-049,Baseline,0,TNF-alpha,pg/mL,13.728
BIO-049,Week 2,2,TNF-alpha,pg/mL,11.523
BIO-049,Week 4,4,TNF-alpha,pg/mL,12.94
BIO-049,Week 8,8,TNF-alpha,pg/mL,8.454
BIO-049,Week 12,12,TNF-alpha,pg/mL,10.748
BIO-049,Baseline,0,IL-10,pg/mL,6.512
BIO-049,Week 2,2,IL-10,pg/mL,5.266
BIO-049,Week 4,4,IL-10,pg/mL,5.338
BIO-049,Week 8,8,IL-10,pg/mL,4.854
BIO-049,Week 12,12,IL-10,pg/mL,3.908
BIO-049,Baseline,0,IFN-gamma,pg/mL,6.495
BIO-049,Week 2,2,IFN-gamma,pg/mL,3.552
BIO-049,Week 4,4,IFN-gamma,pg/mL,6.082
BIO-049,Week 8,8,IFN-gamma,pg/mL,5.169
BIO-049,Week 12,12,IFN-gamma,pg/mL,5.1
BIO-049,Baseline,0,IL-2,pg/mL,4.811
BIO-049,Week 2,2,IL-2,pg/mL,4.597
BIO-049,Week 4,4,IL-2,pg/mL,4.16
BIO-049,Week 8,8,IL-2,pg/mL,4.559
BIO-049,Week 12,12,IL-2,pg/mL,4.539
BIO-049,Baseline,0,IL-1beta,pg/mL,2.307
BIO-049,Week 2,2,IL-1beta,pg/mL,1.282
BIO-049,Week 4,4,IL-1beta,pg/mL,1.642
BIO-049,Week 8,8,IL-1beta,pg/mL,2.148
BIO-049,Week 12,12,IL-1beta,pg/mL,1.708
BIO-049,Baseline,0,IL-8,pg/mL,19.565
BIO-049,Week 2,2,IL-8,pg/mL,15.509
BIO-049,Week 4,4,IL-8,pg/mL,7.724
BIO-049,Week 8,8,IL-8,pg/mL,12.624
BIO-049,Week 12,12,IL-8,pg/mL,15.373
BIO-049,Baseline,0,VEGF,pg/mL,236.067
BIO-049,Week 2,2,VEGF,pg/mL,216.862
BIO-049,Week 4,4,VEGF,pg/mL,233.932
BIO-049,Week 8,8,VEGF,pg/mL,232.881
BIO-049,Week 12,12,VEGF,pg/mL,276.212
BIO-049,Baseline,0,Ferritin,ng/mL,168.243
BIO-049,Week 2,2,Ferritin,ng/mL,196.656
BIO-049,Week 4,4,Ferritin,ng/mL,151.296
BIO-049,Week 8,8,Ferritin,ng/mL,129.907
BIO-049,Week 12,12,Ferritin,ng/mL,86.367
BIO-049,Baseline,0,D-dimer,mg/L,0.754
BIO-049,Week 2,2,D-dimer,mg/L,0.727
BIO-049,Week 4,4,D-dimer,mg/L,0.94
BIO-049,Week 8,8,D-dimer,mg/L,0.81
BIO-049,Week 12,12,D-dimer,mg/L,1.178
BIO-049,Baseline,0,LDH,U/L,165.508
BIO-049,Week 2,2,LDH,U/L,165.034
BIO-049,Week 4,4,LDH,U/L,153.612
BIO-049,Week 8,8,LDH,U/L,202.001
BIO-049,Week 12,12,LDH,U/L,170.857
BIO-050,Baseline,0,IL-6,pg/mL,8.358
BIO-050,Week 2,2,IL-6,pg/mL,7.155
BIO-050,Week 4,4,IL-6,pg/mL,6.113
BIO-050,Week 8,8,IL-6,pg/mL,5.307
BIO-050,Week 12,12,IL-6,pg/mL,7.238
BIO-050,Baseline,0,CRP,mg/L,5.731
BIO-050,Week 2,2,CRP,mg/L,2.651
BIO-050,Week 4,4,CRP,mg/L,4.812
BIO-050,Week 8,8,CRP,mg/L,3.675
BIO-050,Week 12,12,CRP,mg/L,5.074
BIO-050,Baseline,0,TNF-alpha,pg/mL,6.498
BIO-050,Week 2,2,TNF-alpha,pg/mL,12.223
BIO-050,Week 4,4,TNF-alpha,pg/mL,5.184
BIO-050,Week 8,8,TNF-alpha,pg/mL,6.345
BIO-050,Week 12,12,TNF-alpha,pg/mL,9.213
BIO-050,Baseline,0,IL-10,pg/mL,6.816
BIO-050,Week 2,2,IL-10,pg/mL,8.106
BIO-050,Week 4,4,IL-10,pg/mL,7.314
BIO-050,Week 8,8,IL-10,pg/mL,5.497
BIO-050,Week 12,12,IL-10,pg/mL,6.503
BIO-050,Baseline,0,IFN-gamma,pg/mL,4.237
BIO-050,Week 2,2,IFN-gamma,pg/mL,3.097
BIO-050,Week 4,4,IFN-gamma,pg/mL,2.816
BIO-050,Week 8,8,IFN-gamma,pg/mL,3.088
BIO-050,Week 12,12,IFN-gamma,pg/mL,4.977
BIO-050,Baseline,0,IL-2,pg/mL,4.765
BIO-050,Week 2,2,IL-2,pg/mL,4.666
BIO-050,Week 4,4,IL-2,pg/mL,6.116
BIO-050,Week 8,8,IL-2,pg/mL,5.815
BIO-050,Week 12,12,IL-2,pg/mL,4.538
BIO-050,Baseline,0,IL-1beta,pg/mL,2.54
BIO-050,Week 2,2,IL-1beta,pg/mL,2.05
BIO-050,Week 4,4,IL-1beta,pg/mL,2.127
BIO-050,Week 8,8,IL-1beta,pg/mL,1.779
BIO-050,Week 12,12,IL-1beta,pg/mL,2.111
BIO-050,Baseline,0,IL-8,pg/mL,12.886
BIO-050,Week 2,2,IL-8,pg/mL,
BIO-050,Week 4,4,IL-8,pg/mL,13.393
BIO-050,Week 8,8,IL-8,pg/mL,25.016
BIO-050,Week 12,12,IL-8,pg/mL,14.031
BIO-050,Baseline,0,VEGF,pg/mL,270.249
BIO-050,Week 2,2,VEGF,pg/mL,191.749
BIO-050,Week 4,4,VEGF,pg/mL,190.673
BIO-050,Week 8,8,VEGF,pg/mL,234.035
BIO-050,Week 12,12,VEGF,pg/mL,235.8
BIO-050,Baseline,0,Ferritin,ng/mL,145.985
BIO-050,Week 2,2,Ferritin,ng/mL,108.8
BIO-050,Week 4,4,Ferritin,ng/mL,64.098
BIO-050,Week 8,8,Ferritin,ng/mL,157.492
BIO-050,Week 12,12,Ferritin,ng/mL,75.449
BIO-050,Baseline,0,D-dimer,mg/L,0.333
BIO-050,Week 2,2,D-dimer,mg/L,0.26
BIO-050,Week 4,4,D-dimer,mg/L,0.321
BIO-050,Week 8,8,D-dimer,mg/L,0.411
BIO-050,Week 12,12,D-dimer,mg/L,0.255
BIO-050,Baseline,0,LDH,U/L,268.955
BIO-050,Week 2,2,LDH,U/L,251.422
BIO-050,Week 4,4,LDH,U/L,274.686
BIO-050,Week 8,8,LDH,U/L,257.728
BIO-050,Week 12,12,LDH,U/L,258.593
BIO-051,Baseline,0,IL-6,pg/mL,8.273
BIO-051,Week 2,2,IL-6,pg/mL,
BIO-051,Week 4,4,IL-6,pg/mL,7.578
BIO-051,Week 12,12,IL-6,pg/mL,7.376
BIO-051,Baseline,0,CRP,mg/L,3.707
BIO-051,Week 2,2,CRP,mg/L,3.021
BIO-051,Week 4,4,CRP,mg/L,3.086
BIO-051,Week 12,12,CRP,mg/L,3.167
BIO-051,Baseline,0,TNF-alpha,pg/mL,10.614
BIO-051,Week 2,2,TNF-alpha,pg/mL,13.166
BIO-051,Week 4,4,TNF-alpha,pg/mL,8.811
BIO-051,Week 12,12,TNF-alpha,pg/mL,10.642
BIO-051,Baseline,0,IL-10,pg/mL,5.488
BIO-051,Week 2,2,IL-10,pg/mL,7.58
BIO-051,Week 4,4,IL-10,pg/mL,6.419
BIO-051,Week 12,12,IL-10,pg/mL,7.146
BIO-051,Baseline,0,IFN-gamma,pg/mL,5.558
BIO-051,Week 2,2,IFN-gamma,pg/mL,3.049
BIO-051,Week 4,4,IFN-gamma,pg/mL,4.432
BIO-051,Week 12,12,IFN-gamma,pg/mL,4.094
BIO-051,Baseline,0,IL-2,pg/mL,6.31
BIO-051,Week 2,2,IL-2,pg/mL,5.502
BIO-051,Week 4,4,IL-2,pg/mL,5.567
BIO-051,Week 12,12,IL-2,pg/mL,6.96
BIO-051,Baseline,0,IL-1beta,pg/mL,2.383
BIO-051,Week 2,2,IL-1beta,pg/mL,2.349
BIO-051,Week 4,4,IL-1beta,pg/mL,2.56
BIO-051,Week 12,12,IL-1beta,pg/mL,1.886
BIO-051,Baseline,0,IL-8,pg/mL,10.249
BIO-051,Week 2,2,IL-8,pg/mL,10.749
BIO-051,Week 4,4,IL-8,pg/mL,9.719
BIO-051,Week 12,12,IL-8,pg/mL,14.43
BIO-051,Baseline,0,VEGF,pg/mL,238.17
BIO-051,Week 2,2,VEGF,pg/mL,251.987
BIO-051,Week 4,4,VEGF,pg/mL,244.035
BIO-051,Week 12,12,VEGF,pg/mL,239.474
BIO-051,Baseline,0,Ferritin,ng/mL,137.832
BIO-051,Week 2,2,Ferritin,ng/mL,112.561
BIO-051,Week 4,4,Ferritin,ng/mL,111.344
BIO-051,Week 12,12,Ferritin,ng/mL,145.491
BIO-051,Baseline,0,D-dimer,mg/L,0.538
BIO-051,Week 2,2,D-dimer,mg/L,0.592
BIO-051,Week 4,4,D-dimer,mg/L,0.387
BIO-051,Week 12,12,D-dimer,mg/L,0.546
BIO-051,Baseline,0,LDH,U/L,182.912
BIO-051,Week 2,2,LDH,U/L,
BIO-051,Week 4,4,LDH,U/L,182.475
BIO-051,Week 12,12,LDH,U/L,165.089
BIO-052,Baseline,0,IL-6,pg/mL,6.806
BIO-052,Week 2,2,IL-6,pg/mL,4.914
BIO-052,Week 4,4,IL-6,pg/mL,4.894
BIO-052,Week 8,8,IL-6,pg/mL,5.028
BIO-052,Week 12,12,IL-6,pg/mL,4.96
BIO-052,Baseline,0,CRP,mg/L,3.584
BIO-052,Week 2,2,CRP,mg/L,2.126
BIO-052,Week 4,4,CRP,mg/L,1.062
BIO-052,Week 8,8,CRP,mg/L,2.773
BIO-052,Week 12,12,CRP,mg/L,2.573
BIO-052,Baseline,0,TNF-alpha,pg/mL,10.195
BIO-052,Week 2,2,TNF-alpha,pg/mL,9.283
BIO-052,Week 4,4,TNF-alpha,pg/mL,12.86
BIO-052,Week 8,8,TNF-alpha,pg/mL,8.23
BIO-052,Week 12,12,TNF-alpha,pg/mL,9.419
BIO-052,Baseline,0,IL-10,pg/mL,4.971
BIO-052,Week 2,2,IL-10,pg/mL,4.976
BIO-052,Week 4,4,IL-10,pg/mL,7.239
BIO-052,Week 8,8,IL-10,pg/mL,5.558
BIO-052,Week 12,12,IL-10,pg/mL,5.358
BIO-052,Baseline,0,IFN-gamma,pg/mL,3.331
BIO-052,Week 2,2,IFN-gamma,pg/mL,2.062
BIO-052,Week 4,4,IFN-gamma,pg/mL,1.441
BIO-052,Week 8,8,IFN-gamma,pg/mL,4.207
BIO-052,Week 12,12,IFN-gamma,pg/mL,5.958
BIO-052,Baseline,0,IL-2,pg/mL,5.075
BIO-052,Week 2,2,IL-2,pg/mL,4.698
BIO-052,Week 4,4,IL-2,pg/mL,4.673
BIO-052,Week 8,8,IL-2,pg/mL,5.914
BIO-052,Week 12,12,IL-2,pg/mL,5.801
BIO-052,Baseline,0,IL-1beta,pg/mL,2.958
BIO-052,Week 2,2,IL-1beta,pg/mL,3.011
BIO-052,Week 4,4,IL-1beta,pg/mL,2.904
BIO-052,Week 8,8,IL-1beta,pg/mL,3.126
BIO-052,Week 12,12,IL-1beta,pg/mL,3.154
BIO-052,Baseline,0,IL-8,pg/mL,13.912
BIO-052,Week 2,2,IL-8,pg/mL,18.69
BIO-052,Week 4,4,IL-8,pg/mL,8.085
BIO-052,Week 8,8,IL-8,pg/mL,16.117
BIO-052,Week 12,12,IL-8,pg/mL,22.155
BIO-052,Baseline,0,VEGF,pg/mL,219.564
BIO-052,Week 2,2,VEGF,pg/mL,194.593
BIO-052,Week 4,4,VEGF,pg/mL,228.997
BIO-052,Week 8,8,VEGF,pg/mL,247.852
BIO-052,Week 12,12,VEGF,pg/mL,234.548
BIO-052,Baseline,0,Ferritin,ng/mL,175.916
BIO-052,Week 2,2,Ferritin,ng/mL,87.467
BIO-052,Week 4,4,Ferritin,ng/mL,91.169
BIO-052,Week 8,8,Ferritin,ng/mL,264.434
BIO-052,Week 12,12,Ferritin,ng/mL,89.725
BIO-052,Baseline,0,D-dimer,mg/L,0.595
BIO-052,Week 2,2,D-dimer,mg/L,0.6
BIO-052,Week 4,4,D-dimer,mg/L,0.386
BIO-052,Week 8,8,D-dimer,mg/L,0.461
BIO-052,Week 12,12,D-dimer,mg/L,0.839
BIO-052,Baseline,0,LDH,U/L,204.125
BIO-052,Week 2,2,LDH,U/L,179.345
BIO-052,Week 4,4,LDH,U/L,166.84
BIO-052,Week 8,8,LDH,U/L,150.213
BIO-052,Week 12,12,LDH,U/L,172.833
BIO-053,Baseline,0,IL-6,pg/mL,5.946
BIO-053,Week 2,2,IL-6,pg/mL,5.646
BIO-053,Week 4,4,IL-6,pg/mL,6.454
BIO-053,Week 8,8,IL-6,pg/mL,4.676
BIO-053,Baseline,0,CRP,mg/L,1.78
BIO-053,Week 2,2,CRP,mg/L,4.062
BIO-053,Week 4,4,CRP,mg/L,3.804
BIO-053,Week 8,8,CRP,mg/L,1.637
BIO-053,Baseline,0,TNF-alpha,pg/mL,2.938
BIO-053,Week 2,2,TNF-alpha,pg/mL,8.164
BIO-053,Week 4,4,TNF-alpha,pg/mL,6.229
BIO-053,Week 8,8,TNF-alpha,pg/mL,8.55
BIO-053,Baseline,0,IL-10,pg/mL,3.02
BIO-053,Week 2,2,IL-10,pg/mL,6.43
BIO-053,Week 4,4,IL-10,pg/mL,3.293
BIO-053,Week 8,8,IL-10,pg/mL,4.797
BIO-053,Baseline,0,IFN-gamma,pg/mL,18.533
BIO-053,Week 2,2,IFN-gamma,pg/mL,8.205
BIO-053,Week 4,4,IFN-gamma,pg/mL,7.294
BIO-053,Week 8,8,IFN-gamma,pg/mL,9.124
BIO-053,Baseline,0,IL-2,pg/mL,4.105
BIO-053,Week 2,2,IL-2,pg/mL,4.488
BIO-053,Week 4,4,IL-2,pg/mL,3.673
BIO-053,Week 8,8,IL-2,pg/mL,4.722
BIO-053,Baseline,0,IL-1beta,pg/mL,3.356
BIO-053,Week 2,2,IL-1beta,pg/mL,3.148
BIO-053,Week 4,4,IL-1beta,pg/mL,3.292
BIO-053,Week 8,8,IL-1beta,pg/mL,3.479
BIO-053,Baseline,0,IL-8,pg/mL,17.671
BIO-053,Week 2,2,IL-8,pg/mL,22.065
BIO-053,Week 4,4,IL-8,pg/mL,19.663
BIO-053,Week 8,8,IL-8,pg/mL,13.012
BIO-053,Baseline,0,VEGF,pg/mL,237.138
BIO-053,Week 2,2,VEGF,pg/mL,208.994
BIO-053,Week 4,4,VEGF,pg/mL,216.046
BIO-053,Week 8,8,VEGF,pg/mL,298.899
BIO-053,Baseline,0,Ferritin,ng/mL,86.906
BIO-053,Week 2,2,Ferritin,ng/mL,177.1
BIO-053,Week 4,4,Ferritin,ng/mL,104.863
BIO-053,Week 8,8,Ferritin,ng/mL,79.454
BIO-053,Baseline,0,D-dimer,mg/L,0.416
BIO-053,Week 2,2,D-dimer,mg/L,0.703
BIO-053,Week 4,4,D-dimer,mg/L,0.628
BIO-053,Week 8,8,D-dimer,mg/L,0.54
BIO-053,Baseline,0,LDH,U/L,167.189
BIO-053,Week 2,2,LDH,U/L,199.324
BIO-053,Week 4,4,LDH,U/L,166.151
BIO-053,Week 8,8,LDH,U/L,168.24
BIO-054,Baseline,0,IL-6,pg/mL,9.088
BIO-054,Week 2,2,IL-6,pg/mL,9.965
BIO-054,Week 4,4,IL-6,pg/mL,11.017
BIO-054,Week 12,12,IL-6,pg/mL,11.386
BIO-054,Baseline,0,CRP,mg/L,8.704
BIO-054,Week 2,2,CRP,mg/L,
BIO-054,Week 4,4,CRP,mg/L,7.555
BIO-054,Week 12,12,CRP,mg/L,4.062
BIO-054,Baseline,0,TNF-alpha,pg/mL,14.294
BIO-054,Week 2,2,TNF-alpha,pg/mL,13.014
BIO-054,Week 4,4,TNF-alpha,pg/mL,13.303
BIO-054,Week 12,12,TNF-alpha,pg/mL,13.413
BIO-054,Baseline,0,IL-10,pg/mL,6.04
BIO-054,Week 2,2,IL-10,pg/mL,5.524
BIO-054,Week 4,4,IL-10,pg/mL,4.912
BIO-054,Week 12,12,IL-10,pg/mL,5.898
BIO-054,Baseline,0,IFN-gamma,pg/mL,7.14
BIO-054,Week 2,2,IFN-gamma,pg/mL,4.065
BIO-054,Week 4,4,IFN-gamma,pg/mL,6.343
BIO-054,Week 12,12,IFN-gamma,pg/mL,5.51
BIO-054,Baseline,0,IL-2,pg/mL,5.31
BIO-054,Week 2,2,IL-2,pg/mL,4.92
BIO-054,Week 4,4,IL-2,pg/mL,4.227
BIO-054,Week 12,12,IL-2,pg/mL,5.725
BIO-054,Baseline,0,IL-1beta,pg/mL,2.426
BIO-054,Week 2,2,IL-1beta,pg/mL,2.857
BIO-054,Week 4,4,IL-1beta,pg/mL,2.362
BIO-054,Week 12,12,IL-1beta,pg/mL,2.344
BIO-054,Baseline,0,IL-8,pg/mL,11.858
BIO-054,Week 2,2,IL-8,pg/mL,11.666
BIO-054,Week 4,4,IL-8,pg/mL,12.44
BIO-054,Week 12,12,IL-8,pg/mL,10.425
BIO-054,Baseline,0,VEGF,pg/mL,228.956
BIO-054,Week 2,2,VEGF,pg/mL,183.629
BIO-054,Week 4,4,VEGF,pg/mL,227.6
BIO-054,Week 12,12,VEGF,pg/mL,260.556
BIO-054,Baseline,0,Ferritin,ng/mL,142.969
BIO-054,Week 2,2,Ferritin,ng/mL,141.975
BIO-054,Week 4,4,Ferritin,ng/mL,49.172
BIO-054,Week 12,12,Ferritin,ng/mL,79.53
BIO-054,Baseline,0,D-dimer,mg/L,0.14
BIO-054,Week 2,2,D-dimer,mg/L,0.17
BIO-054,Week 4,4,D-dimer,mg/L,0.217
BIO-054,Week 12,12,D-dimer,mg/L,0.119
BIO-054,Baseline,0,LDH,U/L,146.517
BIO-054,Week 2,2,LDH,U/L,170.598
BIO-054,Week 4,4,LDH,U/L,146.921
BIO-054,Week 12,12,LDH,U/L,186.153
BIO-055,Baseline,0,IL-6,pg/mL,8.908
BIO-055,Week 2,2,IL-6,pg/mL,11.179
BIO-055,Week 4,4,IL-6,pg/mL,7.996
BIO-055,Week 8,8,IL-6,pg/mL,8.787
BIO-055,Week 12,12,IL-6,pg/mL,8.919
BIO-055,Baseline,0,CRP,mg/L,1.919
BIO-055,Week 2,2,CRP,mg/L,4.847
BIO-055,Week 4,4,CRP,mg/L,1.822
BIO-055,Week 8,8,CRP,mg/L,5.422
BIO-055,Week 12,12,CRP,mg/L,3.477
BIO-055,Baseline,0,TNF-alpha,pg/mL,15.267
BIO-055,Week 2,2,TNF-alpha,pg/mL,11.057
BIO-055,Week 4,4,TNF-alpha,pg/mL,14.707
BIO-055,Week 8,8,TNF-alpha,pg/mL,12.64
BIO-055,Week 12,12,TNF-alpha,pg/mL,16.63
BIO-055,Baseline,0,IL-10,pg/mL,8.124
BIO-055,Week 2,2,IL-10,pg/mL,7.757
BIO-055,Week 4,4,IL-10,pg/mL,7.102
BIO-055,Week 8,8,IL-10,pg/mL,7.776
BIO-055,Week 12,12,IL-10,pg/mL,8.27
BIO-055,Baseline,0,IFN-gamma,pg/mL,2.352
BIO-055,Week 2,2,IFN-gamma,pg/mL,2.683
BIO-055,Week 4,4,IFN-gamma,pg/mL,2.311
BIO-055,Week 8,8,IFN-gamma,pg/mL,3.75
BIO-055,Week 12,12,IFN-gamma,pg/mL,3.593
BIO-055,Baseline,0,IL-2,pg/mL,6.918
BIO-055,Week 2,2,IL-2,pg/mL,6.166
BIO-055,Week 4,4,IL-2,pg/mL,6.086
BIO-055,Week 8,8,IL-2,pg/mL,6.81
BIO-055,Week 12,12,IL-2,pg/mL,7.012
BIO-055,Baseline,0,IL-1beta,pg/mL,2.47
BIO-055,Week 2,2,IL-1beta,pg/mL,2.269
BIO-055,Week 4,4,IL-1beta,pg/mL,2.373
BIO-055,Week 8,8,IL-1beta,pg/mL,2.014
BIO-055,Week 12,12,IL-1beta,pg/mL,2.472
BIO-055,Baseline,0,IL-8,pg/mL,10.276
BIO-055,Week 2,2,IL-8,pg/mL,12.606
BIO-055,Week 4,4,IL-8,pg/mL,7.339
BIO-055,Week 8,8,IL-8,pg/mL,9.959
BIO-055,Week 12,12,IL-8,pg/mL,7.404
BIO-055,Baseline,0,VEGF,pg/mL,325.766
BIO-055,Week 2,2,VEGF,pg/mL,326.944
BIO-055,Week 4,4,VEGF,pg/mL,353.559
BIO-055,Week 8,8,VEGF,pg/mL,395.463
BIO-055,Week 12,12,VEGF,pg/mL,374.238
BIO-055,Baseline,0,Ferritin,ng/mL,76.548
BIO-055,Week 2,2,Ferritin,ng/mL,66.63
BIO-055,Week 4,4,Ferritin,ng/mL,32.097
BIO-055,Week 8,8,Ferritin,ng/mL,78.965
BIO-055,Week 12,12,Ferritin,ng/mL,71.756
BIO-055,Baseline,0,D-dimer,mg/L,0.33
BIO-055,Week 2,2,D-dimer,mg/L,0.349
BIO-055,Week 4,4,D-dimer,mg/L,0.391
BIO-055,Week 8,8,D-dimer,mg/L,
BIO-055,Week 12,12,D-dimer,mg/L,0.404
BIO-055,Baseline,0,LDH,U/L,155.092
BIO-055,Week 2,2,LDH,U/L,163.003
BIO-055,Week 4,4,LDH,U/L,172.712
BIO-055,Week 8,8,LDH,U/L,168.511
BIO-055,Week 12,12,LDH,U/L,187.476
BIO-056,Baseline,0,IL-6,pg/mL,8.499
BIO-056,Week 2,2,IL-6,pg/mL,8.258
BIO-056,Week 4,4,IL-6,pg/mL,8.307
BIO-056,Week 8,8,IL-6,pg/mL,7.072
BIO-056,Week 12,12,IL-6,pg/mL,7.641
BIO-056,Baseline,0,CRP,mg/L,3.077
BIO-056,Week 2,2,CRP,mg/L,3.23
BIO-056,Week 4,4,CRP,mg/L,3.989
BIO-056,Week 8,8,CRP,mg/L,7.217
BIO-056,Week 12,12,CRP,mg/L,4.234
BIO-056,Baseline,0,TNF-alpha,pg/mL,13.042
BIO-056,Week 2,2,TNF-alpha,pg/mL,11.155
BIO-056,Week 4,4,TNF-alpha,pg/mL,14.351
BIO-056,Week 8,8,TNF-alpha,pg/mL,9.513
BIO-056,Week 12,12,TNF-alpha,pg/mL,13.925
BIO-056,Baseline,0,IL-10,pg/mL,6.912
BIO-056,Week 2,2,IL-10,pg/mL,5.613
BIO-056,Week 4,4,IL-10,pg/mL,6.547
BIO-056,Week 8,8,IL-10,pg/mL,6.893
BIO-056,Week 12,12,IL-10,pg/mL,7.896
BIO-056,Baseline,0,IFN-gamma,pg/mL,6.125
BIO-056,Week 2,2,IFN-gamma,pg/mL,5.587
BIO-056,Week 4,4,IFN-gamma,pg/mL,3.301
BIO-056,Week 8,8,IFN-gamma,pg/mL,6.429
BIO-056,Week 12,12,IFN-gamma,pg/mL,4.897
BIO-056,Baseline,0,IL-2,pg/mL,4.196
BIO-056,Week 2,2,IL-2,pg/mL,4.437
BIO-056,Week 4,4,IL-2,pg/mL,4.065
BIO-056,Week 8,8,IL-2,pg/mL,4.189
BIO-056,Week 12,12,IL-2,pg/mL,3.435
BIO-056,Baseline,0,IL-1beta,pg/mL,2.028
BIO-056,Week 2,2,IL-1beta,pg/mL,2.821
BIO-056,Week 4,4,IL-1beta,pg/mL,1.899
BIO-056,Week 8,8,IL-1beta,pg/mL,1.774
BIO-056,Week 12,12,IL-1beta,pg/mL,2.255
BIO-056,Baseline,0,IL-8,pg/mL,20.735
BIO-056,Week 2,2,IL-8,pg/mL,18.157
BIO-056,Week 4,4,IL-8,pg/mL,36.545
BIO-056,Week 8,8,IL-8,pg/mL,12.81
BIO-056,Week 12,12,IL-8,pg/mL,14.048
BIO-056,Baseline,0,VEGF,pg/mL,270.93
BIO-056,Week 2,2,VEGF,pg/mL,295.859
BIO-056,Week 4,4,VEGF,pg/mL,237.677
BIO-056,Week 8,8,VEGF,pg/mL,208.851
BIO-056,Week 12,12,VEGF,pg/mL,278.972
BIO-056,Baseline,0,Ferritin,ng/mL,174.611
BIO-056,Week 2,2,Ferritin,ng/mL,163.225
BIO-056,Week 4,4,Ferritin,ng/mL,78.241
BIO-056,Week 8,8,Ferritin,ng/mL,165.15
BIO-056,Week 12,12,Ferritin,ng/mL,98.557
BIO-056,Baseline,0,D-dimer,mg/L,0.219
BIO-056,Week 2,2,D-dimer,mg/L,0.365
BIO-056,Week 4,4,D-dimer,mg/L,0.328
BIO-056,Week 8,8,D-dimer,mg/L,0.23
BIO-056,Week 12,12,D-dimer,mg/L,0.18
BIO-056,Baseline,0,LDH,U/L,165.497
BIO-056,Week 2,2,LDH,U/L,156.114
BIO-056,Week 4,4,LDH,U/L,163.312
BIO-056,Week 8,8,LDH,U/L,184.25
BIO-056,Week 12,12,LDH,U/L,153.535
BIO-057,Baseline,0,IL-6,pg/mL,6.546
BIO-057,Week 2,2,IL-6,pg/mL,6.303
BIO-057,Week 8,8,IL-6,pg/mL,5.719
BIO-057,Week 12,12,IL-6,pg/mL,8.044
BIO-057,Baseline,0,CRP,mg/L,1.064
BIO-057,Week 2,2,CRP,mg/L,1.888
BIO-057,Week 8,8,CRP,mg/L,2.359
BIO-057,Week 12,12,CRP,mg/L,2.567
BIO-057,Baseline,0,TNF-alpha,pg/mL,14.446
BIO-057,Week 2,2,TNF-alpha,pg/mL,14.027
BIO-057,Week 8,8,TNF-alpha,pg/mL,16.646
BIO-057,Week 12,12,TNF-alpha,pg/mL,14.913
BIO-057,Baseline,0,IL-10,pg/mL,7.93
BIO-057,Week 2,2,IL-10,pg/mL,8.794
BIO-057,Week 8,8,IL-10,pg/mL,8.188
BIO-057,Week 12,12,IL-10,pg/mL,9.502
BIO-057,Baseline,0,IFN-gamma,pg/mL,2.109
BIO-057,Week 2,2,IFN-gamma,pg/mL,2.54
BIO-057,Week 8,8,IFN-gamma,pg/mL,3.366
BIO-057,Week 12,12,IFN-gamma,pg/mL,2.626
BIO-057,Baseline,0,IL-2,pg/mL,5.235
BIO-057,Week 2,2,IL-2,pg/mL,5.592
BIO-057,Week 8,8,IL-2,pg/mL,4.311
BIO-057,Week 12,12,IL-2,pg/mL,5.239
BIO-057,Baseline,0,IL-1beta,pg/mL,2.363
BIO-057,Week 2,2,IL-1beta,pg/mL,1.958
BIO-057,Week 8,8,IL-1beta,pg/mL,2.1
BIO-057,Week 12,12,IL-1beta,pg/mL,2.269
BIO-057,Baseline,0,IL-8,pg/mL,18.542
BIO-057,Week 2,2,IL-8,pg/mL,19.958
BIO-057,Week 8,8,IL-8,pg/mL,15.51
BIO-057,Week 12,12,IL-8,pg/mL,23.123
BIO-057,Baseline,0,VEGF,pg/mL,205.313
BIO-057,Week 2,2,VEGF,pg/mL,187.052
BIO-057,Week 8,8,VEGF,pg/mL,202.403
BIO-057,Week 12,12,VEGF,pg/mL,87.211
BIO-057,Baseline,0,Ferritin,ng/mL,62.74
BIO-057,Week 2,2,Ferritin,ng/mL,73.296
BIO-057,Week 8,8,Ferritin,ng/mL,67.319
BIO-057,Week 12,12,Ferritin,ng/mL,73.998
BIO-057,Baseline,0,D-dimer,mg/L,0.4
BIO-057,Week 2,2,D-dimer,mg/L,0.332
BIO-057,Week 8,8,D-dimer,mg/L,0.408
BIO-057,Week 12,12,D-dimer,mg/L,0.43
BIO-057,Baseline,0,LDH,U/L,170.804
BIO-057,Week 2,2,LDH,U/L,186.825
BIO-057,Week 8,8,LDH,U/L,211.932
BIO-057,Week 12,12,LDH,U/L,191.121
BIO-058,Baseline,0,IL-6,pg/mL,8.743
BIO-058,Week 2,2,IL-6,pg/mL,7.267
BIO-058,Week 4,4,IL-6,pg/mL,8.284
BIO-058,Week 8,8,IL-6,pg/mL,7.836
BIO-058,Week 12,12,IL-6,pg/mL,9.177
BIO-058,Baseline,0,CRP,mg/L,3.795
BIO-058,Week 2,2,CRP,mg/L,4.045
BIO-058,Week 4,4,CRP,mg/L,4.204
BIO-058,Week 8,8,CRP,mg/L,3.076
BIO-058,Week 12,12,CRP,mg/L,3.769
BIO-058,Baseline,0,TNF-alpha,pg/mL,13.846
BIO-058,Week 2,2,TNF-alpha,pg/mL,12.819
BIO-058,Week 4,4,TNF-alpha,pg/mL,12.13
BIO-058,Week 8,8,TNF-alpha,pg/mL,7.091
BIO-058,Week 12,12,TNF-alpha,pg/mL,12.67
BIO-058,Baseline,0,IL-10,pg/mL,7.221
BIO-058,Week 2,2,IL-10,pg/mL,5.51
BIO-058,Week 4,4,IL-10,pg/mL,
BIO-058,Week 8,8,IL-10,pg/mL,5.464
BIO-058,Week 12,12,IL-10,pg/mL,6.559
BIO-058,Baseline,0,IFN-gamma,pg/mL,3.954
BIO-058,Week 2,2,IFN-gamma,pg/mL,6.82
BIO-058,Week 4,4,IFN-gamma,pg/mL,6.258
BIO-058,Week 8,8,IFN-gamma,pg/mL,3.692
BIO-058,Week 12,12,IFN-gamma,pg/mL,3.294
BIO-058,Baseline,0,IL-2,pg/mL,4.223
BIO-058,Week 2,2,IL-2,pg/mL,3.591
BIO-058,Week 4,4,IL-2,pg/mL,5.241
BIO-058,Week 8,8,IL-2,pg/mL,4.358
BIO-058,Week 12,12,IL-2,pg/mL,4.431
BIO-058,Baseline,0,IL-1beta,pg/mL,2.106
BIO-058,Week 2,2,IL-1beta,pg/mL,1.892
BIO-058,Week 4,4,IL-1beta,pg/mL,1.678
BIO-058,Week 8,8,IL-1beta,pg/mL,2.155
BIO-058,Week 12,12,IL-1beta,pg/mL,2.59
BIO-058,Baseline,0,IL-8,pg/mL,15.555
BIO-058,Week 2,2,IL-8,pg/mL,10.08
BIO-058,Week 4,4,IL-8,pg/mL,11.987
BIO-058,Week 8,8,IL-8,pg/mL,13.836
BIO-058,Week 12,12,IL-8,pg/mL,32.834
BIO-058,Baseline,0,VEGF,pg/mL,312.854
BIO-058,Week 2,2,VEGF,pg/mL,261.188
BIO-058,Week 4,4,VEGF,pg/mL,294.277
BIO-058,Week 8,8,VEGF,pg/mL,317.678
BIO-058,Week 12,12,VEGF,pg/mL,274.806
BIO-058,Baseline,0,Ferritin,ng/mL,212.43
BIO-058,Week 2,2,Ferritin,ng/mL,139.663
BIO-058,Week 4,4,Ferritin,ng/mL,163.549
BIO-058,Week 8,8,Ferritin,ng/mL,121.873
BIO-058,Week 12,12,Ferritin,ng/mL,250.624
BIO-058,Baseline,0,D-dimer,mg/L,0.414
BIO-058,Week 2,2,D-dimer,mg/L,0.677
BIO-058,Week 4,4,D-dimer,mg/L,0.288
BIO-058,Week 8,8,D-dimer,mg/L,0.517
BIO-058,Week 12,12,D-dimer,mg/L,0.301
BIO-058,Baseline,0,LDH,U/L,174.495
BIO-058,Week 2,2,LDH,U/L,164.595
BIO-058,Week 4,4,LDH,U/L,162.318
BIO-058,Week 8,8,LDH,U/L,129.281
BIO-058,Week 12,12,LDH,U/L,156.326
BIO-059,Baseline,0,IL-6,pg/mL,5.154
BIO-059,Week 2,2,IL-6,pg/mL,3.829
BIO-059,Week 4,4,IL-6,pg/mL,4.122
BIO-059,Week 8,8,IL-6,pg/mL,5.376
BIO-059,Week 12,12,IL-6,pg/mL,6.189
BIO-059,Baseline,0,CRP,mg/L,6.673
BIO-059,Week 2,2,CRP,mg/L,4.67
BIO-059,Week 4,4,CRP,mg/L,8.883
BIO-059,Week 8,8,CRP,mg/L,5.345
BIO-059,Week 12,12,CRP,mg/L,6.328
BIO-059,Baseline,0,TNF-alpha,pg/mL,14.672
BIO-059,Week 2,2,TNF-alpha,pg/mL,16.951
BIO-059,Week 4,4,TNF-alpha,pg/mL,15.755
BIO-059,Week 8,8,TNF-alpha,pg/mL,16.884
BIO-059,Week 12,12,TNF-alpha,pg/mL,18.332
BIO-059,Baseline,0,IL-10,pg/mL,7.186
BIO-059,Week 2,2,IL-10,pg/mL,8.54
BIO-059,Week 4,4,IL-10,pg/mL,7.171
BIO-059,Week 8,8,IL-10,pg/mL,8.51
BIO-059,Week 12,12,IL-10,pg/mL,9.1
BIO-059,Baseline,0,IFN-gamma,pg/mL,1.95
BIO-059,Week 2,2,IFN-gamma,pg/mL,
BIO-059,Week 4,4,IFN-gamma,pg/mL,1.831
BIO-059,Week 8,8,IFN-gamma,pg/mL,1.514
BIO-059,Week 12,12,IFN-gamma,pg/mL,1.623
BIO-059,Baseline,0,IL-2,pg/mL,5.721
BIO-059,Week 2,2,IL-2,pg/mL,5.406
BIO-059,Week 4,4,IL-2,pg/mL,6.212
BIO-059,Week 8,8,IL-2,pg/mL,5.99
BIO-059,Week 12,12,IL-2,pg/mL,5.844
BIO-059,Baseline,0,IL-1beta,pg/mL,2.222
BIO-059,Week 2,2,IL-1beta,pg/mL,1.397
BIO-059,Week 4,4,IL-1beta,pg/mL,2.144
BIO-059,Week 8,8,IL-1beta,pg/mL,1.912
BIO-059,Week 12,12,IL-1beta,pg/mL,2.092
BIO-059,Baseline,0,IL-8,pg/mL,16.234
BIO-059,Week 2,2,IL-8,pg/mL,18.26
BIO-059,Week 4,4,IL-8,pg/mL,23.719
BIO-059,Week 8,8,IL-8,pg/mL,30.106
BIO-059,Week 12,12,IL-8,pg/mL,16.085
BIO-059,Baseline,0,VEGF,pg/mL,317.942
BIO-059,Week 2,2,VEGF,pg/mL,272.722
BIO-059,Week 4,4,VEGF,pg/mL,280.681
BIO-059,Week 8,8,VEGF,pg/mL,231.582
BIO-059,Week 12,12,VEGF,pg/mL,264.43
BIO-059,Baseline,0,Ferritin,ng/mL,102.938
BIO-059,Week 2,2,Ferritin,ng/mL,82.676
BIO-059,Week 4,4,Ferritin,ng/mL,54.611
BIO-059,Week 8,8,Ferritin,ng/mL,105.348
BIO-059,Week 12,12,Ferritin,ng/mL,120.527
BIO-059,Baseline,0,D-dimer,mg/L,0.182
BIO-059,Week 2,2,D-dimer,mg/L,0.275
BIO-059,Week 4,4,D-dimer,mg/L,0.261
BIO-059,Week 8,8,D-dimer,mg/L,0.214
BIO-059,Week 12,12,D-dimer,mg/L,0.333
BIO-059,Baseline,0,LDH,U/L,219.505
BIO-059,Week 2,2,LDH,U/L,195.573
BIO-059,Week 4,4,LDH,U/L,208.929
BIO-059,Week 8,8,LDH,U/L,188.121
BIO-059,Week 12,12,LDH,U/L,193.018
BIO-060,Baseline,0,IL-6,pg/mL,7.507
BIO-060,Week 4,4,IL-6,pg/mL,6.547
BIO-060,Week 8,8,IL-6,pg/mL,6.135
BIO-060,Week 12,12,IL-6,pg/mL,6.101
BIO-060,Baseline,0,CRP,mg/L,6.599
BIO-060,Week 4,4,CRP,mg/L,2.964
BIO-060,Week 8,8,CRP,mg/L,2.881
BIO-060,Week 12,12,CRP,mg/L,3.299
BIO-060,Baseline,0,TNF-alpha,pg/mL,6.013
BIO-060,Week 4,4,TNF-alpha,pg/mL,9.296
BIO-060,Week 8,8,TNF-alpha,pg/mL,11.459
BIO-060,Week 12,12,TNF-alpha,pg/mL,10.066
BIO-060,Baseline,0,IL-10,pg/mL,4.522
BIO-060,Week 4,4,IL-10,pg/mL,2.085
BIO-060,Week 8,8,IL-10,pg/mL,6.023
BIO-060,Week 12,12,IL-10,pg/mL,4.616
BIO-060,Baseline,0,IFN-gamma,pg/mL,4.078
BIO-060,Week 4,4,IFN-gamma,pg/mL,3.079
BIO-060,Week 8,8,IFN-gamma,pg/mL,3.192
BIO-060,Week 12,12,IFN-gamma,pg/mL,2.853
BIO-060,Baseline,0,IL-2,pg/mL,3.338
BIO-060,Week 4,4,IL-2,pg/mL,4.913
BIO-060,Week 8,8,IL-2,pg/mL,2.942
BIO-060,Week 12,12,IL-2,pg/mL,3.618
BIO-060,Baseline,0,IL-1beta,pg/mL,2.104
BIO-060,Week 4,4,IL-1beta,pg/mL,2.01
BIO-060,Week 8,8,IL-1beta,pg/mL,2.493
BIO-060,Week 12,12,IL-1beta,pg/mL,2.317
BIO-060,Baseline,0,IL-8,pg/mL,16.203
BIO-060,Week 4,4,IL-8,pg/mL,7.57
BIO-060,Week 8,8,IL-8,pg/mL,18.732
BIO-060,Week 12,12,IL-8,pg/mL,11.416
BIO-060,Baseline,0,VEGF,pg/mL,231.465
BIO-060,Week 4,4,VEGF,pg/mL,293.019
BIO-060,Week 8,8,VEGF,pg/mL,220.634
BIO-060,Week 12,12,VEGF,pg/mL,272.237
BIO-060,Baseline,0,Ferritin,ng/mL,143.92
BIO-060,Week 4,4,Ferritin,ng/mL,171.718
BIO-060,Week 8,8,Ferritin,ng/mL,120.704
BIO-060,Week 12,12,Ferritin,ng/mL,110.36
BIO-060,Baseline,0,D-dimer,mg/L,0.68
BIO-060,Week 4,4,D-dimer,mg/L,0.33
BIO-060,Week 8,8,D-dimer,mg/L,0.495
BIO-060,Week 12,12,D-dimer,mg/L,0.462
BIO-060,Baseline,0,LDH,U/L,202.527
BIO-060,Week 4,4,LDH,U/L,187.083
BIO-060,Week 8,8,LDH,U/L,173.046
BIO-060,Week 12,12,LDH,U/L,187.652
BIO-061,Baseline,0,IL-6,pg/mL,9.436
BIO-061,Week 2,2,IL-6,pg/mL,5.709
BIO-061,Week 4,4,IL-6,pg/mL,8.063
BIO-061,Week 8,8,IL-6,pg/mL,6.491
BIO-061,Week 12,12,IL-6,pg/mL,7.241
BIO-061,Baseline,0,CRP,mg/L,11.857
BIO-061,Week 2,2,CRP,mg/L,10.741
BIO-061,Week 4,4,CRP,mg/L,7.43
BIO-061,Week 8,8,CRP,mg/L,11.019
BIO-061,Week 12,12,CRP,mg/L,3.216
BIO-061,Baseline,0,TNF-alpha,pg/mL,13.544
BIO-061,Week 2,2,TNF-alpha,pg/mL,10.939
BIO-061,Week 4,4,TNF-alpha,pg/mL,17.652
BIO-061,Week 8,8,TNF-alpha,pg/mL,11.833
BIO-061,Week 12,12,TNF-alpha,pg/mL,14.477
BIO-061,Baseline,0,IL-10,pg/mL,5.48
BIO-061,Week 2,2,IL-10,pg/mL,5.964
BIO-061,Week 4,4,IL-10,pg/mL,6.674
BIO-061,Week 8,8,IL-10,pg/mL,4.282
BIO-061,Week 12,12,IL-10,pg/mL,5.753
BIO-061,Baseline,0,IFN-gamma,pg/mL,4.814
BIO-061,Week 2,2,IFN-gamma,pg/mL,6.002
BIO-061,Week 4,4,IFN-gamma,pg/mL,9.362
BIO-061,Week 8,8,IFN-gamma,pg/mL,5.345
BIO-061,Week 12,12,IFN-gamma,pg/mL,4.606
BIO-061,Baseline,0,IL-2,pg/mL,5.495
BIO-061,Week 2,2,IL-2,pg/mL,3.333
BIO-061,Week 4,4,IL-2,pg/mL,4.456
BIO-061,Week 8,8,IL-2,pg/mL,5.137
BIO-061,Week 12,12,IL-2,pg/mL,3.674
BIO-061,Baseline,0,IL-1beta,pg/mL,3.063
BIO-061,Week 2,2,IL-1beta,pg/mL,2.818
BIO-061,Week 4,4,IL-1beta,pg/mL,2.64
BIO-061,Week 8,8,IL-1beta,pg/mL,2.478
BIO-061,Week 12,12,IL-1beta,pg/mL,2.66
BIO-061,Baseline,0,IL-8,pg/mL,10.538
BIO-061,Week 2,2,IL-8,pg/mL,10.189
BIO-061,Week 4,4,IL-8,pg/mL,14.778
BIO-061,Week 8,8,IL-8,pg/mL,10.383
BIO-061,Week 12,12,IL-8,pg/mL,10.333
BIO-061,Baseline,0,VEGF,pg/mL,236.423
BIO-061,Week 2,2,VEGF,pg/mL,244.405
BIO-061,Week 4,4,VEGF,pg/mL,202.342
BIO-061,Week 8,8,VEGF,pg/mL,249.749
BIO-061,Week 12,12,VEGF,pg/mL,223.22
BIO-061,Baseline,0,Ferritin,ng/mL,82.371
BIO-061,Week 2,2,Ferritin,ng/mL,94.551
BIO-061,Week 4,4,Ferritin,ng/mL,73.891
BIO-061,Week 8,8,Ferritin,ng/mL,106.006
BIO-061,Week 12,12,Ferritin,ng/mL,117.153
BIO-061,Baseline,0,D-dimer,mg/L,0.335
BIO-061,Week 2,2,D-dimer,mg/L,0.422
BIO-061,Week 4,4,D-dimer,mg/L,0.388
BIO-061,Week 8,8,D-dimer,mg/L,0.543
BIO-061,Week 12,12,D-dimer,mg/L,0.314
BIO-061,Baseline,0,LDH,U/L,216.741
BIO-061,Week 2,2,LDH,U/L,204.469
BIO-061,Week 4,4,LDH,U/L,195.118
BIO-061,Week 8,8,LDH,U/L,212.285
BIO-061,Week 12,12,LDH,U/L,212.578
BIO-062,Baseline,0,IL-6,pg/mL,6.534
BIO-062,Week 2,2,IL-6,pg/mL,5.189
BIO-062,Week 4,4,IL-6,pg/mL,7.075
BIO-062,Week 8,8,IL-6,pg/mL,6.119
BIO-062,Baseline,0,CRP,mg/L,2.656
BIO-062,Week 2,2,CRP,mg/L,2.586
BIO-062,Week 4,4,CRP,mg/L,4.053
BIO-062,Week 8,8,CRP,mg/L,5.015
BIO-062,Baseline,0,TNF-alpha,pg/mL,7.735
BIO-062,Week 2,2,TNF-alpha,pg/mL,6.707
BIO-062,Week 4,4,TNF-alpha,pg/mL,8.159
BIO-062,Week 8,8,TNF-alpha,pg/mL,8.712
BIO-062,Baseline,0,IL-10,pg/mL,3.762
BIO-062,Week 2,2,IL-10,pg/mL,3.581
BIO-062,Week 4,4,IL-10,pg/mL,5.127
BIO-062,Week 8,8,IL-10,pg/mL,5.234
BIO-062,Baseline,0,IFN-gamma,pg/mL,2.367
BIO-062,Week 2,2,IFN-gamma,pg/mL,5.667
BIO-062,Week 4,4,IFN-gamma,pg/mL,3.858
BIO-062,Week 8,8,IFN-gamma,pg/mL,2.69
BIO-062,Baseline,0,IL-2,pg/mL,6.195
BIO-062,Week 2,2,IL-2,pg/mL,6.317
BIO-062,Week 4,4,IL-2,pg/mL,6.349
BIO-062,Week 8,8,IL-2,pg/mL,4.712
BIO-062,Baseline,0,IL-1beta,pg/mL,3.285
BIO-062,Week 2,2,IL-1beta,pg/mL,2.799
BIO-062,Week 4,4,IL-1beta,pg/mL,3.229
BIO-062,Week 8,8,IL-1beta,pg/mL,2.916
BIO-062,Baseline,0,IL-8,pg/mL,12.991
BIO-062,Week 2,2,IL-8,pg/mL,23.255
BIO-062,Week 4,4,IL-8,pg/mL,28.669
BIO-062,Week 8,8,IL-8,pg/mL,15.693
BIO-062,Baseline,0,VEGF,pg/mL,265.254
BIO-062,Week 2,2,VEGF,pg/mL,265.486
BIO-062,Week 4,4,VEGF,pg/mL,306.59
BIO-062,Week 8,8,VEGF,pg/mL,281.19
BIO-062,Baseline,0,Ferritin,ng/mL,304.319
BIO-062,Week 2,2,Ferritin,ng/mL,200.587
BIO-062,Week 4,4,Ferritin,ng/mL,295.253
BIO-062,Week 8,8,Ferritin,ng/mL,171.806
BIO-062,Baseline,0,D-dimer,mg/L,0.426
BIO-062,Week 2,2,D-dimer,mg/L,0.382
BIO-062,Week 4,4,D-dimer,mg/L,0.338
BIO-062,Week 8,8,D-dimer,mg/L,0.376
BIO-062,Baseline,0,LDH,U/L,178.233
BIO-062,Week 2,2,LDH,U/L,167.138
BIO-062,Week 4,4,LDH,U/L,190.919
BIO-062,Week 8,8,LDH,U/L,180.612
BIO-063,Baseline,0,IL-6,pg/mL,8.45
BIO-063,Week 2,2,IL-6,pg/mL,4.916
BIO-063,Week 4,4,IL-6,pg/mL,5.637
BIO-063,Week 8,8,IL-6,pg/mL,8.58
BIO-063,Baseline,0,CRP,mg/L,1.036
BIO-063,Week 2,2,CRP,mg/L,1.907
BIO-063,Week 4,4,CRP,mg/L,2.895
BIO-063,Week 8,8,CRP,mg/L,1.982
BIO-063,Baseline,0,TNF-alpha,pg/mL,12.803
BIO-063,Week 2,2,TNF-alpha,pg/mL,10.882
BIO-063,Week 4,4,TNF-alpha,pg/mL,12.995
BIO-063,Week 8,8,TNF-alpha,pg/mL,11.837
BIO-063,Baseline,0,IL-10,pg/mL,7.731
BIO-063,Week 2,2,IL-10,pg/mL,7.831
BIO-063,Week 4,4,IL-10,pg/mL,8.395
BIO-063,Week 8,8,IL-10,pg/mL,8.529
BIO-063,Baseline,0,IFN-gamma,pg/mL,8.168
BIO-063,Week 2,2,IFN-gamma,pg/mL,5.133
BIO-063,Week 4,4,IFN-gamma,pg/mL,7.152
BIO-063,Week 8,8,IFN-gamma,pg/mL,3.392
BIO-063,Baseline,0,IL-2,pg/mL,5.42
BIO-063,Week 2,2,IL-2,pg/mL,5.368
BIO-063,Week 4,4,IL-2,pg/mL,5.304
BIO-063,Week 8,8,IL-2,pg/mL,5.337
BIO-063,Baseline,0,IL-1beta,pg/mL,1.817
BIO-063,Week 2,2,IL-1beta,pg/mL,1.747
BIO-063,Week 4,4,IL-1beta,pg/mL,1.916
BIO-063,Week 8,8,IL-1beta,pg/mL,2.114
BIO-063,Baseline,0,IL-8,pg/mL,11.758
BIO-063,Week 2,2,IL-8,pg/mL,7.947
BIO-063,Week 4,4,IL-8,pg/mL,9.086
BIO-063,Week 8,8,IL-8,pg/mL,9.457
BIO-063,Baseline,0,VEGF,pg/mL,274.414
BIO-063,Week 2,2,VEGF,pg/mL,263.99
BIO-063,Week 4,4,VEGF,pg/mL,278.37
BIO-063,Week 8,8,VEGF,pg/mL,287.42
BIO-063,Baseline,0,Ferritin,ng/mL,63.992
BIO-063,Week 2,2,Ferritin,ng/mL,163.116
BIO-063,Week 4,4,Ferritin,ng/mL,133.106
BIO-063,Week 8,8,Ferritin,ng/mL,144.48
BIO-063,Baseline,0,D-dimer,mg/L,0.24
BIO-063,Week 2,2,D-dimer,mg/L,0.287
BIO-063,Week 4,4,D-dimer,mg/L,0.257
BIO-063,Week 8,8,D-dimer,mg/L,0.231
BIO-063,Baseline,0,LDH,U/L,139.569
BIO-063,Week 2,2,LDH,U/L,158.524
BIO-063,Week 4,4,LDH,U/L,159.32
BIO-063,Week 8,8,LDH,U/L,163.256
BIO-064,Baseline,0,IL-6,pg/mL,4.871
BIO-064,Week 2,2,IL-6,pg/mL,4.771
BIO-064,Week 4,4,IL-6,pg/mL,5.139
BIO-064,Week 8,8,IL-6,pg/mL,6.01
BIO-064,Week 12,12,IL-6,pg/mL,6.063
BIO-064,Baseline,0,CRP,mg/L,2.619
BIO-064,Week 2,2,CRP,mg/L,6.034
BIO-064,Week 4,4,CRP,mg/L,4.469
BIO-064,Week 8,8,CRP,mg/L,5.386
BIO-064,Week 12,12,CRP,mg/L,5.293
BIO-064,Baseline,0,TNF-alpha,pg/mL,9.056
BIO-064,Week 2,2,TNF-alpha,pg/mL,9.424
BIO-064,Week 4,4,TNF-alpha,pg/mL,9.015
BIO-064,Week 8,8,TNF-alpha,pg/mL,5.027
BIO-064,Week 12,12,TNF-alpha,pg/mL,11.753
BIO-064,Baseline,0,IL-10,pg/mL,6.371
BIO-064,Week 2,2,IL-10,pg/mL,6.239
BIO-064,Week 4,4,IL-10,pg/mL,7.39
BIO-064,Week 8,8,IL-10,pg/mL,5.542
BIO-064,Week 12,12,IL-10,pg/mL,5.895
BIO-064,Baseline,0,IFN-gamma,pg/mL,3.825
BIO-064,Week 2,2,IFN-gamma,pg/mL,2.078
BIO-064,Week 4,4,IFN-gamma,pg/mL,1.791
BIO-064,Week 8,8,IFN-gamma,pg/mL,2.883
BIO-064,Week 12,12,IFN-gamma,pg/mL,4.239
BIO-064,Baseline,0,IL-2,pg/mL,4.197
BIO-064,Week 2,2,IL-2,pg/mL,4.881
BIO-064,Week 4,4,IL-2,pg/mL,3.557
BIO-064,Week 8,8,IL-2,pg/mL,5.096
BIO-064,Week 12,12,IL-2,pg/mL,3.46
BIO-064,Baseline,0,IL-1beta,pg/mL,2.252
BIO-064,Week 2,2,IL-1beta,pg/mL,2.373
BIO-064,Week 4,4,IL-1beta,pg/mL,2.276
BIO-064,Week 8,8,IL-1beta,pg/mL,2.673
BIO-064,Week 12,12,IL-1beta,pg/mL,2.375
BIO-064,Baseline,0,IL-8,pg/mL,29.02
BIO-064,Week 2,2,IL-8,pg/mL,25.395
BIO-064,Week 4,4,IL-8,pg/mL,23.617
BIO-064,Week 8,8,IL-8,pg/mL,15.161
BIO-064,Week 12,12,IL-8,pg/mL,16.153
BIO-064,Baseline,0,VEGF,pg/mL,281.124
BIO-064,Week 2,2,VEGF,pg/mL,205.804
BIO-064,Week 4,4,VEGF,pg/mL,276.733
BIO-064,Week 8,8,VEGF,pg/mL,269.06
BIO-064,Week 12,12,VEGF,pg/mL,268.443
BIO-064,Baseline,0,Ferritin,ng/mL,117.428
BIO-064,Week 2,2,Ferritin,ng/mL,132.16
BIO-064,Week 4,4,Ferritin,ng/mL,78.686
BIO-064,Week 8,8,Ferritin,ng/mL,103.804
BIO-064,Week 12,12,Ferritin,ng/mL,52.519
BIO-064,Baseline,0,D-dimer,mg/L,0.544
BIO-064,Week 2,2,D-dimer,mg/L,0.384
BIO-064,Week 4,4,D-dimer,mg/L,0.804
BIO-064,Week 8,8,D-dimer,mg/L,0.559
BIO-064,Week 12,12,D-dimer,mg/L,0.41
BIO-064,Baseline,0,LDH,U/L,190.635
BIO-064,Week 2,2,LDH,U/L,204.15
BIO-064,Week 4,4,LDH,U/L,170.029
BIO-064,Week 8,8,LDH,U/L,167.109
BIO-064,Week 12,12,LDH,U/L,168.512
BIO-065,Baseline,0,IL-6,pg/mL,6.11
BIO-065,Week 2,2,IL-6,pg/mL,4.134
BIO-065,Week 4,4,IL-6,pg/mL,5.14
BIO-065,Week 8,8,IL-6,pg/mL,5.637
BIO-065,Week 12,12,IL-6,pg/mL,4.531
BIO-065,Baseline,0,CRP,mg/L,2.44
BIO-065,Week 2,2,CRP,mg/L,2.678
BIO-065,Week 4,4,CRP,mg/L,2.205
BIO-065,Week 8,8,CRP,mg/L,2.648
BIO-065,Week 12,12,CRP,mg/L,2.072
BIO-065,Baseline,0,TNF-alpha,pg/mL,9.001
BIO-065,Week 2,2,TNF-alpha,pg/mL,9.668
BIO-065,Week 4,4,TNF-alpha,pg/mL,13.219
BIO-065,Week 8,8,TNF-alpha,pg/mL,11.51
BIO-065,Week 12,12,TNF-alpha,pg/mL,12.054
BIO-065,Baseline,0,IL-10,pg/mL,4.687
BIO-065,Week 2,2,IL-10,pg/mL,6.039
BIO-065,Week 4,4,IL-10,pg/mL,4.677
BIO-065,Week 8,8,IL-10,pg/mL,6.79
BIO-065,Week 12,12,IL-10,pg/mL,6.027
BIO-065,Baseline,0,IFN-gamma,pg/mL,3.198
BIO-065,Week 2,2,IFN-gamma,pg/mL,4.247
BIO-065,Week 4,4,IFN-gamma,pg/mL,6.134
BIO-065,Week 8,8,IFN-gamma,pg/mL,5.816
BIO-065,Week 12,12,IFN-gamma,pg/mL,3.847
BIO-065,Baseline,0,IL-2,pg/mL,6.983
BIO-065,Week 2,2,IL-2,pg/mL,5.746
BIO-065,Week 4,4,IL-2,pg/mL,5.388
BIO-065,Week 8,8,IL-2,pg/mL,6.303
BIO-065,Week 12,12,IL-2,pg/mL,6.886
BIO-065,Baseline,0,IL-1beta,pg/mL,2.574
BIO-065,Week 2,2,IL-1beta,pg/mL,2.254
BIO-065,Week 4,4,IL-1beta,pg/mL,
BIO-065,Week 8,8,IL-1beta,pg/mL,2.715
BIO-065,Week 12,12,IL-1beta,pg/mL,2.855
BIO-065,Baseline,0,IL-8,pg/mL,16.324
BIO-065,Week 2,2,IL-8,pg/mL,10.753
BIO-065,Week 4,4,IL-8,pg/mL,28.854
BIO-065,Week 8,8,IL-8,pg/mL,25.143
BIO-065,Week 12,12,IL-8,pg/mL,29.78
BIO-065,Baseline,0,VEGF,pg/mL,289.487
BIO-065,Week 2,2,VEGF,pg/mL,288.459
BIO-065,Week 4,4,VEGF,pg/mL,249.266
BIO-065,Week 8,8,VEGF,pg/mL,250.918
BIO-065,Week 12,12,VEGF,pg/mL,313.684
BIO-065,Baseline,0,Ferritin,ng/mL,105.57
BIO-065,Week 2,2,Ferritin,ng/mL,156.501
BIO-065,Week 4,4,Ferritin,ng/mL,136.019
BIO-065,Week 8,8,Ferritin,ng/mL,210.987
BIO-065,Week 12,12,Ferritin,ng/mL,105.866
BIO-065,Baseline,0,D-dimer,mg/L,0.321
BIO-065,Week 2,2,D-dimer,mg/L,0.311
BIO-065,Week 4,4,D-dimer,mg/L,0.378
BIO-065,Week 8,8,D-dimer,mg/L,0.479
BIO-065,Week 12,12,D-dimer,mg/L,0.228
BIO-065,Baseline,0,LDH,U/L,203.702
BIO-065,Week 2,2,LDH,U/L,180.46
BIO-065,Week 4,4,LDH,U/L,196.97
BIO-065,Week 8,8,LDH,U/L,164.75
BIO-065,Week 12,12,LDH,U/L,194.82
BIO-066,Baseline,0,IL-6,pg/mL,7.63
BIO-066,Week 2,2,IL-6,pg/mL,6.706
BIO-066,Week 8,8,IL-6,pg/mL,5.428
BIO-066,Week 12,12,IL-6,pg/mL,5.153
BIO-066,Baseline,0,CRP,mg/L,8.39
BIO-066,Week 2,2,CRP,mg/L,5.077
BIO-066,Week 8,8,CRP,mg/L,5.728
BIO-066,Week 12,12,CRP,mg/L,9.977
BIO-066,Baseline,0,TNF-alpha,pg/mL,12.325
BIO-066,Week 2,2,TNF-alpha,pg/mL,12.265
BIO-066,Week 8,8,TNF-alpha,pg/mL,18.004
BIO-066,Week 12,12,TNF-alpha,pg/mL,12.888
BIO-066,Baseline,0,IL-10,pg/mL,5.361
BIO-066,Week 2,2,IL-10,pg/mL,6.035
BIO-066,Week 8,8,IL-10,pg/mL,6.807
BIO-066,Week 12,12,IL-10,pg/mL,6.1
BIO-066,Baseline,0,IFN-gamma,pg/mL,5.752
BIO-066,Week 2,2,IFN-gamma,pg/mL,3.921
BIO-066,Week 8,8,IFN-gamma,pg/mL,1.788
BIO-066,Week 12,12,IFN-gamma,pg/mL,4.654
BIO-066,Baseline,0,IL-2,pg/mL,4.351
BIO-066,Week 2,2,IL-2,pg/mL,6.263
BIO-066,Week 8,8,IL-2,pg/mL,5.594
BIO-066,Week 12,12,IL-2,pg/mL,4.897
BIO-066,Baseline,0,IL-1beta,pg/mL,3.525
BIO-066,Week 2,2,IL-1beta,pg/mL,3.278
BIO-066,Week 8,8,IL-1beta,pg/mL,3.177
BIO-066,Week 12,12,IL-1beta,pg/mL,2.553
BIO-066,Baseline,0,IL-8,pg/mL,15.808
BIO-066,Week 2,2,IL-8,pg/mL,
BIO-066,Week 8,8,IL-8,pg/mL,24.328
BIO-066,Week 12,12,IL-8,pg/mL,17.437
BIO-066,Baseline,0,VEGF,pg/mL,236.581
BIO-066,Week 2,2,VEGF,pg/mL,197.296
BIO-066,Week 8,8,VEGF,pg/mL,218.08
BIO-066,Week 12,12,VEGF,pg/mL,298.062
BIO-066,Baseline,0,Ferritin,ng/mL,114.913
BIO-066,Week 2,2,Ferritin,ng/mL,332.266
BIO-066,Week 8,8,Ferritin,ng/mL,220.296
BIO-066,Week 12,12,Ferritin,ng/mL,85.252
BIO-066,Baseline,0,D-dimer,mg/L,0.65
BIO-066,Week 2,2,D-dimer,mg/L,0.402
BIO-066,Week 8,8,D-dimer,mg/L,0.613
BIO-066,Week 12,12,D-dimer,mg/L,0.568
BIO-066,Baseline,0,LDH,U/L,180.772
BIO-066,Week 2,2,LDH,U/L,182.931
BIO-066,Week 8,8,LDH,U/L,160.362
BIO-066,Week 12,12,LDH,U/L,190.656
BIO-067,Baseline,0,IL-6,pg/mL,8.171
BIO-067,Week 2,2,IL-6,pg/mL,9.44
BIO-067,Week 4,4,IL-6,pg/mL,8.115
BIO-067,Week 8,8,IL-6,pg/mL,9.787
BIO-067,Week 12,12,IL-6,pg/mL,
BIO-067,Baseline,0,CRP,mg/L,3.132
BIO-067,Week 2,2,CRP,mg/L,1.407
BIO-067,Week 4,4,CRP,mg/L,2.644
BIO-067,Week 8,8,CRP,mg/L,1.223
BIO-067,Week 12,12,CRP,mg/L,0.818
BIO-067,Baseline,0,TNF-alpha,pg/mL,9.947
BIO-067,Week 2,2,TNF-alpha,pg/mL,11.795
BIO-067,Week 4,4,TNF-alpha,pg/mL,14.655
BIO-067,Week 8,8,TNF-alpha,pg/mL,11.579
BIO-067,Week 12,12,TNF-alpha,pg/mL,15.564
BIO-067,Baseline,0,IL-10,pg/mL,5.033
BIO-067,Week 2,2,IL-10,pg/mL,6.101
BIO-067,Week 4,4,IL-10,pg/mL,6.766
BIO-067,Week 8,8,IL-10,pg/mL,5.181
BIO-067,Week 12,12,IL-10,pg/mL,7.196
BIO-067,Baseline,0,IFN-gamma,pg/mL,4.259
BIO-067,Week 2,2,IFN-gamma,pg/mL,5.199
BIO-067,Week 4,4,IFN-gamma,pg/mL,5.279
BIO-067,Week 8,8,IFN-gamma,pg/mL,2.581
BIO-067,Week 12,12,IFN-gamma,pg/mL,6.184
BIO-067,Baseline,0,IL-2,pg/mL,6.598
BIO-067,Week 2,2,IL-2,pg/mL,4.562
BIO-067,Week 4,4,IL-2,pg/mL,5.456
BIO-067,Week 8,8,IL-2,pg/mL,5.983
BIO-067,Week 12,12,IL-2,pg/mL,5.887
BIO-067,Baseline,0,IL-1beta,pg/mL,1.963
BIO-067,Week 2,2,IL-1beta,pg/mL,2.758
BIO-067,Week 4,4,IL-1beta,pg/mL,2.523
BIO-067,Week 8,8,IL-1beta,pg/mL,2.263
BIO-067,Week 12,12,IL-1beta,pg/mL,2.486
BIO-067,Baseline,0,IL-8,pg/mL,12.453
BIO-067,Week 2,2,IL-8,pg/mL,11.094
BIO-067,Week 4,4,IL-8,pg/mL,17.167
BIO-067,Week 8,8,IL-8,pg/mL,8.645
BIO-067,Week 12,12,IL-8,pg/mL,21.062
BIO-067,Baseline,0,VEGF,pg/mL,289.349
BIO-067,Week 2,2,VEGF,pg/mL,311.046
BIO-067,Week 4,4,VEGF,pg/mL,318.619
BIO-067,Week 8,8,VEGF,pg/mL,345.013
BIO-067,Week 12,12,VEGF,pg/mL,293.636
BIO-067,Baseline,0,Ferritin,ng/mL,65.212
BIO-067,Week 2,2,Ferritin,ng/mL,38.836
BIO-067,Week 4,4,Ferritin,ng/mL,67.069
BIO-067,Week 8,8,Ferritin,ng/mL,54.82
BIO-067,Week 12,12,Ferritin,ng/mL,57.403
BIO-067,Baseline,0,D-dimer,mg/L,0.306
BIO-067,Week 2,2,D-dimer,mg/L,0.341
BIO-067,Week 4,4,D-dimer,mg/L,0.232
BIO-067,Week 8,8,D-dimer,mg/L,0.307
BIO-067,Week 12,12,D-dimer,mg/L,0.269
BIO-067,Baseline,0,LDH,U/L,184.115
BIO-067,Week 2,2,LDH,U/L,146.891
BIO-067,Week 4,4,LDH,U/L,164.782
BIO-067,Week 8,8,LDH,U/L,147.185
BIO-067,Week 12,12,LDH,U/L,135.902
BIO-068,Baseline,0,IL-6,pg/mL,6.135
BIO-068,Week 2,2,IL-6,pg/mL,6.094
BIO-068,Week 4,4,IL-6,pg/mL,4.735
BIO-068,Week 8,8,IL-6,pg/mL,5.802
BIO-068,Week 12,12,IL-6,pg/mL,6.865
BIO-068,Baseline,0,CRP,mg/L,1.517
BIO-068,Week 2,2,CRP,mg/L,3.604
BIO-068,Week 4,4,CRP,mg/L,1.756
BIO-068,Week 8,8,CRP,mg/L,2.881
BIO-068,Week 12,12,CRP,mg/L,2.275
BIO-068,Baseline,0,TNF-alpha,pg/mL,12.15
BIO-068,Week 2,2,TNF-alpha,pg/mL,13.574
BIO-068,Week 4,4,TNF-alpha,pg/mL,11.517
BIO-068,Week 8,8,TNF-alpha,pg/mL,11.07
BIO-068,Week 12,12,TNF-alpha,pg/mL,
BIO-068,Baseline,0,IL-10,pg/mL,5.155
BIO-068,Week 2,2,IL-10,pg/mL,6.315
BIO-068,Week 4,4,IL-10,pg/mL,5.246
BIO-068,Week 8,8,IL-10,pg/mL,4.91
BIO-068,Week 12,12,IL-10,pg/mL,6.769
BIO-068,Baseline,0,IFN-gamma,pg/mL,4.758
BIO-068,Week 2,2,IFN-gamma,pg/mL,4.974
BIO-068,Week 4,4,IFN-gamma,pg/mL,6.261
BIO-068,Week 8,8,IFN-gamma,pg/mL,4.046
BIO-068,Week 12,12,IFN-gamma,pg/mL,11.768
BIO-068,Baseline,0,IL-2,pg/mL,3.483
BIO-068,Week 2,2,IL-2,pg/mL,5.046
BIO-068,Week 4,4,IL-2,pg/mL,4.397
BIO-068,Week 8,8,IL-2,pg/mL,3.69
BIO-068,Week 12,12,IL-2,pg/mL,4.95
BIO-068,Baseline,0,IL-1beta,pg/mL,1.587
BIO-068,Week 2,2,IL-1beta,pg/mL,2.219
BIO-068,Week 4,4,IL-1beta,pg/mL,2.14
BIO-068,Week 8,8,IL-1beta,pg/mL,2.535
BIO-068,Week 12,12,IL-1beta,pg/mL,2.129
BIO-068,Baseline,0,IL-8,pg/mL,14.143
BIO-068,Week 2,2,IL-8,pg/mL,7.44
BIO-068,Week 4,4,IL-8,pg/mL,13.231
BIO-068,Week 8,8,IL-8,pg/mL,13.518
BIO-068,Week 12,12,IL-8,pg/mL,14.109
BIO-068,Baseline,0,VEGF,pg/mL,330.872
BIO-068,Week 2,2,VEGF,pg/mL,299.037
BIO-068,Week 4,4,VEGF,pg/mL,285.118
BIO-068,Week 8,8,VEGF,pg/mL,248.713
BIO-068,Week 12,12,VEGF,pg/mL,323.097
BIO-068,Baseline,0,Ferritin,ng/mL,68.138
BIO-068,Week 2,2,Ferritin,ng/mL,56.742
BIO-068,Week 4,4,Ferritin,ng/mL,100.234
BIO-068,Week 8,8,Ferritin,ng/mL,81.112
BIO-068,Week 12,12,Ferritin,ng/mL,103.946
BIO-068,Baseline,0,D-dimer,mg/L,0.32
BIO-068,Week 2,2,D-dimer,mg/L,0.497
BIO-068,Week 4,4,D-dimer,mg/L,0.369
BIO-068,Week 8,8,D-dimer,mg/L,0.263
BIO-068,Week 12,12,D-dimer,mg/L,0.297
BIO-068,Baseline,0,LDH,U/L,192.075
BIO-068,Week 2,2,LDH,U/L,193.085
BIO-068,Week 4,4,LDH,U/L,210.696
BIO-068,Week 8,8,LDH,U/L,176.165
BIO-068,Week 12,12,LDH,U/L,203.169
BIO-069,Baseline,0,IL-6,pg/mL,8.126
BIO-069,Week 2,2,IL-6,pg/mL,7.09
BIO-069,Week 4,4,IL-6,pg/mL,7.088
BIO-069,Week 8,8,IL-6,pg/mL,7.049
BIO-069,Week 12,12,IL-6,pg/mL,7.604
BIO-069,Baseline,0,CRP,mg/L,5.835
BIO-069,Week 2,2,CRP,mg/L,4.053
BIO-069,Week 4,4,CRP,mg/L,2.06
BIO-069,Week 8,8,CRP,mg/L,2.339
BIO-069,Week 12,12,CRP,mg/L,1.642
BIO-069,Baseline,0,TNF-alpha,pg/mL,14.987
BIO-069,Week 2,2,TNF-alpha,pg/mL,10.33
BIO-069,Week 4,4,TNF-alpha,pg/mL,9.308
BIO-069,Week 8,8,TNF-alpha,pg/mL,10.889
BIO-069,Week 12,12,TNF-alpha,pg/mL,10.072
BIO-069,Baseline,0,IL-10,pg/mL,7.003
BIO-069,Week 2,2,IL-10,pg/mL,5.054
BIO-069,Week 4,4,IL-10,pg/mL,6.12
BIO-069,Week 8,8,IL-10,pg/mL,5.557
BIO-069,Week 12,12,IL-10,pg/mL,6.553
BIO-069,Baseline,0,IFN-gamma,pg/mL,2.283
BIO-069,Week 2,2,IFN-gamma,pg/mL,2.987
BIO-069,Week 4,4,IFN-gamma,pg/mL,3.203
BIO-069,Week 8,8,IFN-gamma,pg/mL,2.037
BIO-069,Week 12,12,IFN-gamma,pg/mL,2.664
BIO-069,Baseline,0,IL-2,pg/mL,5.178
BIO-069,Week 2,2,IL-2,pg/mL,6.121
BIO-069,Week 4,4,IL-2,pg/mL,5.284
BIO-069,Week 8,8,IL-2,pg/mL,5.513
BIO-069,Week 12,12,IL-2,pg/mL,3.671
BIO-069,Baseline,0,IL-1beta,pg/mL,2.558
BIO-069,Week 2,2,IL-1beta,pg/mL,2.113
BIO-069,Week 4,4,IL-1beta,pg/mL,2.333
BIO-069,Week 8,8,IL-1beta,pg/mL,2.964
BIO-069,Week 12,12,IL-1beta,pg/mL,2.904
BIO-069,Baseline,0,IL-8,pg/mL,11.319
BIO-069,Week 2,2,IL-8,pg/mL,12.462
BIO-069,Week 4,4,IL-8,pg/mL,5.939
BIO-069,Week 8,8,IL-8,pg/mL,7.326
BIO-069,Week 12,12,IL-8,pg/mL,10.102
BIO-069,Baseline,0,VEGF,pg/mL,206.64
BIO-069,Week 2,2,VEGF,pg/mL,214.999
BIO-069,Week 4,4,VEGF,pg/mL,281.137
BIO-069,Week 8,8,VEGF,pg/mL,198.619
BIO-069,Week 12,12,VEGF,pg/mL,275.269
BIO-069,Baseline,0,Ferritin,ng/mL,178.568
BIO-069,Week 2,2,Ferritin,ng/mL,242.914
BIO-069,Week 4,4,Ferritin,ng/mL,68.541
BIO-069,Week 8,8,Ferritin,ng/mL,147.164
BIO-069,Week 12,12,Ferritin,ng/mL,181.847
BIO-069,Baseline,0,D-dimer,mg/L,0.465
BIO-069,Week 2,2,D-dimer,mg/L,0.295
BIO-069,Week 4,4,D-dimer,mg/L,0.321
BIO-069,Week 8,8,D-dimer,mg/L,0.256
BIO-069,Week 12,12,D-dimer,mg/L,0.28
BIO-069,Baseline,0,LDH,U/L,100.447
BIO-069,Week 2,2,LDH,U/L,143.111
BIO-069,Week 4,4,LDH,U/L,133.087
BIO-069,Week 8,8,LDH,U/L,138.346
BIO-069,Week 12,12,LDH,U/L,135.145
BIO-070,Baseline,0,IL-6,pg/mL,7.577
BIO-070,Week 2,2,IL-6,pg/mL,8.732
BIO-070,Week 4,4,IL-6,pg/mL,7.322
BIO-070,Week 8,8,IL-6,pg/mL,8.527
BIO-070,Week 12,12,IL-6,pg/mL,7.954
BIO-070,Baseline,0,CRP,mg/L,2.704
BIO-070,Week 2,2,CRP,mg/L,2.203
BIO-070,Week 4,4,CRP,mg/L,2.806
BIO-070,Week 8,8,CRP,mg/L,2.568
BIO-070,Week 12,12,CRP,mg/L,2.904
BIO-070,Baseline,0,TNF-alpha,pg/mL,16.765
BIO-070,Week 2,2,TNF-alpha,pg/mL,16.424
BIO-070,Week 4,4,TNF-alpha,pg/mL,15.208
BIO-070,Week 8,8,TNF-alpha,pg/mL,20.82
BIO-070,Week 12,12,TNF-alpha,pg/mL,17.029
BIO-070,Baseline,0,IL-10,pg/mL,8.38
BIO-070,Week 2,2,IL-10,pg/mL,8.554
BIO-070,Week 4,4,IL-10,pg/mL,8.504
BIO-070,Week 8,8,IL-10,pg/mL,10.599
BIO-070,Week 12,12,IL-10,pg/mL,8.227
BIO-070,Baseline,0,IFN-gamma,pg/mL,10.049
BIO-070,Week 2,2,IFN-gamma,pg/mL,7.22
BIO-070,Week 4,4,IFN-gamma,pg/mL,3.864
BIO-070,Week 8,8,IFN-gamma,pg/mL,8.696
BIO-070,Week 12,12,IFN-gamma,pg/mL,9.099
BIO-070,Baseline,0,IL-2,pg/mL,5.802
BIO-070,Week 2,2,IL-2,pg/mL,6.052
BIO-070,Week 4,4,IL-2,pg/mL,4.912
BIO-070,Week 8,8,IL-2,pg/mL,6.463
BIO-070,Week 12,12,IL-2,pg/mL,6.308
BIO-070,Baseline,0,IL-1beta,pg/mL,2.364
BIO-070,Week 2,2,IL-1beta,pg/mL,2.896
BIO-070,Week 4,4,IL-1beta,pg/mL,2.197
BIO-070,Week 8,8,IL-1beta,pg/mL,2.224
BIO-070,Week 12,12,IL-1beta,pg/mL,2.645
BIO-070,Baseline,0,IL-8,pg/mL,22.556
BIO-070,Week 2,2,IL-8,pg/mL,21.571
BIO-070,Week 4,4,IL-8,pg/mL,14.488
BIO-070,Week 8,8,IL-8,pg/mL,26.781
BIO-070,Week 12,12,IL-8,pg/mL,17.206
BIO-070,Baseline,0,VEGF,pg/mL,222.311
BIO-070,Week 2,2,VEGF,pg/mL,270.187
BIO-070,Week 4,4,VEGF,pg/mL,273.34
BIO-070,Week 8,8,VEGF,pg/mL,239.451
BIO-070,Week 12,12,VEGF,pg/mL,252.556
BIO-070,Baseline,0,Ferritin,ng/mL,72.734
BIO-070,Week 2,2,Ferritin,ng/mL,84.906
BIO-070,Week 4,4,Ferritin,ng/mL,75.822
BIO-070,Week 8,8,Ferritin,ng/mL,82.591
BIO-070,Week 12,12,Ferritin,ng/mL,151.996
BIO-070,Baseline,0,D-dimer,mg/L,0.43
BIO-070,Week 2,2,D-dimer,mg/L,0.405
BIO-070,Week 4,4,D-dimer,mg/L,0.36
BIO-070,Week 8,8,D-dimer,mg/L,0.367
BIO-070,Week 12,12,D-dimer,mg/L,0.668
BIO-070,Baseline,0,LDH,U/L,174.991
BIO-070,Week 2,2,LDH,U/L,154.253
BIO-070,Week 4,4,LDH,U/L,155.321
BIO-070,Week 8,8,LDH,U/L,
BIO-070,Week 12,12,LDH,U/L,163.761
BIO-071,Baseline,0,IL-6,pg/mL,5.454
BIO-071,Week 2,2,IL-6,pg/mL,7.451
BIO-071,Week 4,4,IL-6,pg/mL,7.032
BIO-071,Week 8,8,IL-6,pg/mL,5.412
BIO-071,Week 12,12,IL-6,pg/mL,5.737
BIO-071,Baseline,0,CRP,mg/L,1.437
BIO-071,Week 2,2,CRP,mg/L,0.764
BIO-071,Week 4,4,CRP,mg/L,1.251
BIO-071,Week 8,8,CRP,mg/L,1.944
BIO-071,Week 12,12,CRP,mg/L,1.342
BIO-071,Baseline,0,TNF-alpha,pg/mL,13.077
BIO-071,Week 2,2,TNF-alpha,pg/mL,8.494
BIO-071,Week 4,4,TNF-alpha,pg/mL,13.13
BIO-071,Week 8,8,TNF-alpha,pg/mL,14.872
BIO-071,Week 12,12,TNF-alpha,pg/mL,11.632
BIO-071,Baseline,0,IL-10,pg/mL,6.892
BIO-071,Week 2,2,IL-10,pg/mL,6.451
BIO-071,Week 4,4,IL-10,pg/mL,6.334
BIO-071,Week 8,8,IL-10,pg/mL,7.703
BIO-071,Week 12,12,IL-10,pg/mL,6.333
BIO-071,Baseline,0,IFN-gamma,pg/mL,8.475
BIO-071,Week 2,2,IFN-gamma,pg/mL,10.798
BIO-071,Week 4,4,IFN-gamma,pg/mL,7.525
BIO-071,Week 8,8,IFN-gamma,pg/mL,6.998
BIO-071,Week 12,12,IFN-gamma,pg/mL,3.66
BIO-071,Baseline,0,IL-2,pg/mL,3.444
BIO-071,Week 2,2,IL-2,pg/mL,3.867
BIO-071,Week 4,4,IL-2,pg/mL,3.835
BIO-071,Week 8,8,IL-2,pg/mL,3.802
BIO-071,Week 12,12,IL-2,pg/mL,4.309
BIO-071,Baseline,0,IL-1beta,pg/mL,2.595
BIO-071,Week 2,2,IL-1beta,pg/mL,2.376
BIO-071,Week 4,4,IL-1beta,pg/mL,
BIO-071,Week 8,8,IL-1beta,pg/mL,2.673
BIO-071,Week 12,12,IL-1beta,pg/mL,2.251
BIO-071,Baseline,0,IL-8,pg/mL,23.992
BIO-071,Week 2,2,IL-8,pg/mL,23.173
BIO-071,Week 4,4,IL-8,pg/mL,30.161
BIO-071,Week 8,8,IL-8,pg/mL,34.876
BIO-071,Week 12,12,IL-8,pg/mL,16.313
BIO-071,Baseline,0,VEGF,pg/mL,292.592
BIO-071,Week 2,2,VEGF,pg/mL,286.201
BIO-071,Week 4,4,VEGF,pg/mL,222.498
BIO-071,Week 8,8,VEGF,pg/mL,280.834
BIO-071,Week 12,12,VEGF,pg/mL,267.587
BIO-071,Baseline,0,Ferritin,ng/mL,185.98
BIO-071,Week 2,2,Ferritin,ng/mL,165.314
BIO-071,Week 4,4,Ferritin,ng/mL,185.349
BIO-071,Week 8,8,Ferritin,ng/mL,196.26
BIO-071,Week 12,12,Ferritin,ng/mL,204.384
BIO-071,Baseline,0,D-dimer,mg/L,0.439
BIO-071,Week 2,2,D-dimer,mg/L,0.488
BIO-071,Week 4,4,D-dimer,mg/L,0.303
BIO-071,Week 8,8,D-dimer,mg/L,0.696
BIO-071,Week 12,12,D-dimer,mg/L,1.006
BIO-071,Baseline,0,LDH,U/L,216.622
BIO-071,Week 2,2,LDH,U/L,221.124
BIO-071,Week 4,4,LDH,U/L,197.928
BIO-071,Week 8,8,LDH,U/L,210.421
BIO-071,Week 12,12,LDH,U/L,208.29
BIO-072,Baseline,0,IL-6,pg/mL,6.753
BIO-072,Week 8,8,IL-6,pg/mL,5.517
BIO-072,Week 12,12,IL-6,pg/mL,6.108
BIO-072,Baseline,0,CRP,mg/L,3.237
BIO-072,Week 8,8,CRP,mg/L,5.199
BIO-072,Week 12,12,CRP,mg/L,4.689
BIO-072,Baseline,0,TNF-alpha,pg/mL,12.182
BIO-072,Week 8,8,TNF-alpha,pg/mL,15.106
BIO-072,Week 12,12,TNF-alpha,pg/mL,13.859
BIO-072,Baseline,0,IL-10,pg/mL,6.565
BIO-072,Week 8,8,IL-10,pg/mL,5.898
BIO-072,Week 12,12,IL-10,pg/mL,6.927
BIO-072,Baseline,0,IFN-gamma,pg/mL,3.789
BIO-072,Week 8,8,IFN-gamma,pg/mL,3.059
BIO-072,Week 12,12,IFN-gamma,pg/mL,
BIO-072,Baseline,0,IL-2,pg/mL,5.26
BIO-072,Week 8,8,IL-2,pg/mL,6.429
BIO-072,Week 12,12,IL-2,pg/mL,4.907
BIO-072,Baseline,0,IL-1beta,pg/mL,3.464
BIO-072,Week 8,8,IL-1beta,pg/mL,3.048
BIO-072,Week 12,12,IL-1beta,pg/mL,2.922
BIO-072,Baseline,0,IL-8,pg/mL,33.116
BIO-072,Week 8,8,IL-8,pg/mL,20.973
BIO-072,Week 12,12,IL-8,pg/mL,40.655
BIO-072,Baseline,0,VEGF,pg/mL,255.323
BIO-072,Week 8,8,VEGF,pg/mL,223.657
BIO-072,Week 12,12,VEGF,pg/mL,225.179
BIO-072,Baseline,0,Ferritin,ng/mL,142.001
BIO-072,Week 8,8,Ferritin,ng/mL,134.602
BIO-072,Week 12,12,Ferritin,ng/mL,189.548
BIO-072,Baseline,0,D-dimer,mg/L,0.494
BIO-072,Week 8,8,D-dimer,mg/L,0.324
BIO-072,Week 12,12,D-dimer,mg/L,0.358
BIO-072,Baseline,0,LDH,U/L,144.836
BIO-072,Week 8,8,LDH,U/L,189.749
BIO-072,Week 12,12,LDH,U/L,179.405
BIO-073,Baseline,0,IL-6,pg/mL,7.519
BIO-073,Week 2,2,IL-6,pg/mL,8.192
BIO-073,Week 8,8,IL-6,pg/mL,5.62
BIO-073,Week 12,12,IL-6,pg/mL,6.479
BIO-073,Baseline,0,CRP,mg/L,2.458
BIO-073,Week 2,2,CRP,mg/L,1.992
BIO-073,Week 8,8,CRP,mg/L,2.523
BIO-073,Week 12,12,CRP,mg/L,1.233
BIO-073,Baseline,0,TNF-alpha,pg/mL,11.752
BIO-073,Week 2,2,TNF-alpha,pg/mL,11.877
BIO-073,Week 8,8,TNF-alpha,pg/mL,12.648
BIO-073,Week 12,12,TNF-alpha,pg/mL,8.482
BIO-073,Baseline,0,IL-10,pg/mL,5.339
BIO-073,Week 2,2,IL-10,pg/mL,5.451
BIO-073,Week 8,8,IL-10,pg/mL,6.193
BIO-073,Week 12,12,IL-10,pg/mL,4.268
BIO-073,Baseline,0,IFN-gamma,pg/mL,2.667
BIO-073,Week 2,2,IFN-gamma,pg/mL,2.067
BIO-073,Week 8,8,IFN-gamma,pg/mL,2.179
BIO-073,Week 12,12,IFN-gamma,pg/mL,3.196
BIO-073,Baseline,0,IL-2,pg/mL,5.033
BIO-073,Week 2,2,IL-2,pg/mL,5.39
BIO-073,Week 8,8,IL-2,pg/mL,6.696
BIO-073,Week 12,12,IL-2,pg/mL,6.897
BIO-073,Baseline,0,IL-1beta,pg/mL,2.205
BIO-073,Week 2,2,IL-1beta,pg/mL,2.298
BIO-073,Week 8,8,IL-1beta,pg/mL,2.01
BIO-073,Week 12,12,IL-1beta,pg/mL,1.952
BIO-073,Baseline,0,IL-8,pg/mL,19.925
BIO-073,Week 2,2,IL-8,pg/mL,10.319
BIO-073,Week 8,8,IL-8,pg/mL,11.487
BIO-073,Week 12,12,IL-8,pg/mL,22.795
BIO-073,Baseline,0,VEGF,pg/mL,238.255
BIO-073,Week 2,2,VEGF,pg/mL,209.393
BIO-073,Week 8,8,VEGF,pg/mL,186.576
BIO-073,Week 12,12,VEGF,pg/mL,186.544
BIO-073,Baseline,0,Ferritin,ng/mL,104.404
BIO-073,Week 2,2,Ferritin,ng/mL,148.752
BIO-073,Week 8,8,Ferritin,ng/mL,136.755
BIO-073,Week 12,12,Ferritin,ng/mL,141.765
BIO-073,Baseline,0,D-dimer,mg/L,0.438
BIO-073,Week 2,2,D-dimer,mg/L,0.454
BIO-073,Week 8,8,D-dimer,mg/L,0.4
BIO-073,Week 12,12,D-dimer,mg/L,0.54
BIO-073,Baseline,0,LDH,U/L,178.12
BIO-073,Week 2,2,LDH,U/L,215.279
BIO-073,Week 8,8,LDH,U/L,212.667
BIO-073,Week 12,12,LDH,U/L,192.356
BIO-074,Baseline,0,IL-6,pg/mL,7.916
BIO-074,Week 2,2,IL-6,pg/mL,6.461
BIO-074,Week 8,8,IL-6,pg/mL,5.566
BIO-074,Week 12,12,IL-6,pg/mL,4.002
BIO-074,Baseline,0,CRP,mg/L,1.647
BIO-074,Week 2,2,CRP,mg/L,2.325
BIO-074,Week 8,8,CRP,mg/L,1.692
BIO-074,Week 12,12,CRP,mg/L,1.973
BIO-074,Baseline,0,TNF-alpha,pg/mL,13.785
BIO-074,Week 2,2,TNF-alpha,pg/mL,15.153
BIO-074,Week 8,8,TNF-alpha,pg/mL,13.361
BIO-074,Week 12,12,TNF-alpha,pg/mL,15.936
BIO-074,Baseline,0,IL-10,pg/mL,7.716
BIO-074,Week 2,2,IL-10,pg/mL,7.988
BIO-074,Week 8,8,IL-10,pg/mL,8.84
BIO-074,Week 12,12,IL-10,pg/mL,7.856
BIO-074,Baseline,0,IFN-gamma,pg/mL,4.79
BIO-074,Week 2,2,IFN-gamma,pg/mL,2.508
BIO-074,Week 8,8,IFN-gamma,pg/mL,2.671
BIO-074,Week 12,12,IFN-gamma,pg/mL,2.002
BIO-074,Baseline,0,IL-2,pg/mL,4.496
BIO-074,Week 2,2,IL-2,pg/mL,3.168
BIO-074,Week 8,8,IL-2,pg/mL,3.52
BIO-074,Week 12,12,IL-2,pg/mL,3.606
BIO-074,Baseline,0,IL-1beta,pg/mL,1.47
BIO-074,Week 2,2,IL-1beta,pg/mL,2.477
BIO-074,Week 8,8,IL-1beta,pg/mL,2.421
BIO-074,Week 12,12,IL-1beta,pg/mL,2.607
BIO-074,Baseline,0,IL-8,pg/mL,9.079
BIO-074,Week 2,2,IL-8,pg/mL,7.098
BIO-074,Week 8,8,IL-8,pg/mL,9.929
BIO-074,Week 12,12,IL-8,pg/mL,9.08
BIO-074,Baseline,0,VEGF,pg/mL,256.873
BIO-074,Week 2,2,VEGF,pg/mL,291.685
BIO-074,Week 8,8,VEGF,pg/mL,292.517
BIO-074,Week 12,12,VEGF,pg/mL,270.62
BIO-074,Baseline,0,Ferritin,ng/mL,70.109
BIO-074,Week 2,2,Ferritin,ng/mL,107.794
BIO-074,Week 8,8,Ferritin,ng/mL,91.181
BIO-074,Week 12,12,Ferritin,ng/mL,114.335
BIO-074,Baseline,0,D-dimer,mg/L,0.268
BIO-074,Week 2,2,D-dimer,mg/L,0.255
BIO-074,Week 8,8,D-dimer,mg/L,0.399
BIO-074,Week 12,12,D-dimer,mg/L,0.606
BIO-074,Baseline,0,LDH,U/L,190.215
BIO-074,Week 2,2,LDH,U/L,222.874
BIO-074,Week 8,8,LDH,U/L,181.332
BIO-074,Week 12,12,LDH,U/L,207.999
BIO-075,Baseline,0,IL-6,pg/mL,9.736
BIO-075,Week 2,2,IL-6,pg/mL,9.998
BIO-075,Week 4,4,IL-6,pg/mL,9.113
BIO-075,Week 8,8,IL-6,pg/mL,11.86
BIO-075,Week 12,12,IL-6,pg/mL,9.456
BIO-075,Baseline,0,CRP,mg/L,5.77
BIO-075,Week 2,2,CRP,mg/L,3.131
BIO-075,Week 4,4,CRP,mg/L,2.77
BIO-075,Week 8,8,CRP,mg/L,2.358
BIO-075,Week 12,12,CRP,mg/L,3.236
BIO-075,Baseline,0,TNF-alpha,pg/mL,12.84
BIO-075,Week 2,2,TNF-alpha,pg/mL,10.683
BIO-075,Week 4,4,TNF-alpha,pg/mL,13.509
BIO-075,Week 8,8,TNF-alpha,pg/mL,11.685
BIO-075,Week 12,12,TNF-alpha,pg/mL,13.34
BIO-075,Baseline,0,IL-10,pg/mL,5.454
BIO-075,Week 2,2,IL-10,pg/mL,5.049
BIO-075,Week 4,4,IL-10,pg/mL,6.175
BIO-075,Week 8,8,IL-10,pg/mL,7.198
BIO-075,Week 12,12,IL-10,pg/mL,5.517
BIO-075,Baseline,0,IFN-gamma,pg/mL,2.924
BIO-075,Week 2,2,IFN-gamma,pg/mL,1.657
BIO-075,Week 4,4,IFN-gamma,pg/mL,2.745
BIO-075,Week 8,8,IFN-gamma,pg/mL,3.055
BIO-075,Week 12,12,IFN-gamma,pg/mL,2.894
BIO-075,Baseline,0,IL-2,pg/mL,5.199
BIO-075,Week 2,2,IL-2,pg/mL,6.332
BIO-075,Week 4,4,IL-2,pg/mL,5.49
BIO-075,Week 8,8,IL-2,pg/mL,5.155
BIO-075,Week 12,12,IL-2,pg/mL,5.692
BIO-075,Baseline,0,IL-1beta,pg/mL,3.551
BIO-075,Week 2,2,IL-1beta,pg/mL,2.977
BIO-075,Week 4,4,IL-1beta,pg/mL,3.21
BIO-075,Week 8,8,IL-1beta,pg/mL,3.394
BIO-075,Week 12,12,IL-1beta,pg/mL,2.978
BIO-075,Baseline,0,IL-8,pg/mL,15.229
BIO-075,Week 2,2,IL-8,pg/mL,16.084
BIO-075,Week 4,4,IL-8,pg/mL,10.839
BIO-075,Week 8,8,IL-8,pg/mL,11.326
BIO-075,Week 12,12,IL-8,pg/mL,16.667
BIO-075,Baseline,0,VEGF,pg/mL,248.385
BIO-075,Week 2,2,VEGF,pg/mL,212.74
BIO-075,Week 4,4,VEGF,pg/mL,252.236
BIO-075,Week 8,8,VEGF,pg/mL,210.593
BIO-075,Week 12,12,VEGF,pg/mL,254.418
BIO-075,Baseline,0,Ferritin,ng/mL,105.179
BIO-075,Week 2,2,Ferritin,ng/mL,271.907
BIO-075,Week 4,4,Ferritin,ng/mL,171.167
BIO-075,Week 8,8,Ferritin,ng/mL,194.492
BIO-075,Week 12,12,Ferritin,ng/mL,185.786
BIO-075,Baseline,0,D-dimer,mg/L,0.199
BIO-075,Week 2,2,D-dimer,mg/L,0.317
BIO-075,Week 4,4,D-dimer,mg/L,0.271
BIO-075,Week 8,8,D-dimer,mg/L,0.228
BIO-075,Week 12,12,D-dimer,mg/L,0.185
BIO-075,Baseline,0,LDH,U/L,158.056
BIO-075,Week 2,2,LDH,U/L,200.838
BIO-075,Week 4,4,LDH,U/L,158.899
BIO-075,Week 8,8,LDH,U/L,188.382
BIO-075,Week 12,12,LDH,U/L,190.844
BIO-076,Baseline,0,IL-6,pg/mL,10.464
BIO-076,Week 2,2,IL-6,pg/mL,10.627
BIO-076,Week 4,4,IL-6,pg/mL,11.285
BIO-076,Week 8,8,IL-6,pg/mL,10.629
BIO-076,Week 12,12,IL-6,pg/mL,11.75
BIO-076,Baseline,0,CRP,mg/L,3.243
BIO-076,Week 2,2,CRP,mg/L,4.038
BIO-076,Week 4,4,CRP,mg/L,3.116
BIO-076,Week 8,8,CRP,mg/L,3.591
BIO-076,Week 12,12,CRP,mg/L,2.623
BIO-076,Baseline,0,TNF-alpha,pg/mL,13.751
BIO-076,Week 2,2,TNF-alpha,pg/mL,9.118
BIO-076,Week 4,4,TNF-alpha,pg/mL,9.842
BIO-076,Week 8,8,TNF-alpha,pg/mL,8.271
BIO-076,Week 12,12,TNF-alpha,pg/mL,8.746
BIO-076,Baseline,0,IL-10,pg/mL,7.051
BIO-076,Week 2,2,IL-10,pg/mL,6.784
BIO-076,Week 4,4,IL-10,pg/mL,7.087
BIO-076,Week 8,8,IL-10,pg/mL,5.458
BIO-076,Week 12,12,IL-10,pg/mL,7.094
BIO-076,Baseline,0,IFN-gamma,pg/mL,3.316
BIO-076,Week 2,2,IFN-gamma,pg/mL,2.345
BIO-076,Week 4,4,IFN-gamma,pg/mL,2.607
BIO-076,Week 8,8,IFN-gamma,pg/mL,2.226
BIO-076,Week 12,12,IFN-gamma,pg/mL,1.615
BIO-076,Baseline,0,IL-2,pg/mL,3.783
BIO-076,Week 2,2,IL-2,pg/mL,4.217
BIO-076,Week 4,4,IL-2,pg/mL,3.451
BIO-076,Week 8,8,IL-2,pg/mL,4.019
BIO-076,Week 12,12,IL-2,pg/mL,3.219
BIO-076,Baseline,0,IL-1beta,pg/mL,2.499
BIO-076,Week 2,2,IL-1beta,pg/mL,2.607
BIO-076,Week 4,4,IL-1beta,pg/mL,2.675
BIO-076,Week 8,8,IL-1beta,pg/mL,3.276
BIO-076,Week 12,12,IL-1beta,pg/mL,2.111
BIO-076,Baseline,0,IL-8,pg/mL,28.063
BIO-076,Week 2,2,IL-8,pg/mL,23.942
BIO-076,Week 4,4,IL-8,pg/mL,30.815
BIO-076,Week 8,8,IL-8,pg/mL,30.398
BIO-076,Week 12,12,IL-8,pg/mL,33.271
BIO-076,Baseline,0,VEGF,pg/mL,198.072
BIO-076,Week 2,2,VEGF,pg/mL,179.004
BIO-076,Week 4,4,VEGF,pg/mL,207.664
BIO-076,Week 8,8,VEGF,pg/mL,205.223
BIO-076,Week 12,12,VEGF,pg/mL,278.504
BIO-076,Baseline,0,Ferritin,ng/mL,93.143
BIO-076,Week 2,2,Ferritin,ng/mL,84.674
BIO-076,Week 4,4,Ferritin,ng/mL,69.793
BIO-076,Week 8,8,Ferritin,ng/mL,208.174
BIO-076,Week 12,12,Ferritin,ng/mL,135.434
BIO-076,Baseline,0,D-dimer,mg/L,0.496
BIO-076,Week 2,2,D-dimer,mg/L,0.571
BIO-076,Week 4,4,D-dimer,mg/L,0.397
BIO-076,Week 8,8,D-dimer,mg/L,0.538
BIO-076,Week 12,12,D-dimer,mg/L,0.524
BIO-076,Baseline,0,LDH,U/L,160.745
BIO-076,Week 2,2,LDH,U/L,166.207
BIO-076,Week 4,4,LDH,U/L,165.83
BIO-076,Week 8,8,LDH,U/L,155.222
BIO-076,Week 12,12,LDH,U/L,165.119
BIO-077,Baseline,0,IL-6,pg/mL,6.801
BIO-077,Week 2,2,IL-6,pg/mL,7.131
BIO-077,Week 4,4,IL-6,pg/mL,6.396
BIO-077,Week 8,8,IL-6,pg/mL,6.197
BIO-077,Week 12,12,IL-6,pg/mL,4.509
BIO-077,Baseline,0,CRP,mg/L,2.153
BIO-077,Week 2,2,CRP,mg/L,1.28
BIO-077,Week 4,4,CRP,mg/L,3.901
BIO-077,Week 8,8,CRP,mg/L,2.274
BIO-077,Week 12,12,CRP,mg/L,4.334
BIO-077,Baseline,0,TNF-alpha,pg/mL,12.342
BIO-077,Week 2,2,TNF-alpha,pg/mL,14.104
BIO-077,Week 4,4,TNF-alpha,pg/mL,12.887
BIO-077,Week 8,8,TNF-alpha,pg/mL,14.235
BIO-077,Week 12,12,TNF-alpha,pg/mL,11.964
BIO-077,Baseline,0,IL-10,pg/mL,5.991
BIO-077,Week 2,2,IL-10,pg/mL,7.698
BIO-077,Week 4,4,IL-10,pg/mL,5.766
BIO-077,Week 8,8,IL-10,pg/mL,4.429
BIO-077,Week 12,12,IL-10,pg/mL,5.906
BIO-077,Baseline,0,IFN-gamma,pg/mL,4.082
BIO-077,Week 2,2,IFN-gamma,pg/mL,4.927
BIO-077,Week 4,4,IFN-gamma,pg/mL,4.889
BIO-077,Week 8,8,IFN-gamma,pg/mL,3.916
BIO-077,Week 12,12,IFN-gamma,pg/mL,2.803
BIO-077,Baseline,0,IL-2,pg/mL,5.005
BIO-077,Week 2,2,IL-2,pg/mL,5.48
BIO-077,Week 4,4,IL-2,pg/mL,4.915
BIO-077,Week 8,8,IL-2,pg/mL,6.458
BIO-077,Week 12,12,IL-2,pg/mL,4.512
BIO-077,Baseline,0,IL-1beta,pg/mL,2.177
BIO-077,Week 2,2,IL-1beta,pg/mL,1.912
BIO-077,Week 4,4,IL-1beta,pg/mL,1.978
BIO-077,Week 8,8,IL-1beta,pg/mL,1.821
BIO-077,Week 12,12,IL-1beta,pg/mL,2.241
BIO-077,Baseline,0,IL-8,pg/mL,7.918
BIO-077,Week 2,2,IL-8,pg/mL,6.345
BIO-077,Week 4,4,IL-8,pg/mL,11.9
BIO-077,Week 8,8,IL-8,pg/mL,6.738
BIO-077,Week 12,12,IL-8,pg/mL,9.678
BIO-077,Baseline,0,VEGF,pg/mL,237.865
BIO-077,Week 2,2,VEGF,pg/mL,233.644
BIO-077,Week 4,4,VEGF,pg/mL,
BIO-077,Week 8,8,VEGF,pg/mL,270.861
BIO-077,Week 12,12,VEGF,pg/mL,231.662
BIO-077,Baseline,0,Ferritin,ng/mL,83.066
BIO-077,Week 2,2,Ferritin,ng/mL,110.016
BIO-077,Week 4,4,Ferritin,ng/mL,
BIO-077,Week 8,8,Ferritin,ng/mL,76.676
BIO-077,Week 12,12,Ferritin,ng/mL,92.267
BIO-077,Baseline,0,D-dimer,mg/L,0.558
BIO-077,Week 2,2,D-dimer,mg/L,0.961
BIO-077,Week 4,4,D-dimer,mg/L,0.612
BIO-077,Week 8,8,D-dimer,mg/L,0.593
BIO-077,Week 12,12,D-dimer,mg/L,0.48
BIO-077,Baseline,0,LDH,U/L,186.475
BIO-077,Week 2,2,LDH,U/L,193.111
BIO-077,Week 4,4,LDH,U/L,202.74
BIO-077,Week 8,8,LDH,U/L,181.227
BIO-077,Week 12,12,LDH,U/L,152.882
BIO-078,Baseline,0,IL-6,pg/mL,10.421
BIO-078,Week 2,2,IL-6,pg/mL,5.149
BIO-078,Week 4,4,IL-6,pg/mL,7.307
BIO-078,Week 8,8,IL-6,pg/mL,7.71
BIO-078,Week 12,12,IL-6,pg/mL,5.763
BIO-078,Baseline,0,CRP,mg/L,3.861
BIO-078,Week 2,2,CRP,mg/L,3.072
BIO-078,Week 4,4,CRP,mg/L,3.168
BIO-078,Week 8,8,CRP,mg/L,4.64
BIO-078,Week 12,12,CRP,mg/L,4.905
BIO-078,Baseline,0,TNF-alpha,pg/mL,16.704
BIO-078,Week 2,2,TNF-alpha,pg/mL,19.23
BIO-078,Week 4,4,TNF-alpha,pg/mL,19.071
BIO-078,Week 8,8,TNF-alpha,pg/mL,14.897
BIO-078,Week 12,12,TNF-alpha,pg/mL,19.242
BIO-078,Baseline,0,IL-10,pg/mL,6.602
BIO-078,Week 2,2,IL-10,pg/mL,9.363
BIO-078,Week 4,4,IL-10,pg/mL,8.95
BIO-078,Week 8,8,IL-10,pg/mL,5.955
BIO-078,Week 12,12,IL-10,pg/mL,9.125
BIO-078,Baseline,0,IFN-gamma,pg/mL,3.881
BIO-078,Week 2,2,IFN-gamma,pg/mL,3.26
BIO-078,Week 4,4,IFN-gamma,pg/mL,2.691
BIO-078,Week 8,8,IFN-gamma,pg/mL,4.277
BIO-078,Week 12,12,IFN-gamma,pg/mL,4.185
BIO-078,Baseline,0,IL-2,pg/mL,3.922
BIO-078,Week 2,2,IL-2,pg/mL,4.691
BIO-078,Week 4,4,IL-2,pg/mL,4.592
BIO-078,Week 8,8,IL-2,pg/mL,2.972
BIO-078,Week 12,12,IL-2,pg/mL,3.966
BIO-078,Baseline,0,IL-1beta,pg/mL,2.115
BIO-078,Week 2,2,IL-1beta,pg/mL,1.96
BIO-078,Week 4,4,IL-1beta,pg/mL,1.683
BIO-078,Week 8,8,IL-1beta,pg/mL,2.117
BIO-078,Week 12,12,IL-1beta,pg/mL,1.752
BIO-078,Baseline,0,IL-8,pg/mL,9.236
BIO-078,Week 2,2,IL-8,pg/mL,7.579
BIO-078,Week 4,4,IL-8,pg/mL,11.421
BIO-078,Week 8,8,IL-8,pg/mL,13.345
BIO-078,Week 12,12,IL-8,pg/mL,11.95
BIO-078,Baseline,0,VEGF,pg/mL,259.039
BIO-078,Week 2,2,VEGF,pg/mL,305.864
BIO-078,Week 4,4,VEGF,pg/mL,269.912
BIO-078,Week 8,8,VEGF,pg/mL,221.556
BIO-078,Week 12,12,VEGF,pg/mL,303.486
BIO-078,Baseline,0,Ferritin,ng/mL,76.513
BIO-078,Week 2,2,Ferritin,ng/mL,82.262
BIO-078,Week 4,4,Ferritin,ng/mL,57.993
BIO-078,Week 8,8,Ferritin,ng/mL,61.484
BIO-078,Week 12,12,Ferritin,ng/mL,55.329
BIO-078,Baseline,0,D-dimer,mg/L,0.351
BIO-078,Week 2,2,D-dimer,mg/L,0.536
BIO-078,Week 4,4,D-dimer,mg/L,0.359
BIO-078,Week 8,8,D-dimer,mg/L,0.376
BIO-078,Week 12,12,D-dimer,mg/L,0.819
BIO-078,Baseline,0,LDH,U/L,166.155
BIO-078,Week 2,2,LDH,U/L,158.869
BIO-078,Week 4,4,LDH,U/L,143.548
BIO-078,Week 8,8,LDH,U/L,144.634
BIO-078,Week 12,12,LDH,U/L,158.689
BIO-079,Baseline,0,IL-6,pg/mL,7.012
BIO-079,Week 2,2,IL-6,pg/mL,6.96
BIO-079,Week 4,4,IL-6,pg/mL,5.85
BIO-079,Week 8,8,IL-6,pg/mL,7.721
BIO-079,Week 12,12,IL-6,pg/mL,6.733
BIO-079,Baseline,0,CRP,mg/L,5.976
BIO-079,Week 2,2,CRP,mg/L,4.773
BIO-079,Week 4,4,CRP,mg/L,2.175
BIO-079,Week 8,8,CRP,mg/L,2.771
BIO-079,Week 12,12,CRP,mg/L,3.425
BIO-079,Baseline,0,TNF-alpha,pg/mL,11.433
BIO-079,Week 2,2,TNF-alpha,pg/mL,7.825
BIO-079,Week 4,4,TNF-alpha,pg/mL,4.709
BIO-079,Week 8,8,TNF-alpha,pg/mL,7.347
BIO-079,Week 12,12,TNF-alpha,pg/mL,
BIO-079,Baseline,0,IL-10,pg/mL,4.991
BIO-079,Week 2,2,IL-10,pg/mL,4.052
BIO-079,Week 4,4,IL-10,pg/mL,2.563
BIO-079,Week 8,8,IL-10,pg/mL,4.286
BIO-079,Week 12,12,IL-10,pg/mL,4.151
BIO-079,Baseline,0,IFN-gamma,pg/mL,4.935
BIO-079,Week 2,2,IFN-gamma,pg/mL,5.94
BIO-079,Week 4,4,IFN-gamma,pg/mL,5.074
BIO-079,Week 8,8,IFN-gamma,pg/mL,10.19
BIO-079,Week 12,12,IFN-gamma,pg/mL,2.905
BIO-079,Baseline,0,IL-2,pg/mL,5.809
BIO-079,Week 2,2,IL-2,pg/mL,5.914
BIO-079,Week 4,4,IL-2,pg/mL,5.08
BIO-079,Week 8,8,IL-2,pg/mL,5.05
BIO-079,Week 12,12,IL-2,pg/mL,6.143
BIO-079,Baseline,0,IL-1beta,pg/mL,3.078
BIO-079,Week 2,2,IL-1beta,pg/mL,3.202
BIO-079,Week 4,4,IL-1beta,pg/mL,3.522
BIO-079,Week 8,8,IL-1beta,pg/mL,3.332
BIO-079,Week 12,12,IL-1beta,pg/mL,3.093
BIO-079,Baseline,0,IL-8,pg/mL,18.467
BIO-079,Week 2,2,IL-8,pg/mL,23.12
BIO-079,Week 4,4,IL-8,pg/mL,13.327
BIO-079,Week 8,8,IL-8,pg/mL,21.763
BIO-079,Week 12,12,IL-8,pg/mL,11.49
BIO-079,Baseline,0,VEGF,pg/mL,291.195
BIO-079,Week 2,2,VEGF,pg/mL,261.318
BIO-079,Week 4,4,VEGF,pg/mL,174.863
BIO-079,Week 8,8,VEGF,pg/mL,219.468
BIO-079,Week 12,12,VEGF,pg/mL,247.543
BIO-079,Baseline,0,Ferritin,ng/mL,181.994
BIO-079,Week 2,2,Ferritin,ng/mL,179.29
BIO-079,Week 4,4,Ferritin,ng/mL,140.673
BIO-079,Week 8,8,Ferritin,ng/mL,172.701
BIO-079,Week 12,12,Ferritin,ng/mL,227.065
BIO-079,Baseline,0,D-dimer,mg/L,0.305
BIO-079,Week 2,2,D-dimer,mg/L,0.36
BIO-079,Week 4,4,D-dimer,mg/L,0.356
BIO-079,Week 8,8,D-dimer,mg/L,0.456
BIO-079,Week 12,12,D-dimer,mg/L,0.368
BIO-079,Baseline,0,LDH,U/L,179.977
BIO-079,Week 2,2,LDH,U/L,143.092
BIO-079,Week 4,4,LDH,U/L,198.785
BIO-079,Week 8,8,LDH,U/L,184.429
BIO-079,Week 12,12,LDH,U/L,195.971
BIO-080,Baseline,0,IL-6,pg/mL,8.399
BIO-080,Week 2,2,IL-6,pg/mL,9.007
BIO-080,Week 4,4,IL-6,pg/mL,7.451
BIO-080,Week 8,8,IL-6,pg/mL,9.559
BIO-080,Week 12,12,IL-6,pg/mL,9.389
BIO-080,Baseline,0,CRP,mg/L,1.018
BIO-080,Week 2,2,CRP,mg/L,0.987
BIO-080,Week 4,4,CRP,mg/L,1.126
BIO-080,Week 8,8,CRP,mg/L,1.033
BIO-080,Week 12,12,CRP,mg/L,0.792
BIO-080,Baseline,0,TNF-alpha,pg/mL,6.442
BIO-080,Week 2,2,TNF-alpha,pg/mL,9.654
BIO-080,Week 4,4,TNF-alpha,pg/mL,7.31
BIO-080,Week 8,8,TNF-alpha,pg/mL,5.197
BIO-080,Week 12,12,TNF-alpha,pg/mL,10.173
BIO-080,Baseline,0,IL-10,pg/mL,4.934
BIO-080,Week 2,2,IL-10,pg/mL,5.903
BIO-080,Week 4,4,IL-10,pg/mL,5.1
BIO-080,Week 8,8,IL-10,pg/mL,4.865
BIO-080,Week 12,12,IL-10,pg/mL,6.294
BIO-080,Baseline,0,IFN-gamma,pg/mL,5.402
BIO-080,Week 2,2,IFN-gamma,pg/mL,6.182
BIO-080,Week 4,4,IFN-gamma,pg/mL,4.097
BIO-080,Week 8,8,IFN-gamma,pg/mL,3.947
BIO-080,Week 12,12,IFN-gamma,pg/mL,7.599
BIO-080,Baseline,0,IL-2,pg/mL,4.732
BIO-080,Week 2,2,IL-2,pg/mL,4.02
BIO-080,Week 4,4,IL-2,pg/mL,3.654
BIO-080,Week 8,8,IL-2,pg/mL,5.332
BIO-080,Week 12,12,IL-2,pg/mL,3.422
BIO-080,Baseline,0,IL-1beta,pg/mL,2.1
BIO-080,Week 2,2,IL-1beta,pg/mL,1.941
BIO-080,Week 4,4,IL-1beta,pg/mL,2.232
BIO-080,Week 8,8,IL-1beta,pg/mL,2.783
BIO-080,Week 12,12,IL-1beta,pg/mL,2.571
BIO-080,Baseline,0,IL-8,pg/mL,16.407
BIO-080,Week 2,2,IL-8,pg/mL,22.709
BIO-080,Week 4,4,IL-8,pg/mL,
BIO-080,Week 8,8,IL-8,pg/mL,19.626
BIO-080,Week 12,12,IL-8,pg/mL,22.653
BIO-080,Baseline,0,VEGF,pg/mL,280.785
BIO-080,Week 2,2,VEGF,pg/mL,332.582
BIO-080,Week 4,4,VEGF,pg/mL,248.319
BIO-080,Week 8,8,VEGF,pg/mL,239.56
BIO-080,Week 12,12,VEGF,pg/mL,204.458
BIO-080,Baseline,0,Ferritin,ng/mL,241.479
BIO-080,Week 2,2,Ferritin,ng/mL,213.335
BIO-080,Week 4,4,Ferritin,ng/mL,137.876
BIO-080,Week 8,8,Ferritin,ng/mL,198.529
BIO-080,Week 12,12,Ferritin,ng/mL,247.265
BIO-080,Baseline,0,D-dimer,mg/L,0.3
BIO-080,Week 2,2,D-dimer,mg/L,0.196
BIO-080,Week 4,4,D-dimer,mg/L,0.362
BIO-080,Week 8,8,D-dimer,mg/L,0.189
BIO-080,Week 12,12,D-dimer,mg/L,0.332
BIO-080,Baseline,0,LDH,U/L,172.094
BIO-080,Week 2,2,LDH,U/L,181.137
BIO-080,Week 4,4,LDH,U/L,154.531
BIO-080,Week 8,8,LDH,U/L,186.771
BIO-080,Week 12,12,LDH,U/L,190.933
BIO-081,Baseline,0,IL-6,pg/mL,7.673
BIO-081,Week 2,2,IL-6,pg/mL,8.749
BIO-081,Week 4,4,IL-6,pg/mL,7.721
BIO-081,Week 8,8,IL-6,pg/mL,8.588
BIO-081,Week 12,12,IL-6,pg/mL,8.52
BIO-081,Baseline,0,CRP,mg/L,1.898
BIO-081,Week 2,2,CRP,mg/L,2.7
BIO-081,Week 4,4,CRP,mg/L,1.925
BIO-081,Week 8,8,CRP,mg/L,2.882
BIO-081,Week 12,12,CRP,mg/L,1.605
BIO-081,Baseline,0,TNF-alpha,pg/mL,12.767
BIO-081,Week 2,2,TNF-alpha,pg/mL,12.573
BIO-081,Week 4,4,TNF-alpha,pg/mL,14.555
BIO-081,Week 8,8,TNF-alpha,pg/mL,11.863
BIO-081,Week 12,12,TNF-alpha,pg/mL,14.442
BIO-081,Baseline,0,IL-10,pg/mL,7.082
BIO-081,Week 2,2,IL-10,pg/mL,7.843
BIO-081,Week 4,4,IL-10,pg/mL,9.785
BIO-081,Week 8,8,IL-10,pg/mL,7.38
BIO-081,Week 12,12,IL-10,pg/mL,7.874
BIO-081,Baseline,0,IFN-gamma,pg/mL,2.449
BIO-081,Week 2,2,IFN-gamma,pg/mL,3.693
BIO-081,Week 4,4,IFN-gamma,pg/mL,2.991
BIO-081,Week 8,8,IFN-gamma,pg/mL,4.625
BIO-081,Week 12,12,IFN-gamma,pg/mL,2.047
BIO-081,Baseline,0,IL-2,pg/mL,6.123
BIO-081,Week 2,2,IL-2,pg/mL,6.823
BIO-081,Week 4,4,IL-2,pg/mL,5.653
BIO-081,Week 8,8,IL-2,pg/mL,6.232
BIO-081,Week 12,12,IL-2,pg/mL,5.689
BIO-081,Baseline,0,IL-1beta,pg/mL,3.277
BIO-081,Week 2,2,IL-1beta,pg/mL,2.532
BIO-081,Week 4,4,IL-1beta,pg/mL,2.203
BIO-081,Week 8,8,IL-1beta,pg/mL,2.878
BIO-081,Week 12,12,IL-1beta,pg/mL,2.478
BIO-081,Baseline,0,IL-8,pg/mL,20.892
BIO-081,Week 2,2,IL-8,pg/mL,12.368
BIO-081,Week 4,4,IL-8,pg/mL,36.934
BIO-081,Week 8,8,IL-8,pg/mL,20.454
BIO-081,Week 12,12,IL-8,pg/mL,13.56
BIO-081,Baseline,0,VEGF,pg/mL,253.105
BIO-081,Week 2,2,VEGF,pg/mL,239.476
BIO-081,Week 4,4,VEGF,pg/mL,241.531
BIO-081,Week 8,8,VEGF,pg/mL,211.604
BIO-081,Week 12,12,VEGF,pg/mL,203.856
BIO-081,Baseline,0,Ferritin,ng/mL,152.223
BIO-081,Week 2,2,Ferritin,ng/mL,162.366
BIO-081,Week 4,4,Ferritin,ng/mL,110.499
BIO-081,Week 8,8,Ferritin,ng/mL,69.743
BIO-081,Week 12,12,Ferritin,ng/mL,151.668
BIO-081,Baseline,0,D-dimer,mg/L,1
BIO-081,Week 2,2,D-dimer,mg/L,0.607
BIO-081,Week 4,4,D-dimer,mg/L,0.535
BIO-081,Week 8,8,D-dimer,mg/L,0.769
BIO-081,Week 12,12,D-dimer,mg/L,0.577
BIO-081,Baseline,0,LDH,U/L,181.718
BIO-081,Week 2,2,LDH,U/L,
BIO-081,Week 4,4,LDH,U/L,165.381
BIO-081,Week 8,8,LDH,U/L,154.625
BIO-081,Week 12,12,LDH,U/L,171.238
BIO-082,Baseline,0,IL-6,pg/mL,7.229
BIO-082,Week 2,2,IL-6,pg/mL,5.456
BIO-082,Week 8,8,IL-6,pg/mL,7.287
BIO-082,Week 12,12,IL-6,pg/mL,5.601
BIO-082,Baseline,0,CRP,mg/L,1.626
BIO-082,Week 2,2,CRP,mg/L,1.534
BIO-082,Week 8,8,CRP,mg/L,1.562
BIO-082,Week 12,12,CRP,mg/L,1.29
BIO-082,Baseline,0,TNF-alpha,pg/mL,9.786
BIO-082,Week 2,2,TNF-alpha,pg/mL,12.21
BIO-082,Week 8,8,TNF-alpha,pg/mL,10.321
BIO-082,Week 12,12,TNF-alpha,pg/mL,12.698
BIO-082,Baseline,0,IL-10,pg/mL,4.898
BIO-082,Week 2,2,IL-10,pg/mL,4.51
BIO-082,Week 8,8,IL-10,pg/mL,5.793
BIO-082,Week 12,12,IL-10,pg/mL,6.646
BIO-082,Baseline,0,IFN-gamma,pg/mL,2.885
BIO-082,Week 2,2,IFN-gamma,pg/mL,3.166
BIO-082,Week 8,8,IFN-gamma,pg/mL,6.848
BIO-082,Week 12,12,IFN-gamma,pg/mL,3.381
BIO-082,Baseline,0,IL-2,pg/mL,5.019
BIO-082,Week 2,2,IL-2,pg/mL,6.12
BIO-082,Week 8,8,IL-2,pg/mL,4.979
BIO-082,Week 12,12,IL-2,pg/mL,5.426
BIO-082,Baseline,0,IL-1beta,pg/mL,2.569
BIO-082,Week 2,2,IL-1beta,pg/mL,2.128
BIO-082,Week 8,8,IL-1beta,pg/mL,2.509
BIO-082,Week 12,12,IL-1beta,pg/mL,2.111
BIO-082,Baseline,0,IL-8,pg/mL,10.538
BIO-082,Week 2,2,IL-8,pg/mL,17.012
BIO-082,Week 8,8,IL-8,pg/mL,15.88
BIO-082,Week 12,12,IL-8,pg/mL,19.295
BIO-082,Baseline,0,VEGF,pg/mL,199.524
BIO-082,Week 2,2,VEGF,pg/mL,241.768
BIO-082,Week 8,8,VEGF,pg/mL,265.179
BIO-082,Week 12,12,VEGF,pg/mL,182.758
BIO-082,Baseline,0,Ferritin,ng/mL,83.979
BIO-082,Week 2,2,Ferritin,ng/mL,
BIO-082,Week 8,8,Ferritin,ng/mL,
BIO-082,Week 12,12,Ferritin,ng/mL,143.875
BIO-082,Baseline,0,D-dimer,mg/L,0.424
BIO-082,Week 2,2,D-dimer,mg/L,0.584
BIO-082,Week 8,8,D-dimer,mg/L,0.515
BIO-082,Week 12,12,D-dimer,mg/L,0.619
BIO-082,Baseline,0,LDH,U/L,137.543
BIO-082,Week 2,2,LDH,U/L,173.236
BIO-082,Week 8,8,LDH,U/L,152.048
BIO-082,Week 12,12,LDH,U/L,146.619
BIO-083,Baseline,0,IL-6,pg/mL,9.928
BIO-083,Week 2,2,IL-6,pg/mL,7.673
BIO-083,Week 4,4,IL-6,pg/mL,7.935
BIO-083,Week 8,8,IL-6,pg/mL,7.986
BIO-083,Week 12,12,IL-6,pg/mL,7.005
BIO-083,Baseline,0,CRP,mg/L,2.749
BIO-083,Week 2,2,CRP,mg/L,2.305
BIO-083,Week 4,4,CRP,mg/L,1.787
BIO-083,Week 8,8,CRP,mg/L,1.697
BIO-083,Week 12,12,CRP,mg/L,2.616
BIO-083,Baseline,0,TNF-alpha,pg/mL,12.856
BIO-083,Week 2,2,TNF-alpha,pg/mL,9.955
BIO-083,Week 4,4,TNF-alpha,pg/mL,11.935
BIO-083,Week 8,8,TNF-alpha,pg/mL,10.78
BIO-083,Week 12,12,TNF-alpha,pg/mL,10.184
BIO-083,Baseline,0,IL-10,pg/mL,6.757
BIO-083,Week 2,2,IL-10,pg/mL,5.184
BIO-083,Week 4,4,IL-10,pg/mL,6.886
BIO-083,Week 8,8,IL-10,pg/mL,4.619
BIO-083,Week 12,12,IL-10,pg/mL,5.257
BIO-083,Baseline,0,IFN-gamma,pg/mL,3.26
BIO-083,Week 2,2,IFN-gamma,pg/mL,3.915
BIO-083,Week 4,4,IFN-gamma,pg/mL,4.193
BIO-083,Week 8,8,IFN-gamma,pg/mL,3.441
BIO-083,Week 12,12,IFN-gamma,pg/mL,4.549
BIO-083,Baseline,0,IL-2,pg/mL,5.649
BIO-083,Week 2,2,IL-2,pg/mL,5.899
BIO-083,Week 4,4,IL-2,pg/mL,6.219
BIO-083,Week 8,8,IL-2,pg/mL,5.403
BIO-083,Week 12,12,IL-2,pg/mL,6.044
BIO-083,Baseline,0,IL-1beta,pg/mL,3.25
BIO-083,Week 2,2,IL-1beta,pg/mL,2.668
BIO-083,Week 4,4,IL-1beta,pg/mL,2.438
BIO-083,Week 8,8,IL-1beta,pg/mL,2.376
BIO-083,Week 12,12,IL-1beta,pg/mL,2.734
BIO-083,Baseline,0,IL-8,pg/mL,12.959
BIO-083,Week 2,2,IL-8,pg/mL,11.002
BIO-083,Week 4,4,IL-8,pg/mL,12.112
BIO-083,Week 8,8,IL-8,pg/mL,11.058
BIO-083,Week 12,12,IL-8,pg/mL,6.665
BIO-083,Baseline,0,VEGF,pg/mL,235.5
BIO-083,Week 2,2,VEGF,pg/mL,
BIO-083,Week 4,4,VEGF,pg/mL,244.709
BIO-083,Week 8,8,VEGF,pg/mL,204.705
BIO-083,Week 12,12,VEGF,pg/mL,222.395
BIO-083,Baseline,0,Ferritin,ng/mL,119.082
BIO-083,Week 2,2,Ferritin,ng/mL,147.051
BIO-083,Week 4,4,Ferritin,ng/mL,175.568
BIO-083,Week 8,8,Ferritin,ng/mL,158.611
BIO-083,Week 12,12,Ferritin,ng/mL,133.608
BIO-083,Baseline,0,D-dimer,mg/L,0.23
BIO-083,Week 2,2,D-dimer,mg/L,0.277
BIO-083,Week 4,4,D-dimer,mg/L,0.271
BIO-083,Week 8,8,D-dimer,mg/L,0.223
BIO-083,Week 12,12,D-dimer,mg/L,0.189
BIO-083,Baseline,0,LDH,U/L,184.904
BIO-083,Week 2,2,LDH,U/L,185.776
BIO-083,Week 4,4,LDH,U/L,210.095
BIO-083,Week 8,8,LDH,U/L,172.138
BIO-083,Week 12,12,LDH,U/L,138.321
BIO-084,Baseline,0,IL-6,pg/mL,8.042
BIO-084,Week 2,2,IL-6,pg/mL,
BIO-084,Week 4,4,IL-6,pg/mL,5.637
BIO-084,Week 8,8,IL-6,pg/mL,7.116
BIO-084,Week 12,12,IL-6,pg/mL,7.638
BIO-084,Baseline,0,CRP,mg/L,1.521
BIO-084,Week 2,2,CRP,mg/L,1.824
BIO-084,Week 4,4,CRP,mg/L,3.279
BIO-084,Week 8,8,CRP,mg/L,3.996
BIO-084,Week 12,12,CRP,mg/L,1.241
BIO-084,Baseline,0,TNF-alpha,pg/mL,14.13
BIO-084,Week 2,2,TNF-alpha,pg/mL,12.202
BIO-084,Week 4,4,TNF-alpha,pg/mL,11.72
BIO-084,Week 8,8,TNF-alpha,pg/mL,14.306
BIO-084,Week 12,12,TNF-alpha,pg/mL,12.284
BIO-084,Baseline,0,IL-10,pg/mL,3.751
BIO-084,Week 2,2,IL-10,pg/mL,5.102
BIO-084,Week 4,4,IL-10,pg/mL,4.195
BIO-084,Week 8,8,IL-10,pg/mL,6.044
BIO-084,Week 12,12,IL-10,pg/mL,5.042
BIO-084,Baseline,0,IFN-gamma,pg/mL,5.806
BIO-084,Week 2,2,IFN-gamma,pg/mL,4.582
BIO-084,Week 4,4,IFN-gamma,pg/mL,7.21
BIO-084,Week 8,8,IFN-gamma,pg/mL,11.475
BIO-084,Week 12,12,IFN-gamma,pg/mL,6.236
BIO-084,Baseline,0,IL-2,pg/mL,5.905
BIO-084,Week 2,2,IL-2,pg/mL,6.253
BIO-084,Week 4,4,IL-2,pg/mL,6.649
BIO-084,Week 8,8,IL-2,pg/mL,5.423
BIO-084,Week 12,12,IL-2,pg/mL,5.173
BIO-084,Baseline,0,IL-1beta,pg/mL,3.121
BIO-084,Week 2,2,IL-1beta,pg/mL,2.947
BIO-084,Week 4,4,IL-1beta,pg/mL,2.671
BIO-084,Week 8,8,IL-1beta,pg/mL,2.808
BIO-084,Week 12,12,IL-1beta,pg/mL,3.457
BIO-084,Baseline,0,IL-8,pg/mL,12.045
BIO-084,Week 2,2,IL-8,pg/mL,12.077
BIO-084,Week 4,4,IL-8,pg/mL,15.284
BIO-084,Week 8,8,IL-8,pg/mL,11.887
BIO-084,Week 12,12,IL-8,pg/mL,11.36
BIO-084,Baseline,0,VEGF,pg/mL,269.564
BIO-084,Week 2,2,VEGF,pg/mL,252.162
BIO-084,Week 4,4,VEGF,pg/mL,271.283
BIO-084,Week 8,8,VEGF,pg/mL,251.964
BIO-084,Week 12,12,VEGF,pg/mL,238.614
BIO-084,Baseline,0,Ferritin,ng/mL,55.206
BIO-084,Week 2,2,Ferritin,ng/mL,111.09
BIO-084,Week 4,4,Ferritin,ng/mL,96.816
BIO-084,Week 8,8,Ferritin,ng/mL,63.288
BIO-084,Week 12,12,Ferritin,ng/mL,74.244
BIO-084,Baseline,0,D-dimer,mg/L,0.435
BIO-084,Week 2,2,D-dimer,mg/L,0.332
BIO-084,Week 4,4,D-dimer,mg/L,0.272
BIO-084,Week 8,8,D-dimer,mg/L,0.273
BIO-084,Week 12,12,D-dimer,mg/L,0.364
BIO-084,Baseline,0,LDH,U/L,213.944
BIO-084,Week 2,2,LDH,U/L,235.307
BIO-084,Week 4,4,LDH,U/L,207.599
BIO-084,Week 8,8,LDH,U/L,225.616
BIO-084,Week 12,12,LDH,U/L,193.766
BIO-085,Baseline,0,IL-6,pg/mL,7.36
BIO-085,Week 2,2,IL-6,pg/mL,7.861
BIO-085,Week 4,4,IL-6,pg/mL,7.26
BIO-085,Week 8,8,IL-6,pg/mL,7.048
BIO-085,Week 12,12,IL-6,pg/mL,7.198
BIO-085,Baseline,0,CRP,mg/L,3.304
BIO-085,Week 2,2,CRP,mg/L,1.336
BIO-085,Week 4,4,CRP,mg/L,4.622
BIO-085,Week 8,8,CRP,mg/L,3.131
BIO-085,Week 12,12,CRP,mg/L,1.86
BIO-085,Baseline,0,TNF-alpha,pg/mL,12.03
BIO-085,Week 2,2,TNF-alpha,pg/mL,13.899
BIO-085,Week 4,4,TNF-alpha,pg/mL,13.88
BIO-085,Week 8,8,TNF-alpha,pg/mL,13.588
BIO-085,Week 12,12,TNF-alpha,pg/mL,12.597
BIO-085,Baseline,0,IL-10,pg/mL,7.663
BIO-085,Week 2,2,IL-10,pg/mL,7.875
BIO-085,Week 4,4,IL-10,pg/mL,7.137
BIO-085,Week 8,8,IL-10,pg/mL,9.328
BIO-085,Week 12,12,IL-10,pg/mL,7.532
BIO-085,Baseline,0,IFN-gamma,pg/mL,5.065
BIO-085,Week 2,2,IFN-gamma,pg/mL,5.859
BIO-085,Week 4,4,IFN-gamma,pg/mL,4.464
BIO-085,Week 8,8,IFN-gamma,pg/mL,5.701
BIO-085,Week 12,12,IFN-gamma,pg/mL,6.351
BIO-085,Baseline,0,IL-2,pg/mL,4.396
BIO-085,Week 2,2,IL-2,pg/mL,5.263
BIO-085,Week 4,4,IL-2,pg/mL,3.811
BIO-085,Week 8,8,IL-2,pg/mL,4.251
BIO-085,Week 12,12,IL-2,pg/mL,4.762
BIO-085,Baseline,0,IL-1beta,pg/mL,2.59
BIO-085,Week 2,2,IL-1beta,pg/mL,2.632
BIO-085,Week 4,4,IL-1beta,pg/mL,2.426
BIO-085,Week 8,8,IL-1beta,pg/mL,2.715
BIO-085,Week 12,12,IL-1beta,pg/mL,2.49
BIO-085,Baseline,0,IL-8,pg/mL,25.503
BIO-085,Week 2,2,IL-8,pg/mL,25.306
BIO-085,Week 4,4,IL-8,pg/mL,19.898
BIO-085,Week 8,8,IL-8,pg/mL,22.258
BIO-085,Week 12,12,IL-8,pg/mL,20.44
BIO-085,Baseline,0,VEGF,pg/mL,276.671
BIO-085,Week 2,2,VEGF,pg/mL,262.874
BIO-085,Week 4,4,VEGF,pg/mL,189.085
BIO-085,Week 8,8,VEGF,pg/mL,289.439
BIO-085,Week 12,12,VEGF,pg/mL,310.017
BIO-085,Baseline,0,Ferritin,ng/mL,157.297
BIO-085,Week 2,2,Ferritin,ng/mL,207.845
BIO-085,Week 4,4,Ferritin,ng/mL,148.384
BIO-085,Week 8,8,Ferritin,ng/mL,184.717
BIO-085,Week 12,12,Ferritin,ng/mL,135.165
BIO-085,Baseline,0,D-dimer,mg/L,0.376
BIO-085,Week 2,2,D-dimer,mg/L,0.554
BIO-085,Week 4,4,D-dimer,mg/L,0.377
BIO-085,Week 8,8,D-dimer,mg/L,0.323
BIO-085,Week 12,12,D-dimer,mg/L,0.326
BIO-085,Baseline,0,LDH,U/L,149.251
BIO-085,Week 2,2,LDH,U/L,123.122
BIO-085,Week 4,4,LDH,U/L,177.914
BIO-085,Week 8,8,LDH,U/L,155.964
BIO-085,Week 12,12,LDH,U/L,131.863
BIO-086,Baseline,0,IL-6,pg/mL,9.427
BIO-086,Week 2,2,IL-6,pg/mL,9.463
BIO-086,Week 4,4,IL-6,pg/mL,11.34
BIO-086,Week 8,8,IL-6,pg/mL,11.381
BIO-086,Week 12,12,IL-6,pg/mL,10.488
BIO-086,Baseline,0,CRP,mg/L,7.647
BIO-086,Week 2,2,CRP,mg/L,5.028
BIO-086,Week 4,4,CRP,mg/L,5.479
BIO-086,Week 8,8,CRP,mg/L,3.208
BIO-086,Week 12,12,CRP,mg/L,3.08
BIO-086,Baseline,0,TNF-alpha,pg/mL,15.748
BIO-086,Week 2,2,TNF-alpha,pg/mL,11.535
BIO-086,Week 4,4,TNF-alpha,pg/mL,13.364
BIO-086,Week 8,8,TNF-alpha,pg/mL,10.351
BIO-086,Week 12,12,TNF-alpha,pg/mL,11.343
BIO-086,Baseline,0,IL-10,pg/mL,7.492
BIO-086,Week 2,2,IL-10,pg/mL,4.758
BIO-086,Week 4,4,IL-10,pg/mL,6.234
BIO-086,Week 8,8,IL-10,pg/mL,4.994
BIO-086,Week 12,12,IL-10,pg/mL,6.427
BIO-086,Baseline,0,IFN-gamma,pg/mL,6.521
BIO-086,Week 2,2,IFN-gamma,pg/mL,3.099
BIO-086,Week 4,4,IFN-gamma,pg/mL,4.08
BIO-086,Week 8,8,IFN-gamma,pg/mL,3.701
BIO-086,Week 12,12,IFN-gamma,pg/mL,4.324
BIO-086,Baseline,0,IL-2,pg/mL,5.843
BIO-086,Week 2,2,IL-2,pg/mL,7.393
BIO-086,Week 4,4,IL-2,pg/mL,6.639
BIO-086,Week 8,8,IL-2,pg/mL,6.738
BIO-086,Week 12,12,IL-2,pg/mL,5.708
BIO-086,Baseline,0,IL-1beta,pg/mL,3.077
BIO-086,Week 2,2,IL-1beta,pg/mL,3.565
BIO-086,Week 4,4,IL-1beta,pg/mL,2.791
BIO-086,Week 8,8,IL-1beta,pg/mL,2.723
BIO-086,Week 12,12,IL-1beta,pg/mL,3.281
BIO-086,Baseline,0,IL-8,pg/mL,21.569
BIO-086,Week 2,2,IL-8,pg/mL,17.387
BIO-086,Week 4,4,IL-8,pg/mL,15.701
BIO-086,Week 8,8,IL-8,pg/mL,21.817
BIO-086,Week 12,12,IL-8,pg/mL,23.495
BIO-086,Baseline,0,VEGF,pg/mL,204.522
BIO-086,Week 2,2,VEGF,pg/mL,216.303
BIO-086,Week 4,4,VEGF,pg/mL,
BIO-086,Week 8,8,VEGF,pg/mL,277.142
BIO-086,Week 12,12,VEGF,pg/mL,270.619
BIO-086,Baseline,0,Ferritin,ng/mL,162.604
BIO-086,Week 2,2,Ferritin,ng/mL,248.683
BIO-086,Week 4,4,Ferritin,ng/mL,263.253
BIO-086,Week 8,8,Ferritin,ng/mL,215.79
BIO-086,Week 12,12,Ferritin,ng/mL,196.666
BIO-086,Baseline,0,D-dimer,mg/L,0.361
BIO-086,Week 2,2,D-dimer,mg/L,0.149
BIO-086,Week 4,4,D-dimer,mg/L,0.256
BIO-086,Week 8,8,D-dimer,mg/L,0.27
BIO-086,Week 12,12,D-dimer,mg/L,0.361
BIO-086,Baseline,0,LDH,U/L,204.671
BIO-086,Week 2,2,LDH,U/L,194.735
BIO-086,Week 4,4,LDH,U/L,194.441
BIO-086,Week 8,8,LDH,U/L,204.81
BIO-086,Week 12,12,LDH,U/L,174.05
BIO-087,Baseline,0,IL-6,pg/mL,7.486
BIO-087,Week 2,2,IL-6,pg/mL,7.888
BIO-087,Week 4,4,IL-6,pg/mL,5.783
BIO-087,Week 8,8,IL-6,pg/mL,6.223
BIO-087,Week 12,12,IL-6,pg/mL,7.28
BIO-087,Baseline,0,CRP,mg/L,3.421
BIO-087,Week 2,2,CRP,mg/L,2.351
BIO-087,Week 4,4,CRP,mg/L,4.76
BIO-087,Week 8,8,CRP,mg/L,4.035
BIO-087,Week 12,12,CRP,mg/L,3.884
BIO-087,Baseline,0,TNF-alpha,pg/mL,6.85
BIO-087,Week 2,2,TNF-alpha,pg/mL,15.414
BIO-087,Week 4,4,TNF-alpha,pg/mL,11.638
BIO-087,Week 8,8,TNF-alpha,pg/mL,9.872
BIO-087,Week 12,12,TNF-alpha,pg/mL,8.48
BIO-087,Baseline,0,IL-10,pg/mL,3.52
BIO-087,Week 2,2,IL-10,pg/mL,5.677
BIO-087,Week 4,4,IL-10,pg/mL,5.745
BIO-087,Week 8,8,IL-10,pg/mL,4.549
BIO-087,Week 12,12,IL-10,pg/mL,4.94
BIO-087,Baseline,0,IFN-gamma,pg/mL,5.823
BIO-087,Week 2,2,IFN-gamma,pg/mL,4.231
BIO-087,Week 4,4,IFN-gamma,pg/mL,2.761
BIO-087,Week 8,8,IFN-gamma,pg/mL,3.148
BIO-087,Week 12,12,IFN-gamma,pg/mL,3.896
BIO-087,Baseline,0,IL-2,pg/mL,7.291
BIO-087,Week 2,2,IL-2,pg/mL,7.955
BIO-087,Week 4,4,IL-2,pg/mL,5.957
BIO-087,Week 8,8,IL-2,pg/mL,5.054
BIO-087,Week 12,12,IL-2,pg/mL,7.089
BIO-087,Baseline,0,IL-1beta,pg/mL,2.092
BIO-087,Week 2,2,IL-1beta,pg/mL,2.908
BIO-087,Week 4,4,IL-1beta,pg/mL,2.062
BIO-087,Week 8,8,IL-1beta,pg/mL,2.052
BIO-087,Week 12,12,IL-1beta,pg/mL,2.156
BIO-087,Baseline,0,IL-8,pg/mL,5.648
BIO-087,Week 2,2,IL-8,pg/mL,7.049
BIO-087,Week 4,4,IL-8,pg/mL,7.211
BIO-087,Week 8,8,IL-8,pg/mL,5.436
BIO-087,Week 12,12,IL-8,pg/mL,5.783
BIO-087,Baseline,0,VEGF,pg/mL,273.831
BIO-087,Week 2,2,VEGF,pg/mL,255.293
BIO-087,Week 4,4,VEGF,pg/mL,242.584
BIO-087,Week 8,8,VEGF,pg/mL,284.778
BIO-087,Week 12,12,VEGF,pg/mL,321.769
BIO-087,Baseline,0,Ferritin,ng/mL,272.6
BIO-087,Week 2,2,Ferritin,ng/mL,
BIO-087,Week 4,4,Ferritin,ng/mL,164.507
BIO-087,Week 8,8,Ferritin,ng/mL,199.48
BIO-087,Week 12,12,Ferritin,ng/mL,263.411
BIO-087,Baseline,0,D-dimer,mg/L,0.488
BIO-087,Week 2,2,D-dimer,mg/L,0.337
BIO-087,Week 4,4,D-dimer,mg/L,0.531
BIO-087,Week 8,8,D-dimer,mg/L,0.403
BIO-087,Week 12,12,D-dimer,mg/L,0.402
BIO-087,Baseline,0,LDH,U/L,192.711
BIO-087,Week 2,2,LDH,U/L,158.195
BIO-087,Week 4,4,LDH,U/L,185.542
BIO-087,Week 8,8,LDH,U/L,178.71
BIO-087,Week 12,12,LDH,U/L,206.033
BIO-088,Baseline,0,IL-6,pg/mL,9.554
BIO-088,Week 2,2,IL-6,pg/mL,6.455
BIO-088,Week 4,4,IL-6,pg/mL,6.083
BIO-088,Week 8,8,IL-6,pg/mL,7.843
BIO-088,Week 12,12,IL-6,pg/mL,6.175
BIO-088,Baseline,0,CRP,mg/L,1.592
BIO-088,Week 2,2,CRP,mg/L,1.875
BIO-088,Week 4,4,CRP,mg/L,2.456
BIO-088,Week 8,8,CRP,mg/L,2.623
BIO-088,Week 12,12,CRP,mg/L,1.252
BIO-088,Baseline,0,TNF-alpha,pg/mL,10.116
BIO-088,Week 2,2,TNF-alpha,pg/mL,12.695
BIO-088,Week 4,4,TNF-alpha,pg/mL,12.649
BIO-088,Week 8,8,TNF-alpha,pg/mL,12.707
BIO-088,Week 12,12,TNF-alpha,pg/mL,11.506
BIO-088,Baseline,0,IL-10,pg/mL,5.932
BIO-088,Week 2,2,IL-10,pg/mL,4.543
BIO-088,Week 4,4,IL-10,pg/mL,5.47
BIO-088,Week 8,8,IL-10,pg/mL,5.991
BIO-088,Week 12,12,IL-10,pg/mL,6.251
BIO-088,Baseline,0,IFN-gamma,pg/mL,2.72
BIO-088,Week 2,2,IFN-gamma,pg/mL,4.196
BIO-088,Week 4,4,IFN-gamma,pg/mL,3.51
BIO-088,Week 8,8,IFN-gamma,pg/mL,1.632
BIO-088,Week 12,12,IFN-gamma,pg/mL,4.366
BIO-088,Baseline,0,IL-2,pg/mL,5.37
BIO-088,Week 2,2,IL-2,pg/mL,6.024
BIO-088,Week 4,4,IL-2,pg/mL,5.236
BIO-088,Week 8,8,IL-2,pg/mL,5.014
BIO-088,Week 12,12,IL-2,pg/mL,5.219
BIO-088,Baseline,0,IL-1beta,pg/mL,2.774
BIO-088,Week 2,2,IL-1beta,pg/mL,2.606
BIO-088,Week 4,4,IL-1beta,pg/mL,2.515
BIO-088,Week 8,8,IL-1beta,pg/mL,2.665
BIO-088,Week 12,12,IL-1beta,pg/mL,2.316
BIO-088,Baseline,0,IL-8,pg/mL,21.141
BIO-088,Week 2,2,IL-8,pg/mL,28.117
BIO-088,Week 4,4,IL-8,pg/mL,32.808
BIO-088,Week 8,8,IL-8,pg/mL,23.123
BIO-088,Week 12,12,IL-8,pg/mL,27.076
BIO-088,Baseline,0,VEGF,pg/mL,248.913
BIO-088,Week 2,2,VEGF,pg/mL,275.694
BIO-088,Week 4,4,VEGF,pg/mL,292.07
BIO-088,Week 8,8,VEGF,pg/mL,293.068
BIO-088,Week 12,12,VEGF,pg/mL,285.845
BIO-088,Baseline,0,Ferritin,ng/mL,65.445
BIO-088,Week 2,2,Ferritin,ng/mL,38.575
BIO-088,Week 4,4,Ferritin,ng/mL,56.403
BIO-088,Week 8,8,Ferritin,ng/mL,63.266
BIO-088,Week 12,12,Ferritin,ng/mL,64.404
BIO-088,Baseline,0,D-dimer,mg/L,0.645
BIO-088,Week 2,2,D-dimer,mg/L,0.405
BIO-088,Week 4,4,D-dimer,mg/L,0.376
BIO-088,Week 8,8,D-dimer,mg/L,0.49
BIO-088,Week 12,12,D-dimer,mg/L,0.481
BIO-088,Baseline,0,LDH,U/L,134.966
BIO-088,Week 2,2,LDH,U/L,146.75
BIO-088,Week 4,4,LDH,U/L,167.143
BIO-088,Week 8,8,LDH,U/L,133.788
BIO-088,Week 12,12,LDH,U/L,166.731
BIO-089,Baseline,0,IL-6,pg/mL,8.302
BIO-089,Week 2,2,IL-6,pg/mL,9.842
BIO-089,Week 4,4,IL-6,pg/mL,11.926
BIO-089,Week 8,8,IL-6,pg/mL,7.627
BIO-089,Week 12,12,IL-6,pg/mL,10.818
BIO-089,Baseline,0,CRP,mg/L,6.025
BIO-089,Week 2,2,CRP,mg/L,2.639
BIO-089,Week 4,4,CRP,mg/L,3.321
BIO-089,Week 8,8,CRP,mg/L,9.735
BIO-089,Week 12,12,CRP,mg/L,2.427
BIO-089,Baseline,0,TNF-alpha,pg/mL,16.311
BIO-089,Week 2,2,TNF-alpha,pg/mL,16.822
BIO-089,Week 4,4,TNF-alpha,pg/mL,16.524
BIO-089,Week 8,8,TNF-alpha,pg/mL,15.839
BIO-089,Week 12,12,TNF-alpha,pg/mL,14.598
BIO-089,Baseline,0,IL-10,pg/mL,5.371
BIO-089,Week 2,2,IL-10,pg/mL,6.367
BIO-089,Week 4,4,IL-10,pg/mL,
BIO-089,Week 8,8,IL-10,pg/mL,4.799
BIO-089,Week 12,12,IL-10,pg/mL,5.174
BIO-089,Baseline,0,IFN-gamma,pg/mL,3.886
BIO-089,Week 2,2,IFN-gamma,pg/mL,4.154
BIO-089,Week 4,4,IFN-gamma,pg/mL,5.086
BIO-089,Week 8,8,IFN-gamma,pg/mL,4.527
BIO-089,Week 12,12,IFN-gamma,pg/mL,4.662
BIO-089,Baseline,0,IL-2,pg/mL,6.71
BIO-089,Week 2,2,IL-2,pg/mL,5.442
BIO-089,Week 4,4,IL-2,pg/mL,4.774
BIO-089,Week 8,8,IL-2,pg/mL,6.477
BIO-089,Week 12,12,IL-2,pg/mL,4.508
BIO-089,Baseline,0,IL-1beta,pg/mL,3.173
BIO-089,Week 2,2,IL-1beta,pg/mL,3.112
BIO-089,Week 4,4,IL-1beta,pg/mL,2.869
BIO-089,Week 8,8,IL-1beta,pg/mL,2.811
BIO-089,Week 12,12,IL-1beta,pg/mL,2.978
BIO-089,Baseline,0,IL-8,pg/mL,10.042
BIO-089,Week 2,2,IL-8,pg/mL,11.516
BIO-089,Week 4,4,IL-8,pg/mL,13.392
BIO-089,Week 8,8,IL-8,pg/mL,8.326
BIO-089,Week 12,12,IL-8,pg/mL,19.167
BIO-089,Baseline,0,VEGF,pg/mL,206.797
BIO-089,Week 2,2,VEGF,pg/mL,137.943
BIO-089,Week 4,4,VEGF,pg/mL,187.453
BIO-089,Week 8,8,VEGF,pg/mL,167.889
BIO-089,Week 12,12,VEGF,pg/mL,155.148
BIO-089,Baseline,0,Ferritin,ng/mL,157.113
BIO-089,Week 2,2,Ferritin,ng/mL,97.263
BIO-089,Week 4,4,Ferritin,ng/mL,68.584
BIO-089,Week 8,8,Ferritin,ng/mL,125.998
BIO-089,Week 12,12,Ferritin,ng/mL,76.04
BIO-089,Baseline,0,D-dimer,mg/L,0.369
BIO-089,Week 2,2,D-dimer,mg/L,0.399
BIO-089,Week 4,4,D-dimer,mg/L,0.406
BIO-089,Week 8,8,D-dimer,mg/L,0.487
BIO-089,Week 12,12,D-dimer,mg/L,0.373
BIO-089,Baseline,0,LDH,U/L,180.134
BIO-089,Week 2,2,LDH,U/L,172.242
BIO-089,Week 4,4,LDH,U/L,194.292
BIO-089,Week 8,8,LDH,U/L,165.185
BIO-089,Week 12,12,LDH,U/L,200.101
BIO-090,Baseline,0,IL-6,pg/mL,8.277
BIO-090,Week 2,2,IL-6,pg/mL,8.409
BIO-090,Week 4,4,IL-6,pg/mL,7.991
BIO-090,Week 8,8,IL-6,pg/mL,10.869
BIO-090,Week 12,12,IL-6,pg/mL,7.691
BIO-090,Baseline,0,CRP,mg/L,2.748
BIO-090,Week 2,2,CRP,mg/L,3.187
BIO-090,Week 4,4,CRP,mg/L,2.367
BIO-090,Week 8,8,CRP,mg/L,3.871
BIO-090,Week 12,12,CRP,mg/L,2.736
BIO-090,Baseline,0,TNF-alpha,pg/mL,12.33
BIO-090,Week 2,2,TNF-alpha,pg/mL,12.731
BIO-090,Week 4,4,TNF-alpha,pg/mL,9.83
BIO-090,Week 8,8,TNF-alpha,pg/mL,14.125
BIO-090,Week 12,12,TNF-alpha,pg/mL,13.232
BIO-090,Baseline,0,IL-10,pg/mL,6.014
BIO-090,Week 2,2,IL-10,pg/mL,5.798
BIO-090,Week 4,4,IL-10,pg/mL,6.02
BIO-090,Week 8,8,IL-10,pg/mL,6.381
BIO-090,Week 12,12,IL-10,pg/mL,6.58
BIO-090,Baseline,0,IFN-gamma,pg/mL,7.918
BIO-090,Week 2,2,IFN-gamma,pg/mL,5.129
BIO-090,Week 4,4,IFN-gamma,pg/mL,5.781
BIO-090,Week 8,8,IFN-gamma,pg/mL,2.528
BIO-090,Week 12,12,IFN-gamma,pg/mL,7.444
BIO-090,Baseline,0,IL-2,pg/mL,3.536
BIO-090,Week 2,2,IL-2,pg/mL,5.472
BIO-090,Week 4,4,IL-2,pg/mL,4.299
BIO-090,Week 8,8,IL-2,pg/mL,5.254
BIO-090,Week 12,12,IL-2,pg/mL,4.635
BIO-090,Baseline,0,IL-1beta,pg/mL,2.598
BIO-090,Week 2,2,IL-1beta,pg/mL,2.695
BIO-090,Week 4,4,IL-1beta,pg/mL,2.803
BIO-090,Week 8,8,IL-1beta,pg/mL,2.33
BIO-090,Week 12,12,IL-1beta,pg/mL,
BIO-090,Baseline,0,IL-8,pg/mL,46.007
BIO-090,Week 2,2,IL-8,pg/mL,25.478
BIO-090,Week 4,4,IL-8,pg/mL,21.604
BIO-090,Week 8,8,IL-8,pg/mL,23.554
BIO-090,Week 12,12,IL-8,pg/mL,15.911
BIO-090,Baseline,0,VEGF,pg/mL,271.636
BIO-090,Week 2,2,VEGF,pg/mL,235.59
BIO-090,Week 4,4,VEGF,pg/mL,294.551
BIO-090,Week 8,8,VEGF,pg/mL,278.552
BIO-090,Week 12,12,VEGF,pg/mL,201.427
BIO-090,Baseline,0,Ferritin,ng/mL,96.225
BIO-090,Week 2,2,Ferritin,ng/mL,147.286
BIO-090,Week 4,4,Ferritin,ng/mL,126.245
BIO-090,Week 8,8,Ferritin,ng/mL,125.111
BIO-090,Week 12,12,Ferritin,ng/mL,94.173
BIO-090,Baseline,0,D-dimer,mg/L,0.269
BIO-090,Week 2,2,D-dimer,mg/L,0.337
BIO-090,Week 4,4,D-dimer,mg/L,0.237
BIO-090,Week 8,8,D-dimer,mg/L,0.498
BIO-090,Week 12,12,D-dimer,mg/L,0.401
BIO-090,Baseline,0,LDH,U/L,200.098
BIO-090,Week 2,2,LDH,U/L,198.988
BIO-090,Week 4,4,LDH,U/L,178.502
BIO-090,Week 8,8,LDH,U/L,191.015
BIO-090,Week 12,12,LDH,U/L,206.702
BIO-091,Baseline,0,IL-6,pg/mL,8.137
BIO-091,Week 2,2,IL-6,pg/mL,9.89
BIO-091,Week 4,4,IL-6,pg/mL,7.389
BIO-091,Week 8,8,IL-6,pg/mL,7.646
BIO-091,Week 12,12,IL-6,pg/mL,7.205
BIO-091,Baseline,0,CRP,mg/L,2.795
BIO-091,Week 2,2,CRP,mg/L,4.624
BIO-091,Week 4,4,CRP,mg/L,3.138
BIO-091,Week 8,8,CRP,mg/L,3.324
BIO-091,Week 12,12,CRP,mg/L,1.507
BIO-091,Baseline,0,TNF-alpha,pg/mL,10.782
BIO-091,Week 2,2,TNF-alpha,pg/mL,
BIO-091,Week 4,4,TNF-alpha,pg/mL,9.226
BIO-091,Week 8,8,TNF-alpha,pg/mL,11.102
BIO-091,Week 12,12,TNF-alpha,pg/mL,12.223
BIO-091,Baseline,0,IL-10,pg/mL,4.836
BIO-091,Week 2,2,IL-10,pg/mL,4.067
BIO-091,Week 4,4,IL-10,pg/mL,5.003
BIO-091,Week 8,8,IL-10,pg/mL,5.055
BIO-091,Week 12,12,IL-10,pg/mL,5.756
BIO-091,Baseline,0,IFN-gamma,pg/mL,2.028
BIO-091,Week 2,2,IFN-gamma,pg/mL,2.459
BIO-091,Week 4,4,IFN-gamma,pg/mL,1.699
BIO-091,Week 8,8,IFN-gamma,pg/mL,3.634
BIO-091,Week 12,12,IFN-gamma,pg/mL,2.92
BIO-091,Baseline,0,IL-2,pg/mL,4.442
BIO-091,Week 2,2,IL-2,pg/mL,5.531
BIO-091,Week 4,4,IL-2,pg/mL,5.102
BIO-091,Week 8,8,IL-2,pg/mL,5.695
BIO-091,Week 12,12,IL-2,pg/mL,4.072
BIO-091,Baseline,0,IL-1beta,pg/mL,1.559
BIO-091,Week 2,2,IL-1beta,pg/mL,2.033
BIO-091,Week 4,4,IL-1beta,pg/mL,2.598
BIO-091,Week 8,8,IL-1beta,pg/mL,2.636
BIO-091,Week 12,12,IL-1beta,pg/mL,1.915
BIO-091,Baseline,0,IL-8,pg/mL,21.933
BIO-091,Week 2,2,IL-8,pg/mL,17.894
BIO-091,Week 4,4,IL-8,pg/mL,31.553
BIO-091,Week 8,8,IL-8,pg/mL,14.653
BIO-091,Week 12,12,IL-8,pg/mL,19.327
BIO-091,Baseline,0,VEGF,pg/mL,307.704
BIO-091,Week 2,2,VEGF,pg/mL,268.931
BIO-091,Week 4,4,VEGF,pg/mL,231.617
BIO-091,Week 8,8,VEGF,pg/mL,317.273
BIO-091,Week 12,12,VEGF,pg/mL,
BIO-091,Baseline,0,Ferritin,ng/mL,73.426
BIO-091,Week 2,2,Ferritin,ng/mL,102.42
BIO-091,Week 4,4,Ferritin,ng/mL,61.301
BIO-091,Week 8,8,Ferritin,ng/mL,45.902
BIO-091,Week 12,12,Ferritin,ng/mL,67.392
BIO-091,Baseline,0,D-dimer,mg/L,0.322
BIO-091,Week 2,2,D-dimer,mg/L,0.544
BIO-091,Week 4,4,D-dimer,mg/L,0.6
BIO-091,Week 8,8,D-dimer,mg/L,0.321
BIO-091,Week 12,12,D-dimer,mg/L,0.314
BIO-091,Baseline,0,LDH,U/L,164.534
BIO-091,Week 2,2,LDH,U/L,181.655
BIO-091,Week 4,4,LDH,U/L,158.407
BIO-091,Week 8,8,LDH,U/L,174.059
BIO-091,Week 12,12,LDH,U/L,185.289
BIO-092,Baseline,0,IL-6,pg/mL,7.473
BIO-092,Week 2,2,IL-6,pg/mL,6.824
BIO-092,Week 4,4,IL-6,pg/mL,8.358
BIO-092,Week 8,8,IL-6,pg/mL,8.594
BIO-092,Week 12,12,IL-6,pg/mL,8.443
BIO-092,Baseline,0,CRP,mg/L,3.427
BIO-092,Week 2,2,CRP,mg/L,5.437
BIO-092,Week 4,4,CRP,mg/L,2.955
BIO-092,Week 8,8,CRP,mg/L,2.674
BIO-092,Week 12,12,CRP,mg/L,2.93
BIO-092,Baseline,0,TNF-alpha,pg/mL,15.111
BIO-092,Week 2,2,TNF-alpha,pg/mL,14.337
BIO-092,Week 4,4,TNF-alpha,pg/mL,17.036
BIO-092,Week 8,8,TNF-alpha,pg/mL,13.793
BIO-092,Week 12,12,TNF-alpha,pg/mL,14.177
BIO-092,Baseline,0,IL-10,pg/mL,4.94
BIO-092,Week 2,2,IL-10,pg/mL,4.843
BIO-092,Week 4,4,IL-10,pg/mL,6.213
BIO-092,Week 8,8,IL-10,pg/mL,5.406
BIO-092,Week 12,12,IL-10,pg/mL,5.056
BIO-092,Baseline,0,IFN-gamma,pg/mL,3.372
BIO-092,Week 2,2,IFN-gamma,pg/mL,4.524
BIO-092,Week 4,4,IFN-gamma,pg/mL,5.258
BIO-092,Week 8,8,IFN-gamma,pg/mL,2.169
BIO-092,Week 12,12,IFN-gamma,pg/mL,3.28
BIO-092,Baseline,0,IL-2,pg/mL,4.901
BIO-092,Week 2,2,IL-2,pg/mL,4.794
BIO-092,Week 4,4,IL-2,pg/mL,6.281
BIO-092,Week 8,8,IL-2,pg/mL,6.352
BIO-092,Week 12,12,IL-2,pg/mL,5.87
BIO-092,Baseline,0,IL-1beta,pg/mL,2.001
BIO-092,Week 2,2,IL-1beta,pg/mL,2.08
BIO-092,Week 4,4,IL-1beta,pg/mL,2.465
BIO-092,Week 8,8,IL-1beta,pg/mL,1.935
BIO-092,Week 12,12,IL-1beta,pg/mL,1.872
BIO-092,Baseline,0,IL-8,pg/mL,14.846
BIO-092,Week 2,2,IL-8,pg/mL,14.692
BIO-092,Week 4,4,IL-8,pg/mL,21.654
BIO-092,Week 8,8,IL-8,pg/mL,10.416
BIO-092,Week 12,12,IL-8,pg/mL,9.112
BIO-092,Baseline,0,VEGF,pg/mL,253.86
BIO-092,Week 2,2,VEGF,pg/mL,195.567
BIO-092,Week 4,4,VEGF,pg/mL,299.817
BIO-092,Week 8,8,VEGF,pg/mL,199.068
BIO-092,Week 12,12,VEGF,pg/mL,228.75
BIO-092,Baseline,0,Ferritin,ng/mL,135.529
BIO-092,Week 2,2,Ferritin,ng/mL,138.463
BIO-092,Week 4,4,Ferritin,ng/mL,213.348
BIO-092,Week 8,8,Ferritin,ng/mL,305.302
BIO-092,Week 12,12,Ferritin,ng/mL,201.134
BIO-092,Baseline,0,D-dimer,mg/L,0.35
BIO-092,Week 2,2,D-dimer,mg/L,
BIO-092,Week 4,4,D-dimer,mg/L,0.596
BIO-092,Week 8,8,D-dimer,mg/L,0.769
BIO-092,Week 12,12,D-dimer,mg/L,0.487
BIO-092,Baseline,0,LDH,U/L,170.788
BIO-092,Week 2,2,LDH,U/L,178.173
BIO-092,Week 4,4,LDH,U/L,189.465
BIO-092,Week 8,8,LDH,U/L,166.566
BIO-092,Week 12,12,LDH,U/L,196.58
BIO-093,Baseline,0,IL-6,pg/mL,9.152
BIO-093,Week 2,2,IL-6,pg/mL,10.483
BIO-093,Week 4,4,IL-6,pg/mL,9.692
BIO-093,Week 8,8,IL-6,pg/mL,9.561
BIO-093,Week 12,12,IL-6,pg/mL,11.412
BIO-093,Baseline,0,CRP,mg/L,1.692
BIO-093,Week 2,2,CRP,mg/L,2.401
BIO-093,Week 4,4,CRP,mg/L,1.383
BIO-093,Week 8,8,CRP,mg/L,2.706
BIO-093,Week 12,12,CRP,mg/L,3.113
BIO-093,Baseline,0,TNF-alpha,pg/mL,14.175
BIO-093,Week 2,2,TNF-alpha,pg/mL,11.196
BIO-093,Week 4,4,TNF-alpha,pg/mL,11.712
BIO-093,Week 8,8,TNF-alpha,pg/mL,15.89
BIO-093,Week 12,12,TNF-alpha,pg/mL,13.235
BIO-093,Baseline,0,IL-10,pg/mL,7.112
BIO-093,Week 2,2,IL-10,pg/mL,4.99
BIO-093,Week 4,4,IL-10,pg/mL,5.758
BIO-093,Week 8,8,IL-10,pg/mL,6.725
BIO-093,Week 12,12,IL-10,pg/mL,7.099
BIO-093,Baseline,0,IFN-gamma,pg/mL,5.603
BIO-093,Week 2,2,IFN-gamma,pg/mL,7.729
BIO-093,Week 4,4,IFN-gamma,pg/mL,3.621
BIO-093,Week 8,8,IFN-gamma,pg/mL,6.116
BIO-093,Week 12,12,IFN-gamma,pg/mL,4.699
BIO-093,Baseline,0,IL-2,pg/mL,5.022
BIO-093,Week 2,2,IL-2,pg/mL,5.566
BIO-093,Week 4,4,IL-2,pg/mL,5.467
BIO-093,Week 8,8,IL-2,pg/mL,5.234
BIO-093,Week 12,12,IL-2,pg/mL,4.132
BIO-093,Baseline,0,IL-1beta,pg/mL,2.453
BIO-093,Week 2,2,IL-1beta,pg/mL,2.543
BIO-093,Week 4,4,IL-1beta,pg/mL,2.143
BIO-093,Week 8,8,IL-1beta,pg/mL,2.75
BIO-093,Week 12,12,IL-1beta,pg/mL,2.59
BIO-093,Baseline,0,IL-8,pg/mL,19.017
BIO-093,Week 2,2,IL-8,pg/mL,12.103
BIO-093,Week 4,4,IL-8,pg/mL,16.678
BIO-093,Week 8,8,IL-8,pg/mL,18.381
BIO-093,Week 12,12,IL-8,pg/mL,
BIO-093,Baseline,0,VEGF,pg/mL,227.048
BIO-093,Week 2,2,VEGF,pg/mL,274.977
BIO-093,Week 4,4,VEGF,pg/mL,185.781
BIO-093,Week 8,8,VEGF,pg/mL,187.535
BIO-093,Week 12,12,VEGF,pg/mL,281.486
BIO-093,Baseline,0,Ferritin,ng/mL,277.46
BIO-093,Week 2,2,Ferritin,ng/mL,101.379
BIO-093,Week 4,4,Ferritin,ng/mL,105.398
BIO-093,Week 8,8,Ferritin,ng/mL,80.402
BIO-093,Week 12,12,Ferritin,ng/mL,124.828
BIO-093,Baseline,0,D-dimer,mg/L,0.492
BIO-093,Week 2,2,D-dimer,mg/L,0.411
BIO-093,Week 4,4,D-dimer,mg/L,0.63
BIO-093,Week 8,8,D-dimer,mg/L,0.366
BIO-093,Week 12,12,D-dimer,mg/L,0.501
BIO-093,Baseline,0,LDH,U/L,186.221
BIO-093,Week 2,2,LDH,U/L,182.081
BIO-093,Week 4,4,LDH,U/L,215.827
BIO-093,Week 8,8,LDH,U/L,164.742
BIO-093,Week 12,12,LDH,U/L,154.492
BIO-094,Baseline,0,IL-6,pg/mL,8.598
BIO-094,Week 2,2,IL-6,pg/mL,8.112
BIO-094,Week 4,4,IL-6,pg/mL,7.821
BIO-094,Week 8,8,IL-6,pg/mL,7.039
BIO-094,Week 12,12,IL-6,pg/mL,9.396
BIO-094,Baseline,0,CRP,mg/L,1.569
BIO-094,Week 2,2,CRP,mg/L,2.872
BIO-094,Week 4,4,CRP,mg/L,2.198
BIO-094,Week 8,8,CRP,mg/L,4.606
BIO-094,Week 12,12,CRP,mg/L,
BIO-094,Baseline,0,TNF-alpha,pg/mL,14.095
BIO-094,Week 2,2,TNF-alpha,pg/mL,13.109
BIO-094,Week 4,4,TNF-alpha,pg/mL,15.582
BIO-094,Week 8,8,TNF-alpha,pg/mL,10.004
BIO-094,Week 12,12,TNF-alpha,pg/mL,13.618
BIO-094,Baseline,0,IL-10,pg/mL,6.147
BIO-094,Week 2,2,IL-10,pg/mL,8.7
BIO-094,Week 4,4,IL-10,pg/mL,8.292
BIO-094,Week 8,8,IL-10,pg/mL,5.567
BIO-094,Week 12,12,IL-10,pg/mL,8.968
BIO-094,Baseline,0,IFN-gamma,pg/mL,4.241
BIO-094,Week 2,2,IFN-gamma,pg/mL,8.605
BIO-094,Week 4,4,IFN-gamma,pg/mL,10.699
BIO-094,Week 8,8,IFN-gamma,pg/mL,5.702
BIO-094,Week 12,12,IFN-gamma,pg/mL,10.529
BIO-094,Baseline,0,IL-2,pg/mL,4.983
BIO-094,Week 2,2,IL-2,pg/mL,6.095
BIO-094,Week 4,4,IL-2,pg/mL,5.358
BIO-094,Week 8,8,IL-2,pg/mL,5.471
BIO-094,Week 12,12,IL-2,pg/mL,4.79
BIO-094,Baseline,0,IL-1beta,pg/mL,1.962
BIO-094,Week 2,2,IL-1beta,pg/mL,2.308
BIO-094,Week 4,4,IL-1beta,pg/mL,2.381
BIO-094,Week 8,8,IL-1beta,pg/mL,2.268
BIO-094,Week 12,12,IL-1beta,pg/mL,1.841
BIO-094,Baseline,0,IL-8,pg/mL,6.341
BIO-094,Week 2,2,IL-8,pg/mL,5.685
BIO-094,Week 4,4,IL-8,pg/mL,7.478
BIO-094,Week 8,8,IL-8,pg/mL,10.383
BIO-094,Week 12,12,IL-8,pg/mL,5.991
BIO-094,Baseline,0,VEGF,pg/mL,308.331
BIO-094,Week 2,2,VEGF,pg/mL,374.707
BIO-094,Week 4,4,VEGF,pg/mL,344.573
BIO-094,Week 8,8,VEGF,pg/mL,323.394
BIO-094,Week 12,12,VEGF,pg/mL,324.685
BIO-094,Baseline,0,Ferritin,ng/mL,196.69
BIO-094,Week 2,2,Ferritin,ng/mL,377.654
BIO-094,Week 4,4,Ferritin,ng/mL,331.044
BIO-094,Week 8,8,Ferritin,ng/mL,134.084
BIO-094,Week 12,12,Ferritin,ng/mL,215.613
BIO-094,Baseline,0,D-dimer,mg/L,0.465
BIO-094,Week 2,2,D-dimer,mg/L,0.478
BIO-094,Week 4,4,D-dimer,mg/L,0.486
BIO-094,Week 8,8,D-dimer,mg/L,0.326
BIO-094,Week 12,12,D-dimer,mg/L,0.496
BIO-094,Baseline,0,LDH,U/L,159.138
BIO-094,Week 2,2,LDH,U/L,141.609
BIO-094,Week 4,4,LDH,U/L,159.088
BIO-094,Week 8,8,LDH,U/L,149.79
BIO-094,Week 12,12,LDH,U/L,162.839
BIO-095,Baseline,0,IL-6,pg/mL,8.626
BIO-095,Week 2,2,IL-6,pg/mL,10.59
BIO-095,Week 4,4,IL-6,pg/mL,9.432
BIO-095,Week 8,8,IL-6,pg/mL,6.788
BIO-095,Week 12,12,IL-6,pg/mL,8.872
BIO-095,Baseline,0,CRP,mg/L,2.03
BIO-095,Week 2,2,CRP,mg/L,4.236
BIO-095,Week 4,4,CRP,mg/L,1.562
BIO-095,Week 8,8,CRP,mg/L,1.511
BIO-095,Week 12,12,CRP,mg/L,
BIO-095,Baseline,0,TNF-alpha,pg/mL,11.355
BIO-095,Week 2,2,TNF-alpha,pg/mL,10.983
BIO-095,Week 4,4,TNF-alpha,pg/mL,10.166
BIO-095,Week 8,8,TNF-alpha,pg/mL,11.67
BIO-095,Week 12,12,TNF-alpha,pg/mL,10.079
BIO-095,Baseline,0,IL-10,pg/mL,6.064
BIO-095,Week 2,2,IL-10,pg/mL,4.759
BIO-095,Week 4,4,IL-10,pg/mL,3.953
BIO-095,Week 8,8,IL-10,pg/mL,4.48
BIO-095,Week 12,12,IL-10,pg/mL,5.674
BIO-095,Baseline,0,IFN-gamma,pg/mL,4.715
BIO-095,Week 2,2,IFN-gamma,pg/mL,5.99
BIO-095,Week 4,4,IFN-gamma,pg/mL,2.777
BIO-095,Week 8,8,IFN-gamma,pg/mL,6.308
BIO-095,Week 12,12,IFN-gamma,pg/mL,4.927
BIO-095,Baseline,0,IL-2,pg/mL,4.448
BIO-095,Week 2,2,IL-2,pg/mL,4.642
BIO-095,Week 4,4,IL-2,pg/mL,4.541
BIO-095,Week 8,8,IL-2,pg/mL,5.534
BIO-095,Week 12,12,IL-2,pg/mL,4.504
BIO-095,Baseline,0,IL-1beta,pg/mL,2.22
BIO-095,Week 2,2,IL-1beta,pg/mL,1.974
BIO-095,Week 4,4,IL-1beta,pg/mL,2.189
BIO-095,Week 8,8,IL-1beta,pg/mL,2.818
BIO-095,Week 12,12,IL-1beta,pg/mL,2.662
BIO-095,Baseline,0,IL-8,pg/mL,16.231
BIO-095,Week 2,2,IL-8,pg/mL,9.694
BIO-095,Week 4,4,IL-8,pg/mL,15.417
BIO-095,Week 8,8,IL-8,pg/mL,15.444
BIO-095,Week 12,12,IL-8,pg/mL,12.183
BIO-095,Baseline,0,VEGF,pg/mL,199.046
BIO-095,Week 2,2,VEGF,pg/mL,256.317
BIO-095,Week 4,4,VEGF,pg/mL,135.333
BIO-095,Week 8,8,VEGF,pg/mL,205.072
BIO-095,Week 12,12,VEGF,pg/mL,229.271
BIO-095,Baseline,0,Ferritin,ng/mL,71.62
BIO-095,Week 2,2,Ferritin,ng/mL,131.183
BIO-095,Week 4,4,Ferritin,ng/mL,
BIO-095,Week 8,8,Ferritin,ng/mL,97.993
BIO-095,Week 12,12,Ferritin,ng/mL,45.263
BIO-095,Baseline,0,D-dimer,mg/L,0.573
BIO-095,Week 2,2,D-dimer,mg/L,0.555
BIO-095,Week 4,4,D-dimer,mg/L,0.48
BIO-095,Week 8,8,D-dimer,mg/L,0.599
BIO-095,Week 12,12,D-dimer,mg/L,0.783
BIO-095,Baseline,0,LDH,U/L,176.474
BIO-095,Week 2,2,LDH,U/L,156.773
BIO-095,Week 4,4,LDH,U/L,187.022
BIO-095,Week 8,8,LDH,U/L,174.281
BIO-095,Week 12,12,LDH,U/L,152.167
BIO-096,Baseline,0,IL-6,pg/mL,7.425
BIO-096,Week 2,2,IL-6,pg/mL,8.741
BIO-096,Week 4,4,IL-6,pg/mL,8.437
BIO-096,Week 8,8,IL-6,pg/mL,6.72
BIO-096,Week 12,12,IL-6,pg/mL,7.089
BIO-096,Baseline,0,CRP,mg/L,6.133
BIO-096,Week 2,2,CRP,mg/L,13.363
BIO-096,Week 4,4,CRP,mg/L,3.498
BIO-096,Week 8,8,CRP,mg/L,15.053
BIO-096,Week 12,12,CRP,mg/L,7.637
BIO-096,Baseline,0,TNF-alpha,pg/mL,12.665
BIO-096,Week 2,2,TNF-alpha,pg/mL,13.693
BIO-096,Week 4,4,TNF-alpha,pg/mL,13.92
BIO-096,Week 8,8,TNF-alpha,pg/mL,15.106
BIO-096,Week 12,12,TNF-alpha,pg/mL,14.03
BIO-096,Baseline,0,IL-10,pg/mL,5.936
BIO-096,Week 2,2,IL-10,pg/mL,7.149
BIO-096,Week 4,4,IL-10,pg/mL,7.213
BIO-096,Week 8,8,IL-10,pg/mL,6.898
BIO-096,Week 12,12,IL-10,pg/mL,7.043
BIO-096,Baseline,0,IFN-gamma,pg/mL,4.091
BIO-096,Week 2,2,IFN-gamma,pg/mL,4.968
BIO-096,Week 4,4,IFN-gamma,pg/mL,5.497
BIO-096,Week 8,8,IFN-gamma,pg/mL,5.57
BIO-096,Week 12,12,IFN-gamma,pg/mL,8.609
BIO-096,Baseline,0,IL-2,pg/mL,5.367
BIO-096,Week 2,2,IL-2,pg/mL,4.173
BIO-096,Week 4,4,IL-2,pg/mL,6.109
BIO-096,Week 8,8,IL-2,pg/mL,4.498
BIO-096,Week 12,12,IL-2,pg/mL,4.868
BIO-096,Baseline,0,IL-1beta,pg/mL,2.688
BIO-096,Week 2,2,IL-1beta,pg/mL,2.371
BIO-096,Week 4,4,IL-1beta,pg/mL,2.309
BIO-096,Week 8,8,IL-1beta,pg/mL,2.277
BIO-096,Week 12,12,IL-1beta,pg/mL,2.238
BIO-096,Baseline,0,IL-8,pg/mL,10.179
BIO-096,Week 2,2,IL-8,pg/mL,15.004
BIO-096,Week 4,4,IL-8,pg/mL,12.014
BIO-096,Week 8,8,IL-8,pg/mL,10.075
BIO-096,Week 12,12,IL-8,pg/mL,13.901
BIO-096,Baseline,0,VEGF,pg/mL,240.963
BIO-096,Week 2,2,VEGF,pg/mL,278.272
BIO-096,Week 4,4,VEGF,pg/mL,253.714
BIO-096,Week 8,8,VEGF,pg/mL,260.073
BIO-096,Week 12,12,VEGF,pg/mL,269.066
BIO-096,Baseline,0,Ferritin,ng/mL,130.168
BIO-096,Week 2,2,Ferritin,ng/mL,117.503
BIO-096,Week 4,4,Ferritin,ng/mL,80.355
BIO-096,Week 8,8,Ferritin,ng/mL,97.09
BIO-096,Week 12,12,Ferritin,ng/mL,189.889
BIO-096,Baseline,0,D-dimer,mg/L,0.854
BIO-096,Week 2,2,D-dimer,mg/L,0.514
BIO-096,Week 4,4,D-dimer,mg/L,0.264
BIO-096,Week 8,8,D-dimer,mg/L,0.922
BIO-096,Week 12,12,D-dimer,mg/L,0.65
BIO-096,Baseline,0,LDH,U/L,125.69
BIO-096,Week 2,2,LDH,U/L,153.511
BIO-096,Week 4,4,LDH,U/L,158.751
BIO-096,Week 8,8,LDH,U/L,161.545
BIO-096,Week 12,12,LDH,U/L,162.958
BIO-097,Baseline,0,IL-6,pg/mL,9.655
BIO-097,Week 2,2,IL-6,pg/mL,9.402
BIO-097,Week 4,4,IL-6,pg/mL,8.062
BIO-097,Week 8,8,IL-6,pg/mL,8.269
BIO-097,Week 12,12,IL-6,pg/mL,9.062
BIO-097,Baseline,0,CRP,mg/L,1.201
BIO-097,Week 2,2,CRP,mg/L,0.881
BIO-097,Week 4,4,CRP,mg/L,1.396
BIO-097,Week 8,8,CRP,mg/L,1.255
BIO-097,Week 12,12,CRP,mg/L,2.143
BIO-097,Baseline,0,TNF-alpha,pg/mL,11.79
BIO-097,Week 2,2,TNF-alpha,pg/mL,12.77
BIO-097,Week 4,4,TNF-alpha,pg/mL,11.695
BIO-097,Week 8,8,TNF-alpha,pg/mL,15.824
BIO-097,Week 12,12,TNF-alpha,pg/mL,13.597
BIO-097,Baseline,0,IL-10,pg/mL,4.058
BIO-097,Week 2,2,IL-10,pg/mL,5.538
BIO-097,Week 4,4,IL-10,pg/mL,4.895
BIO-097,Week 8,8,IL-10,pg/mL,6.754
BIO-097,Week 12,12,IL-10,pg/mL,6.162
BIO-097,Baseline,0,IFN-gamma,pg/mL,5.518
BIO-097,Week 2,2,IFN-gamma,pg/mL,5.414
BIO-097,Week 4,4,IFN-gamma,pg/mL,7.56
BIO-097,Week 8,8,IFN-gamma,pg/mL,6.298
BIO-097,Week 12,12,IFN-gamma,pg/mL,4.405
BIO-097,Baseline,0,IL-2,pg/mL,4.09
BIO-097,Week 2,2,IL-2,pg/mL,4.287
BIO-097,Week 4,4,IL-2,pg/mL,4.124
BIO-097,Week 8,8,IL-2,pg/mL,4.251
BIO-097,Week 12,12,IL-2,pg/mL,4.73
BIO-097,Baseline,0,IL-1beta,pg/mL,1.872
BIO-097,Week 2,2,IL-1beta,pg/mL,2.064
BIO-097,Week 4,4,IL-1beta,pg/mL,1.938
BIO-097,Week 8,8,IL-1beta,pg/mL,1.672
BIO-097,Week 12,12,IL-1beta,pg/mL,2.291
BIO-097,Baseline,0,IL-8,pg/mL,11.565
BIO-097,Week 2,2,IL-8,pg/mL,21.06
BIO-097,Week 4,4,IL-8,pg/mL,10.468
BIO-097,Week 8,8,IL-8,pg/mL,15.757
BIO-097,Week 12,12,IL-8,pg/mL,10.803
BIO-097,Baseline,0,VEGF,pg/mL,226.734
BIO-097,Week 2,2,VEGF,pg/mL,223.065
BIO-097,Week 4,4,VEGF,pg/mL,251.68
BIO-097,Week 8,8,VEGF,pg/mL,
BIO-097,Week 12,12,VEGF,pg/mL,232.146
BIO-097,Baseline,0,Ferritin,ng/mL,106.414
BIO-097,Week 2,2,Ferritin,ng/mL,93.988
BIO-097,Week 4,4,Ferritin,ng/mL,92.472
BIO-097,Week 8,8,Ferritin,ng/mL,87.783
BIO-097,Week 12,12,Ferritin,ng/mL,94.826
BIO-097,Baseline,0,D-dimer,mg/L,0.404
BIO-097,Week 2,2,D-dimer,mg/L,0.405
BIO-097,Week 4,4,D-dimer,mg/L,0.248
BIO-097,Week 8,8,D-dimer,mg/L,0.307
BIO-097,Week 12,12,D-dimer,mg/L,0.222
BIO-097,Baseline,0,LDH,U/L,155.579
BIO-097,Week 2,2,LDH,U/L,153.849
BIO-097,Week 4,4,LDH,U/L,152.93
BIO-097,Week 8,8,LDH,U/L,147.785
BIO-097,Week 12,12,LDH,U/L,169.181
BIO-098,Baseline,0,IL-6,pg/mL,9.21
BIO-098,Week 2,2,IL-6,pg/mL,8.61
BIO-098,Week 4,4,IL-6,pg/mL,8.411
BIO-098,Week 8,8,IL-6,pg/mL,8.732
BIO-098,Week 12,12,IL-6,pg/mL,7.895
BIO-098,Baseline,0,CRP,mg/L,1.328
BIO-098,Week 2,2,CRP,mg/L,1.844
BIO-098,Week 4,4,CRP,mg/L,2.4
BIO-098,Week 8,8,CRP,mg/L,2.081
BIO-098,Week 12,12,CRP,mg/L,1.635
BIO-098,Baseline,0,TNF-alpha,pg/mL,13.209
BIO-098,Week 2,2,TNF-alpha,pg/mL,13.525
BIO-098,Week 4,4,TNF-alpha,pg/mL,16.472
BIO-098,Week 8,8,TNF-alpha,pg/mL,14.97
BIO-098,Week 12,12,TNF-alpha,pg/mL,15.636
BIO-098,Baseline,0,IL-10,pg/mL,4.427
BIO-098,Week 2,2,IL-10,pg/mL,4.966
BIO-098,Week 4,4,IL-10,pg/mL,6.158
BIO-098,Week 8,8,IL-10,pg/mL,5.591
BIO-098,Week 12,12,IL-10,pg/mL,4.061
BIO-098,Baseline,0,IFN-gamma,pg/mL,4.472
BIO-098,Week 2,2,IFN-gamma,pg/mL,3.144
BIO-098,Week 4,4,IFN-gamma,pg/mL,3.249
BIO-098,Week 8,8,IFN-gamma,pg/mL,2.603
BIO-098,Week 12,12,IFN-gamma,pg/mL,3.297
BIO-098,Baseline,0,IL-2,pg/mL,5.44
BIO-098,Week 2,2,IL-2,pg/mL,4.022
BIO-098,Week 4,4,IL-2,pg/mL,4.696
BIO-098,Week 8,8,IL-2,pg/mL,5.309
BIO-098,Week 12,12,IL-2,pg/mL,5.522
BIO-098,Baseline,0,IL-1beta,pg/mL,2.469
BIO-098,Week 2,2,IL-1beta,pg/mL,2.666
BIO-098,Week 4,4,IL-1beta,pg/mL,2.168
BIO-098,Week 8,8,IL-1beta,pg/mL,3.232
BIO-098,Week 12,12,IL-1beta,pg/mL,3.133
BIO-098,Baseline,0,IL-8,pg/mL,11.892
BIO-098,Week 2,2,IL-8,pg/mL,16.838
BIO-098,Week 4,4,IL-8,pg/mL,14.286
BIO-098,Week 8,8,IL-8,pg/mL,10.542
BIO-098,Week 12,12,IL-8,pg/mL,14.68
BIO-098,Baseline,0,VEGF,pg/mL,217.178
BIO-098,Week 2,2,VEGF,pg/mL,175.894
BIO-098,Week 4,4,VEGF,pg/mL,173.062
BIO-098,Week 8,8,VEGF,pg/mL,
BIO-098,Week 12,12,VEGF,pg/mL,249.092
BIO-098,Baseline,0,Ferritin,ng/mL,172.005
BIO-098,Week 2,2,Ferritin,ng/mL,107.659
BIO-098,Week 4,4,Ferritin,ng/mL,114.083
BIO-098,Week 8,8,Ferritin,ng/mL,144.585
BIO-098,Week 12,12,Ferritin,ng/mL,179.621
BIO-098,Baseline,0,D-dimer,mg/L,0.391
BIO-098,Week 2,2,D-dimer,mg/L,0.39
BIO-098,Week 4,4,D-dimer,mg/L,0.387
BIO-098,Week 8,8,D-dimer,mg/L,0.707
BIO-098,Week 12,12,D-dimer,mg/L,0.553
BIO-098,Baseline,0,LDH,U/L,188.601
BIO-098,Week 2,2,LDH,U/L,195.546
BIO-098,Week 4,4,LDH,U/L,220.529
BIO-098,Week 8,8,LDH,U/L,166.895
BIO-098,Week 12,12,LDH,U/L,203.859
BIO-099,Baseline,0,IL-6,pg/mL,7.79
BIO-099,Week 2,2,IL-6,pg/mL,5.415
BIO-099,Week 8,8,IL-6,pg/mL,9.37
BIO-099,Week 12,12,IL-6,pg/mL,8.653
BIO-099,Baseline,0,CRP,mg/L,2.865
BIO-099,Week 2,2,CRP,mg/L,3.714
BIO-099,Week 8,8,CRP,mg/L,3.855
BIO-099,Week 12,12,CRP,mg/L,3.105
BIO-099,Baseline,0,TNF-alpha,pg/mL,10.445
BIO-099,Week 2,2,TNF-alpha,pg/mL,9.857
BIO-099,Week 8,8,TNF-alpha,pg/mL,9.884
BIO-099,Week 12,12,TNF-alpha,pg/mL,13.604
BIO-099,Baseline,0,IL-10,pg/mL,5.042
BIO-099,Week 2,2,IL-10,pg/mL,5.718
BIO-099,Week 8,8,IL-10,pg/mL,5.094
BIO-099,Week 12,12,IL-10,pg/mL,6.951
BIO-099,Baseline,0,IFN-gamma,pg/mL,4.417
BIO-099,Week 2,2,IFN-gamma,pg/mL,3.79
BIO-099,Week 8,8,IFN-gamma,pg/mL,4.858
BIO-099,Week 12,12,IFN-gamma,pg/mL,3.787
BIO-099,Baseline,0,IL-2,pg/mL,4.793
BIO-099,Week 2,2,IL-2,pg/mL,4.559
BIO-099,Week 8,8,IL-2,pg/mL,4.469
BIO-099,Week 12,12,IL-2,pg/mL,3.734
BIO-099,Baseline,0,IL-1beta,pg/mL,3.167
BIO-099,Week 2,2,IL-1beta,pg/mL,2.367
BIO-099,Week 8,8,IL-1beta,pg/mL,3.398
BIO-099,Week 12,12,IL-1beta,pg/mL,3.254
BIO-099,Baseline,0,IL-8,pg/mL,48.79
BIO-099,Week 2,2,IL-8,pg/mL,71.869
BIO-099,Week 8,8,IL-8,pg/mL,62.374
BIO-099,Week 12,12,IL-8,pg/mL,66.857
BIO-099,Baseline,0,VEGF,pg/mL,231.739
BIO-099,Week 2,2,VEGF,pg/mL,169.9
BIO-099,Week 8,8,VEGF,pg/mL,165.459
BIO-099,Week 12,12,VEGF,pg/mL,
BIO-099,Baseline,0,Ferritin,ng/mL,107.588
BIO-099,Week 2,2,Ferritin,ng/mL,156.973
BIO-099,Week 8,8,Ferritin,ng/mL,245.682
BIO-099,Week 12,12,Ferritin,ng/mL,172.037
BIO-099,Baseline,0,D-dimer,mg/L,0.387
BIO-099,Week 2,2,D-dimer,mg/L,
BIO-099,Week 8,8,D-dimer,mg/L,0.426
BIO-099,Week 12,12,D-dimer,mg/L,0.399
BIO-099,Baseline,0,LDH,U/L,189.687
BIO-099,Week 2,2,LDH,U/L,208.229
BIO-099,Week 8,8,LDH,U/L,217.642
BIO-099,Week 12,12,LDH,U/L,204.354
BIO-100,Baseline,0,IL-6,pg/mL,10.208
BIO-100,Week 2,2,IL-6,pg/mL,7.678
BIO-100,Week 4,4,IL-6,pg/mL,9.489
BIO-100,Week 8,8,IL-6,pg/mL,9.839
BIO-100,Week 12,12,IL-6,pg/mL,
BIO-100,Baseline,0,CRP,mg/L,3.613
BIO-100,Week 2,2,CRP,mg/L,3.879
BIO-100,Week 4,4,CRP,mg/L,2.281
BIO-100,Week 8,8,CRP,mg/L,6.194
BIO-100,Week 12,12,CRP,mg/L,1.689
BIO-100,Baseline,0,TNF-alpha,pg/mL,11.373
BIO-100,Week 2,2,TNF-alpha,pg/mL,7.232
BIO-100,Week 4,4,TNF-alpha,pg/mL,13.548
BIO-100,Week 8,8,TNF-alpha,pg/mL,8.151
BIO-100,Week 12,12,TNF-alpha,pg/mL,12.062
BIO-100,Baseline,0,IL-10,pg/mL,5.644
BIO-100,Week 2,2,IL-10,pg/mL,
BIO-100,Week 4,4,IL-10,pg/mL,8.98
BIO-100,Week 8,8,IL-10,pg/mL,6.22
BIO-100,Week 12,12,IL-10,pg/mL,8.514
BIO-100,Baseline,0,IFN-gamma,pg/mL,2.938
BIO-100,Week 2,2,IFN-gamma,pg/mL,3.754
BIO-100,Week 4,4,IFN-gamma,pg/mL,2.495
BIO-100,Week 8,8,IFN-gamma,pg/mL,2.59
BIO-100,Week 12,12,IFN-gamma,pg/mL,4.587
BIO-100,Baseline,0,IL-2,pg/mL,5.061
BIO-100,Week 2,2,IL-2,pg/mL,4.308
BIO-100,Week 4,4,IL-2,pg/mL,4.236
BIO-100,Week 8,8,IL-2,pg/mL,4.525
BIO-100,Week 12,12,IL-2,pg/mL,4.87
BIO-100,Baseline,0,IL-1beta,pg/mL,2.674
BIO-100,Week 2,2,IL-1beta,pg/mL,2.613
BIO-100,Week 4,4,IL-1beta,pg/mL,2.561
BIO-100,Week 8,8,IL-1beta,pg/mL,2.216
BIO-100,Week 12,12,IL-1beta,pg/mL,2.719
BIO-100,Baseline,0,IL-8,pg/mL,20.706
BIO-100,Week 2,2,IL-8,pg/mL,20.513
BIO-100,Week 4,4,IL-8,pg/mL,13.727
BIO-100,Week 8,8,IL-8,pg/mL,14.877
BIO-100,Week 12,12,IL-8,pg/mL,18.783
BIO-100,Baseline,0,VEGF,pg/mL,163.41
BIO-100,Week 2,2,VEGF,pg/mL,201.108
BIO-100,Week 4,4,VEGF,pg/mL,228.103
BIO-100,Week 8,8,VEGF,pg/mL,216.678
BIO-100,Week 12,12,VEGF,pg/mL,241.705
BIO-100,Baseline,0,Ferritin,ng/mL,191.208
BIO-100,Week 2,2,Ferritin,ng/mL,213.757
BIO-100,Week 4,4,Ferritin,ng/mL,193.797
BIO-100,Week 8,8,Ferritin,ng/mL,156.275
BIO-100,Week 12,12,Ferritin,ng/mL,98.152
BIO-100,Baseline,0,D-dimer,mg/L,0.172
BIO-100,Week 2,2,D-dimer,mg/L,0.177
BIO-100,Week 4,4,D-dimer,mg/L,0.242
BIO-100,Week 8,8,D-dimer,mg/L,0.2
BIO-100,Week 12,12,D-dimer,mg/L,0.224
BIO-100,Baseline,0,LDH,U/L,151.227
BIO-100,Week 2,2,LDH,U/L,188.469
BIO-100,Week 4,4,LDH,U/L,188.601
BIO-100,Week 8,8,LDH,U/L,172.188
BIO-100,Week 12,12,LDH,U/L,134.711
BIO-101,Baseline,0,IL-6,pg/mL,6.804
BIO-101,Week 2,2,IL-6,pg/mL,5.859
BIO-101,Week 4,4,IL-6,pg/mL,5.842
BIO-101,Week 8,8,IL-6,pg/mL,7.386
BIO-101,Week 12,12,IL-6,pg/mL,5.224
BIO-101,Baseline,0,CRP,mg/L,1.506
BIO-101,Week 2,2,CRP,mg/L,2.453
BIO-101,Week 4,4,CRP,mg/L,2.845
BIO-101,Week 8,8,CRP,mg/L,3.308
BIO-101,Week 12,12,CRP,mg/L,3.178
BIO-101,Baseline,0,TNF-alpha,pg/mL,9.562
BIO-101,Week 2,2,TNF-alpha,pg/mL,8.659
BIO-101,Week 4,4,TNF-alpha,pg/mL,13.422
BIO-101,Week 8,8,TNF-alpha,pg/mL,13.988
BIO-101,Week 12,12,TNF-alpha,pg/mL,13.149
BIO-101,Baseline,0,IL-10,pg/mL,5.675
BIO-101,Week 2,2,IL-10,pg/mL,6.372
BIO-101,Week 4,4,IL-10,pg/mL,7.764
BIO-101,Week 8,8,IL-10,pg/mL,8.175
BIO-101,Week 12,12,IL-10,pg/mL,7.607
BIO-101,Baseline,0,IFN-gamma,pg/mL,5.291
BIO-101,Week 2,2,IFN-gamma,pg/mL,4.985
BIO-101,Week 4,4,IFN-gamma,pg/mL,8.212
BIO-101,Week 8,8,IFN-gamma,pg/mL,6.343
BIO-101,Week 12,12,IFN-gamma,pg/mL,4.78
BIO-101,Baseline,0,IL-2,pg/mL,6.707
BIO-101,Week 2,2,IL-2,pg/mL,5.7
BIO-101,Week 4,4,IL-2,pg/mL,5.655
BIO-101,Week 8,8,IL-2,pg/mL,7.652
BIO-101,Week 12,12,IL-2,pg/mL,5.38
BIO-101,Baseline,0,IL-1beta,pg/mL,2.036
BIO-101,Week 2,2,IL-1beta,pg/mL,2.076
BIO-101,Week 4,4,IL-1beta,pg/mL,2.286
BIO-101,Week 8,8,IL-1beta,pg/mL,1.711
BIO-101,Week 12,12,IL-1beta,pg/mL,1.851
BIO-101,Baseline,0,IL-8,pg/mL,16.469
BIO-101,Week 2,2,IL-8,pg/mL,11.448
BIO-101,Week 4,4,IL-8,pg/mL,19.737
BIO-101,Week 8,8,IL-8,pg/mL,10.78
BIO-101,Week 12,12,IL-8,pg/mL,16.991
BIO-101,Baseline,0,VEGF,pg/mL,253.295
BIO-101,Week 2,2,VEGF,pg/mL,267.542
BIO-101,Week 4,4,VEGF,pg/mL,260.169
BIO-101,Week 8,8,VEGF,pg/mL,254.902
BIO-101,Week 12,12,VEGF,pg/mL,265.449
BIO-101,Baseline,0,Ferritin,ng/mL,33.984
BIO-101,Week 2,2,Ferritin,ng/mL,45.787
BIO-101,Week 4,4,Ferritin,ng/mL,71.103
BIO-101,Week 8,8,Ferritin,ng/mL,59.866
BIO-101,Week 12,12,Ferritin,ng/mL,27.827
BIO-101,Baseline,0,D-dimer,mg/L,0.454
BIO-101,Week 2,2,D-dimer,mg/L,0.484
BIO-101,Week 4,4,D-dimer,mg/L,0.283
BIO-101,Week 8,8,D-dimer,mg/L,0.444
BIO-101,Week 12,12,D-dimer,mg/L,0.269
BIO-101,Baseline,0,LDH,U/L,177.792
BIO-101,Week 2,2,LDH,U/L,172.835
BIO-101,Week 4,4,LDH,U/L,164.738
BIO-101,Week 8,8,LDH,U/L,169.141
BIO-101,Week 12,12,LDH,U/L,192.262
BIO-102,Baseline,0,IL-6,pg/mL,5.011
BIO-102,Week 2,2,IL-6,pg/mL,6.566
BIO-102,Week 4,4,IL-6,pg/mL,3.919
BIO-102,Week 8,8,IL-6,pg/mL,6.238
BIO-102,Week 12,12,IL-6,pg/mL,5.089
BIO-102,Baseline,0,CRP,mg/L,1.902
BIO-102,Week 2,2,CRP,mg/L,2.035
BIO-102,Week 4,4,CRP,mg/L,1.426
BIO-102,Week 8,8,CRP,mg/L,2.015
BIO-102,Week 12,12,CRP,mg/L,1.763
BIO-102,Baseline,0,TNF-alpha,pg/mL,12.902
BIO-102,Week 2,2,TNF-alpha,pg/mL,15.101
BIO-102,Week 4,4,TNF-alpha,pg/mL,12.104
BIO-102,Week 8,8,TNF-alpha,pg/mL,16.777
BIO-102,Week 12,12,TNF-alpha,pg/mL,14.147
BIO-102,Baseline,0,IL-10,pg/mL,6.797
BIO-102,Week 2,2,IL-10,pg/mL,9.426
BIO-102,Week 4,4,IL-10,pg/mL,5.837
BIO-102,Week 8,8,IL-10,pg/mL,
BIO-102,Week 12,12,IL-10,pg/mL,7.708
BIO-102,Baseline,0,IFN-gamma,pg/mL,5.576
BIO-102,Week 2,2,IFN-gamma,pg/mL,3.67
BIO-102,Week 4,4,IFN-gamma,pg/mL,3.423
BIO-102,Week 8,8,IFN-gamma,pg/mL,3.88
BIO-102,Week 12,12,IFN-gamma,pg/mL,3.387
BIO-102,Baseline,0,IL-2,pg/mL,5.006
BIO-102,Week 2,2,IL-2,pg/mL,4.107
BIO-102,Week 4,4,IL-2,pg/mL,5.179
BIO-102,Week 8,8,IL-2,pg/mL,3.411
BIO-102,Week 12,12,IL-2,pg/mL,4.548
BIO-102,Baseline,0,IL-1beta,pg/mL,2.784
BIO-102,Week 2,2,IL-1beta,pg/mL,3.166
BIO-102,Week 4,4,IL-1beta,pg/mL,3.027
BIO-102,Week 8,8,IL-1beta,pg/mL,2.399
BIO-102,Week 12,12,IL-1beta,pg/mL,3.281
BIO-102,Baseline,0,IL-8,pg/mL,6.112
BIO-102,Week 2,2,IL-8,pg/mL,7.733
BIO-102,Week 4,4,IL-8,pg/mL,5.211
BIO-102,Week 8,8,IL-8,pg/mL,4.279
BIO-102,Week 12,12,IL-8,pg/mL,5.721
BIO-102,Baseline,0,VEGF,pg/mL,357.664
BIO-102,Week 2,2,VEGF,pg/mL,321.902
BIO-102,Week 4,4,VEGF,pg/mL,305.428
BIO-102,Week 8,8,VEGF,pg/mL,302.489
BIO-102,Week 12,12,VEGF,pg/mL,286.518
BIO-102,Baseline,0,Ferritin,ng/mL,84.901
BIO-102,Week 2,2,Ferritin,ng/mL,85.311
BIO-102,Week 4,4,Ferritin,ng/mL,64.182
BIO-102,Week 8,8,Ferritin,ng/mL,69.874
BIO-102,Week 12,12,Ferritin,ng/mL,117.706
BIO-102,Baseline,0,D-dimer,mg/L,0.497
BIO-102,Week 2,2,D-dimer,mg/L,0.532
BIO-102,Week 4,4,D-dimer,mg/L,0.635
BIO-102,Week 8,8,D-dimer,mg/L,0.42
BIO-102,Week 12,12,D-dimer,mg/L,0.356
BIO-102,Baseline,0,LDH,U/L,190.063
BIO-102,Week 2,2,LDH,U/L,179.165
BIO-102,Week 4,4,LDH,U/L,157.757
BIO-102,Week 8,8,LDH,U/L,122.324
BIO-102,Week 12,12,LDH,U/L,161.894
BIO-103,Baseline,0,IL-6,pg/mL,8.067
BIO-103,Week 2,2,IL-6,pg/mL,7.438
BIO-103,Week 4,4,IL-6,pg/mL,4.862
BIO-103,Week 8,8,IL-6,pg/mL,6.26
BIO-103,Week 12,12,IL-6,pg/mL,4.733
BIO-103,Baseline,0,CRP,mg/L,3.42
BIO-103,Week 2,2,CRP,mg/L,1.513
BIO-103,Week 4,4,CRP,mg/L,3.099
BIO-103,Week 8,8,CRP,mg/L,1.896
BIO-103,Week 12,12,CRP,mg/L,1.576
BIO-103,Baseline,0,TNF-alpha,pg/mL,11.008
BIO-103,Week 2,2,TNF-alpha,pg/mL,10.824
BIO-103,Week 4,4,TNF-alpha,pg/mL,8.592
BIO-103,Week 8,8,TNF-alpha,pg/mL,12.517
BIO-103,Week 12,12,TNF-alpha,pg/mL,9.813
BIO-103,Baseline,0,IL-10,pg/mL,5.511
BIO-103,Week 2,2,IL-10,pg/mL,6.067
BIO-103,Week 4,4,IL-10,pg/mL,6.218
BIO-103,Week 8,8,IL-10,pg/mL,7.081
BIO-103,Week 12,12,IL-10,pg/mL,5.606
BIO-103,Baseline,0,IFN-gamma,pg/mL,2.069
BIO-103,Week 2,2,IFN-gamma,pg/mL,5.207
BIO-103,Week 4,4,IFN-gamma,pg/mL,2.969
BIO-103,Week 8,8,IFN-gamma,pg/mL,2.294
BIO-103,Week 12,12,IFN-gamma,pg/mL,5.725
BIO-103,Baseline,0,IL-2,pg/mL,3.849
BIO-103,Week 2,2,IL-2,pg/mL,4.828
BIO-103,Week 4,4,IL-2,pg/mL,4.434
BIO-103,Week 8,8,IL-2,pg/mL,4.714
BIO-103,Week 12,12,IL-2,pg/mL,5.269
BIO-103,Baseline,0,IL-1beta,pg/mL,2.659
BIO-103,Week 2,2,IL-1beta,pg/mL,2.425
BIO-103,Week 4,4,IL-1beta,pg/mL,2.035
BIO-103,Week 8,8,IL-1beta,pg/mL,1.755
BIO-103,Week 12,12,IL-1beta,pg/mL,2.688
BIO-103,Baseline,0,IL-8,pg/mL,62.818
BIO-103,Week 2,2,IL-8,pg/mL,
BIO-103,Week 4,4,IL-8,pg/mL,28.927
BIO-103,Week 8,8,IL-8,pg/mL,42.94
BIO-103,Week 12,12,IL-8,pg/mL,35.99
BIO-103,Baseline,0,VEGF,pg/mL,223.022
BIO-103,Week 2,2,VEGF,pg/mL,220.165
BIO-103,Week 4,4,VEGF,pg/mL,180.7
BIO-103,Week 8,8,VEGF,pg/mL,197.357
BIO-103,Week 12,12,VEGF,pg/mL,201.674
BIO-103,Baseline,0,Ferritin,ng/mL,132.277
BIO-103,Week 2,2,Ferritin,ng/mL,85.03
BIO-103,Week 4,4,Ferritin,ng/mL,67.44
BIO-103,Week 8,8,Ferritin,ng/mL,115.82
BIO-103,Week 12,12,Ferritin,ng/mL,86.69
BIO-103,Baseline,0,D-dimer,mg/L,0.357
BIO-103,Week 2,2,D-dimer,mg/L,0.365
BIO-103,Week 4,4,D-dimer,mg/L,0.569
BIO-103,Week 8,8,D-dimer,mg/L,0.393
BIO-103,Week 12,12,D-dimer,mg/L,0.432
BIO-103,Baseline,0,LDH,U/L,180.584
BIO-103,Week 2,2,LDH,U/L,185.688
BIO-103,Week 4,4,LDH,U/L,152.188
BIO-103,Week 8,8,LDH,U/L,179.737
BIO-103,Week 12,12,LDH,U/L,183.272
BIO-104,Baseline,0,IL-6,pg/mL,6.034
BIO-104,Week 2,2,IL-6,pg/mL,7.632
BIO-104,Week 4,4,IL-6,pg/mL,6.652
BIO-104,Week 8,8,IL-6,pg/mL,
BIO-104,Week 12,12,IL-6,pg/mL,7.243
BIO-104,Baseline,0,CRP,mg/L,2.196
BIO-104,Week 2,2,CRP,mg/L,2.744
BIO-104,Week 4,4,CRP,mg/L,2.31
BIO-104,Week 8,8,CRP,mg/L,3.515
BIO-104,Week 12,12,CRP,mg/L,2.271
BIO-104,Baseline,0,TNF-alpha,pg/mL,8.5
BIO-104,Week 2,2,TNF-alpha,pg/mL,9.47
BIO-104,Week 4,4,TNF-alpha,pg/mL,12.616
BIO-104,Week 8,8,TNF-alpha,pg/mL,11.753
BIO-104,Week 12,12,TNF-alpha,pg/mL,11.457
BIO-104,Baseline,0,IL-10,pg/mL,4.928
BIO-104,Week 2,2,IL-10,pg/mL,4.846
BIO-104,Week 4,4,IL-10,pg/mL,5.377
BIO-104,Week 8,8,IL-10,pg/mL,5.074
BIO-104,Week 12,12,IL-10,pg/mL,5.285
BIO-104,Baseline,0,IFN-gamma,pg/mL,3.425
BIO-104,Week 2,2,IFN-gamma,pg/mL,4.925
BIO-104,Week 4,4,IFN-gamma,pg/mL,13.265
BIO-104,Week 8,8,IFN-gamma,pg/mL,3.619
BIO-104,Week 12,12,IFN-gamma,pg/mL,6.081
BIO-104,Baseline,0,IL-2,pg/mL,4.668
BIO-104,Week 2,2,IL-2,pg/mL,4.961
BIO-104,Week 4,4,IL-2,pg/mL,4.733
BIO-104,Week 8,8,IL-2,pg/mL,4.763
BIO-104,Week 12,12,IL-2,pg/mL,3.413
BIO-104,Baseline,0,IL-1beta,pg/mL,2.969
BIO-104,Week 2,2,IL-1beta,pg/mL,2.8
BIO-104,Week 4,4,IL-1beta,pg/mL,3.365
BIO-104,Week 8,8,IL-1beta,pg/mL,3.153
BIO-104,Week 12,12,IL-1beta,pg/mL,3.181
BIO-104,Baseline,0,IL-8,pg/mL,13.995
BIO-104,Week 2,2,IL-8,pg/mL,21.673
BIO-104,Week 4,4,IL-8,pg/mL,19.566
BIO-104,Week 8,8,IL-8,pg/mL,22.261
BIO-104,Week 12,12,IL-8,pg/mL,21.67
BIO-104,Baseline,0,VEGF,pg/mL,288.598
BIO-104,Week 2,2,VEGF,pg/mL,303.84
BIO-104,Week 4,4,VEGF,pg/mL,304.4
BIO-104,Week 8,8,VEGF,pg/mL,302.051
BIO-104,Week 12,12,VEGF,pg/mL,293.735
BIO-104,Baseline,0,Ferritin,ng/mL,165.153
BIO-104,Week 2,2,Ferritin,ng/mL,107.147
BIO-104,Week 4,4,Ferritin,ng/mL,133.581
BIO-104,Week 8,8,Ferritin,ng/mL,96.466
BIO-104,Week 12,12,Ferritin,ng/mL,81.903
BIO-104,Baseline,0,D-dimer,mg/L,0.4
BIO-104,Week 2,2,D-dimer,mg/L,0.617
BIO-104,Week 4,4,D-dimer,mg/L,0.82
BIO-104,Week 8,8,D-dimer,mg/L,0.705
BIO-104,Week 12,12,D-dimer,mg/L,0.345
BIO-104,Baseline,0,LDH,U/L,170.657
BIO-104,Week 2,2,LDH,U/L,198.572
BIO-104,Week 4,4,LDH,U/L,192.152
BIO-104,Week 8,8,LDH,U/L,199.841
BIO-104,Week 12,12,LDH,U/L,213.838
BIO-105,Baseline,0,IL-6,pg/mL,8.069
BIO-105,Week 2,2,IL-6,pg/mL,8.329
BIO-105,Week 4,4,IL-6,pg/mL,9.075
BIO-105,Week 8,8,IL-6,pg/mL,7.967
BIO-105,Week 12,12,IL-6,pg/mL,8.721
BIO-105,Baseline,0,CRP,mg/L,2.826
BIO-105,Week 2,2,CRP,mg/L,1.095
BIO-105,Week 4,4,CRP,mg/L,1.636
BIO-105,Week 8,8,CRP,mg/L,1.364
BIO-105,Week 12,12,CRP,mg/L,1.623
BIO-105,Baseline,0,TNF-alpha,pg/mL,7.362
BIO-105,Week 2,2,TNF-alpha,pg/mL,8.193
BIO-105,Week 4,4,TNF-alpha,pg/mL,8.853
BIO-105,Week 8,8,TNF-alpha,pg/mL,14.313
BIO-105,Week 12,12,TNF-alpha,pg/mL,8.445
BIO-105,Baseline,0,IL-10,pg/mL,3.994
BIO-105,Week 2,2,IL-10,pg/mL,5.914
BIO-105,Week 4,4,IL-10,pg/mL,5.628
BIO-105,Week 8,8,IL-10,pg/mL,7.477
BIO-105,Week 12,12,IL-10,pg/mL,4.759
BIO-105,Baseline,0,IFN-gamma,pg/mL,2.172
BIO-105,Week 2,2,IFN-gamma,pg/mL,2.191
BIO-105,Week 4,4,IFN-gamma,pg/mL,2.723
BIO-105,Week 8,8,IFN-gamma,pg/mL,2.284
BIO-105,Week 12,12,IFN-gamma,pg/mL,2.957
BIO-105,Baseline,0,IL-2,pg/mL,5.046
BIO-105,Week 2,2,IL-2,pg/mL,6.567
BIO-105,Week 4,4,IL-2,pg/mL,4.388
BIO-105,Week 8,8,IL-2,pg/mL,3.894
BIO-105,Week 12,12,IL-2,pg/mL,4.939
BIO-105,Baseline,0,IL-1beta,pg/mL,2.259
BIO-105,Week 2,2,IL-1beta,pg/mL,1.514
BIO-105,Week 4,4,IL-1beta,pg/mL,2.156
BIO-105,Week 8,8,IL-1beta,pg/mL,2.303
BIO-105,Week 12,12,IL-1beta,pg/mL,1.689
BIO-105,Baseline,0,IL-8,pg/mL,18.064
BIO-105,Week 2,2,IL-8,pg/mL,31.506
BIO-105,Week 4,4,IL-8,pg/mL,11.659
BIO-105,Week 8,8,IL-8,pg/mL,24.069
BIO-105,Week 12,12,IL-8,pg/mL,14.094
BIO-105,Baseline,0,VEGF,pg/mL,201.855
BIO-105,Week 2,2,VEGF,pg/mL,245.633
BIO-105,Week 4,4,VEGF,pg/mL,175.753
BIO-105,Week 8,8,VEGF,pg/mL,184.297
BIO-105,Week 12,12,VEGF,pg/mL,175.044
BIO-105,Baseline,0,Ferritin,ng/mL,511.158
BIO-105,Week 2,2,Ferritin,ng/mL,212.896
BIO-105,Week 4,4,Ferritin,ng/mL,213.528
BIO-105,Week 8,8,Ferritin,ng/mL,284.048
BIO-105,Week 12,12,Ferritin,ng/mL,235.563
BIO-105,Baseline,0,D-dimer,mg/L,0.169
BIO-105,Week 2,2,D-dimer,mg/L,0.216
BIO-105,Week 4,4,D-dimer,mg/L,0.319
BIO-105,Week 8,8,D-dimer,mg/L,0.49
BIO-105,Week 12,12,D-dimer,mg/L,0.292
BIO-105,Baseline,0,LDH,U/L,170.096
BIO-105,Week 2,2,LDH,U/L,183.242
BIO-105,Week 4,4,LDH,U/L,194.839
BIO-105,Week 8,8,LDH,U/L,188.785
BIO-105,Week 12,12,LDH,U/L,171.485
BIO-106,Baseline,0,IL-6,pg/mL,8.93
BIO-106,Week 2,2,IL-6,pg/mL,8.33
BIO-106,Week 4,4,IL-6,pg/mL,9.89
BIO-106,Week 8,8,IL-6,pg/mL,8.795
BIO-106,Week 12,12,IL-6,pg/mL,9.514
BIO-106,Baseline,0,CRP,mg/L,2.331
BIO-106,Week 2,2,CRP,mg/L,
BIO-106,Week 4,4,CRP,mg/L,4.369
BIO-106,Week 8,8,CRP,mg/L,2.295
BIO-106,Week 12,12,CRP,mg/L,1.669
BIO-106,Baseline,0,TNF-alpha,pg/mL,8.368
BIO-106,Week 2,2,TNF-alpha,pg/mL,10.665
BIO-106,Week 4,4,TNF-alpha,pg/mL,13.016
BIO-106,Week 8,8,TNF-alpha,pg/mL,11.82
BIO-106,Week 12,12,TNF-alpha,pg/mL,10.133
BIO-106,Baseline,0,IL-10,pg/mL,7.049
BIO-106,Week 2,2,IL-10,pg/mL,7.748
BIO-106,Week 4,4,IL-10,pg/mL,7.246
BIO-106,Week 8,8,IL-10,pg/mL,7.947
BIO-106,Week 12,12,IL-10,pg/mL,7.674
BIO-106,Baseline,0,IFN-gamma,pg/mL,3.91
BIO-106,Week 2,2,IFN-gamma,pg/mL,2.964
BIO-106,Week 4,4,IFN-gamma,pg/mL,2.381
BIO-106,Week 8,8,IFN-gamma,pg/mL,2.5
BIO-106,Week 12,12,IFN-gamma,pg/mL,3.908
BIO-106,Baseline,0,IL-2,pg/mL,4.585
BIO-106,Week 2,2,IL-2,pg/mL,5.242
BIO-106,Week 4,4,IL-2,pg/mL,5.345
BIO-106,Week 8,8,IL-2,pg/mL,5.062
BIO-106,Week 12,12,IL-2,pg/mL,3.896
BIO-106,Baseline,0,IL-1beta,pg/mL,1.711
BIO-106,Week 2,2,IL-1beta,pg/mL,1.939
BIO-106,Week 4,4,IL-1beta,pg/mL,1.966
BIO-106,Week 8,8,IL-1beta,pg/mL,1.418
BIO-106,Week 12,12,IL-1beta,pg/mL,1.869
BIO-106,Baseline,0,IL-8,pg/mL,11.509
BIO-106,Week 2,2,IL-8,pg/mL,7.366
BIO-106,Week 4,4,IL-8,pg/mL,4.142
BIO-106,Week 8,8,IL-8,pg/mL,7.273
BIO-106,Week 12,12,IL-8,pg/mL,8.73
BIO-106,Baseline,0,VEGF,pg/mL,285.47
BIO-106,Week 2,2,VEGF,pg/mL,323.934
BIO-106,Week 4,4,VEGF,pg/mL,269.276
BIO-106,Week 8,8,VEGF,pg/mL,309.758
BIO-106,Week 12,12,VEGF,pg/mL,328.878
BIO-106,Baseline,0,Ferritin,ng/mL,205.755
BIO-106,Week 2,2,Ferritin,ng/mL,103.797
BIO-106,Week 4,4,Ferritin,ng/mL,189.065
BIO-106,Week 8,8,Ferritin,ng/mL,114.486
BIO-106,Week 12,12,Ferritin,ng/mL,211.578
BIO-106,Baseline,0,D-dimer,mg/L,0.507
BIO-106,Week 2,2,D-dimer,mg/L,0.642
BIO-106,Week 4,4,D-dimer,mg/L,0.376
BIO-106,Week 8,8,D-dimer,mg/L,0.368
BIO-106,Week 12,12,D-dimer,mg/L,0.314
BIO-106,Baseline,0,LDH,U/L,150.899
BIO-106,Week 2,2,LDH,U/L,173.65
BIO-106,Week 4,4,LDH,U/L,136.767
BIO-106,Week 8,8,LDH,U/L,144.235
BIO-106,Week 12,12,LDH,U/L,171.853
BIO-107,Baseline,0,IL-6,pg/mL,5.591
BIO-107,Week 2,2,IL-6,pg/mL,7.168
BIO-107,Week 4,4,IL-6,pg/mL,6.91
BIO-107,Week 8,8,IL-6,pg/mL,6.822
BIO-107,Week 12,12,IL-6,pg/mL,6.783
BIO-107,Baseline,0,CRP,mg/L,1.119
BIO-107,Week 2,2,CRP,mg/L,1.032
BIO-107,Week 4,4,CRP,mg/L,1.698
BIO-107,Week 8,8,CRP,mg/L,1.083
BIO-107,Week 12,12,CRP,mg/L,0.689
BIO-107,Baseline,0,TNF-alpha,pg/mL,9.07
BIO-107,Week 2,2,TNF-alpha,pg/mL,13.821
BIO-107,Week 4,4,TNF-alpha,pg/mL,13.224
BIO-107,Week 8,8,TNF-alpha,pg/mL,12.261
BIO-107,Week 12,12,TNF-alpha,pg/mL,13.211
BIO-107,Baseline,0,IL-10,pg/mL,5.812
BIO-107,Week 2,2,IL-10,pg/mL,7.567
BIO-107,Week 4,4,IL-10,pg/mL,6.457
BIO-107,Week 8,8,IL-10,pg/mL,6.2
BIO-107,Week 12,12,IL-10,pg/mL,8.047
BIO-107,Baseline,0,IFN-gamma,pg/mL,5.429
BIO-107,Week 2,2,IFN-gamma,pg/mL,15.567
BIO-107,Week 4,4,IFN-gamma,pg/mL,9.4
BIO-107,Week 8,8,IFN-gamma,pg/mL,8.642
BIO-107,Week 12,12,IFN-gamma,pg/mL,5.454
BIO-107,Baseline,0,IL-2,pg/mL,5.281
BIO-107,Week 2,2,IL-2,pg/mL,5.168
BIO-107,Week 4,4,IL-2,pg/mL,6.243
BIO-107,Week 8,8,IL-2,pg/mL,5.663
BIO-107,Week 12,12,IL-2,pg/mL,6.345
BIO-107,Baseline,0,IL-1beta,pg/mL,2.273
BIO-107,Week 2,2,IL-1beta,pg/mL,2.221
BIO-107,Week 4,4,IL-1beta,pg/mL,2.568
BIO-107,Week 8,8,IL-1beta,pg/mL,2.491
BIO-107,Week 12,12,IL-1beta,pg/mL,2.793
BIO-107,Baseline,0,IL-8,pg/mL,24.39
BIO-107,Week 2,2,IL-8,pg/mL,14.8
BIO-107,Week 4,4,IL-8,pg/mL,9.379
BIO-107,Week 8,8,IL-8,pg/mL,22.795
BIO-107,Week 12,12,IL-8,pg/mL,15.697
BIO-107,Baseline,0,VEGF,pg/mL,309.802
BIO-107,Week 2,2,VEGF,pg/mL,271.51
BIO-107,Week 4,4,VEGF,pg/mL,255.876
BIO-107,Week 8,8,VEGF,pg/mL,194.649
BIO-107,Week 12,12,VEGF,pg/mL,238.044
BIO-107,Baseline,0,Ferritin,ng/mL,297.541
BIO-107,Week 2,2,Ferritin,ng/mL,220.789
BIO-107,Week 4,4,Ferritin,ng/mL,333.255
BIO-107,Week 8,8,Ferritin,ng/mL,241.908
BIO-107,Week 12,12,Ferritin,ng/mL,182.34
BIO-107,Baseline,0,D-dimer,mg/L,0.132
BIO-107,Week 2,2,D-dimer,mg/L,0.177
BIO-107,Week 4,4,D-dimer,mg/L,0.167
BIO-107,Week 8,8,D-dimer,mg/L,0.219
BIO-107,Week 12,12,D-dimer,mg/L,0.254
BIO-107,Baseline,0,LDH,U/L,166.817
BIO-107,Week 2,2,LDH,U/L,166
BIO-107,Week 4,4,LDH,U/L,161.991
BIO-107,Week 8,8,LDH,U/L,186.002
BIO-107,Week 12,12,LDH,U/L,191.367
BIO-108,Baseline,0,IL-6,pg/mL,9.773
BIO-108,Week 2,2,IL-6,pg/mL,7.873
BIO-108,Week 4,4,IL-6,pg/mL,
BIO-108,Week 8,8,IL-6,pg/mL,8.498
BIO-108,Week 12,12,IL-6,pg/mL,8.026
BIO-108,Baseline,0,CRP,mg/L,3.407
BIO-108,Week 2,2,CRP,mg/L,1.635
BIO-108,Week 4,4,CRP,mg/L,2.782
BIO-108,Week 8,8,CRP,mg/L,2.923
BIO-108,Week 12,12,CRP,mg/L,2.15
BIO-108,Baseline,0,TNF-alpha,pg/mL,15.8
BIO-108,Week 2,2,TNF-alpha,pg/mL,13.437
BIO-108,Week 4,4,TNF-alpha,pg/mL,12.294
BIO-108,Week 8,8,TNF-alpha,pg/mL,13.791
BIO-108,Week 12,12,TNF-alpha,pg/mL,12.017
BIO-108,Baseline,0,IL-10,pg/mL,6.714
BIO-108,Week 2,2,IL-10,pg/mL,4.706
BIO-108,Week 4,4,IL-10,pg/mL,5.986
BIO-108,Week 8,8,IL-10,pg/mL,5.24
BIO-108,Week 12,12,IL-10,pg/mL,5.273
BIO-108,Baseline,0,IFN-gamma,pg/mL,2.727
BIO-108,Week 2,2,IFN-gamma,pg/mL,1.924
BIO-108,Week 4,4,IFN-gamma,pg/mL,2.594
BIO-108,Week 8,8,IFN-gamma,pg/mL,2.982
BIO-108,Week 12,12,IFN-gamma,pg/mL,3.562
BIO-108,Baseline,0,IL-2,pg/mL,4.173
BIO-108,Week 2,2,IL-2,pg/mL,5.232
BIO-108,Week 4,4,IL-2,pg/mL,4.374
BIO-108,Week 8,8,IL-2,pg/mL,5.825
BIO-108,Week 12,12,IL-2,pg/mL,4.646
BIO-108,Baseline,0,IL-1beta,pg/mL,2.675
BIO-108,Week 2,2,IL-1beta,pg/mL,2.271
BIO-108,Week 4,4,IL-1beta,pg/mL,2.271
BIO-108,Week 8,8,IL-1beta,pg/mL,2.845
BIO-108,Week 12,12,IL-1beta,pg/mL,2.908
BIO-108,Baseline,0,IL-8,pg/mL,12.326
BIO-108,Week 2,2,IL-8,pg/mL,9.48
BIO-108,Week 4,4,IL-8,pg/mL,10.102
BIO-108,Week 8,8,IL-8,pg/mL,6.611
BIO-108,Week 12,12,IL-8,pg/mL,13.804
BIO-108,Baseline,0,VEGF,pg/mL,225.495
BIO-108,Week 2,2,VEGF,pg/mL,196.655
BIO-108,Week 4,4,VEGF,pg/mL,316.442
BIO-108,Week 8,8,VEGF,pg/mL,267.151
BIO-108,Week 12,12,VEGF,pg/mL,
BIO-108,Baseline,0,Ferritin,ng/mL,87.65
BIO-108,Week 2,2,Ferritin,ng/mL,87.219
BIO-108,Week 4,4,Ferritin,ng/mL,73.28
BIO-108,Week 8,8,Ferritin,ng/mL,85.565
BIO-108,Week 12,12,Ferritin,ng/mL,83.583
BIO-108,Baseline,0,D-dimer,mg/L,0.374
BIO-108,Week 2,2,D-dimer,mg/L,0.268
BIO-108,Week 4,4,D-dimer,mg/L,0.239
BIO-108,Week 8,8,D-dimer,mg/L,0.216
BIO-108,Week 12,12,D-dimer,mg/L,0.367
BIO-108,Baseline,0,LDH,U/L,197.558
BIO-108,Week 2,2,LDH,U/L,180.918
BIO-108,Week 4,4,LDH,U/L,187.319
BIO-108,Week 8,8,LDH,U/L,176.394
BIO-108,Week 12,12,LDH,U/L,204.165
BIO-109,Baseline,0,IL-6,pg/mL,8.437
BIO-109,Week 2,2,IL-6,pg/mL,8.299
BIO-109,Week 4,4,IL-6,pg/mL,8.852
BIO-109,Week 8,8,IL-6,pg/mL,9.633
BIO-109,Week 12,12,IL-6,pg/mL,6.56
BIO-109,Baseline,0,CRP,mg/L,1.766
BIO-109,Week 2,2,CRP,mg/L,3.285
BIO-109,Week 4,4,CRP,mg/L,2.969
BIO-109,Week 8,8,CRP,mg/L,3.89
BIO-109,Week 12,12,CRP,mg/L,4.392
BIO-109,Baseline,0,TNF-alpha,pg/mL,14.315
BIO-109,Week 2,2,TNF-alpha,pg/mL,10.749
BIO-109,Week 4,4,TNF-alpha,pg/mL,8.234
BIO-109,Week 8,8,TNF-alpha,pg/mL,10.826
BIO-109,Week 12,12,TNF-alpha,pg/mL,10.317
BIO-109,Baseline,0,IL-10,pg/mL,6.975
BIO-109,Week 2,2,IL-10,pg/mL,6.043
BIO-109,Week 4,4,IL-10,pg/mL,3.18
BIO-109,Week 8,8,IL-10,pg/mL,7.397
BIO-109,Week 12,12,IL-10,pg/mL,7.552
BIO-109,Baseline,0,IFN-gamma,pg/mL,2.468
BIO-109,Week 2,2,IFN-gamma,pg/mL,2.39
BIO-109,Week 4,4,IFN-gamma,pg/mL,3.817
BIO-109,Week 8,8,IFN-gamma,pg/mL,2.905
BIO-109,Week 12,12,IFN-gamma,pg/mL,1.963
BIO-109,Baseline,0,IL-2,pg/mL,6.483
BIO-109,Week 2,2,IL-2,pg/mL,6.444
BIO-109,Week 4,4,IL-2,pg/mL,5.537
BIO-109,Week 8,8,IL-2,pg/mL,7.12
BIO-109,Week 12,12,IL-2,pg/mL,4.686
BIO-109,Baseline,0,IL-1beta,pg/mL,2.562
BIO-109,Week 2,2,IL-1beta,pg/mL,2.946
BIO-109,Week 4,4,IL-1beta,pg/mL,2.047
BIO-109,Week 8,8,IL-1beta,pg/mL,2.423
BIO-109,Week 12,12,IL-1beta,pg/mL,2.003
BIO-109,Baseline,0,IL-8,pg/mL,10.223
BIO-109,Week 2,2,IL-8,pg/mL,9.145
BIO-109,Week 4,4,IL-8,pg/mL,8.447
BIO-109,Week 8,8,IL-8,pg/mL,10.58
BIO-109,Week 12,12,IL-8,pg/mL,6.521
BIO-109,Baseline,0,VEGF,pg/mL,210.9
BIO-109,Week 2,2,VEGF,pg/mL,170.601
BIO-109,Week 4,4,VEGF,pg/mL,129.662
BIO-109,Week 8,8,VEGF,pg/mL,182.432
BIO-109,Week 12,12,VEGF,pg/mL,174.052
BIO-109,Baseline,0,Ferritin,ng/mL,106.455
BIO-109,Week 2,2,Ferritin,ng/mL,63.025
BIO-109,Week 4,4,Ferritin,ng/mL,136.378
BIO-109,Week 8,8,Ferritin,ng/mL,232.738
BIO-109,Week 12,12,Ferritin,ng/mL,99.251
BIO-109,Baseline,0,D-dimer,mg/L,0.456
BIO-109,Week 2,2,D-dimer,mg/L,0.39
BIO-109,Week 4,4,D-dimer,mg/L,0.305
BIO-109,Week 8,8,D-dimer,mg/L,0.378
BIO-109,Week 12,12,D-dimer,mg/L,0.361
BIO-109,Baseline,0,LDH,U/L,221.512
BIO-109,Week 2,2,LDH,U/L,204.856
BIO-109,Week 4,4,LDH,U/L,241.732
BIO-109,Week 8,8,LDH,U/L,207.441
BIO-109,Week 12,12,LDH,U/L,215.035
BIO-110,Baseline,0,IL-6,pg/mL,7.637
BIO-110,Week 2,2,IL-6,pg/mL,7.609
BIO-110,Week 4,4,IL-6,pg/mL,8.256
BIO-110,Week 8,8,IL-6,pg/mL,9.116
BIO-110,Week 12,12,IL-6,pg/mL,7.146
BIO-110,Baseline,0,CRP,mg/L,3.269
BIO-110,Week 2,2,CRP,mg/L,3.238
BIO-110,Week 4,4,CRP,mg/L,2.37
BIO-110,Week 8,8,CRP,mg/L,2.931
BIO-110,Week 12,12,CRP,mg/L,6.213
BIO-110,Baseline,0,TNF-alpha,pg/mL,15.098
BIO-110,Week 2,2,TNF-alpha,pg/mL,18.02
BIO-110,Week 4,4,TNF-alpha,pg/mL,13.595
BIO-110,Week 8,8,TNF-alpha,pg/mL,14.1
BIO-110,Week 12,12,TNF-alpha,pg/mL,14.331
BIO-110,Baseline,0,IL-10,pg/mL,6.978
BIO-110,Week 2,2,IL-10,pg/mL,6.423
BIO-110,Week 4,4,IL-10,pg/mL,6.669
BIO-110,Week 8,8,IL-10,pg/mL,6.915
BIO-110,Week 12,12,IL-10,pg/mL,6.053
BIO-110,Baseline,0,IFN-gamma,pg/mL,5.685
BIO-110,Week 2,2,IFN-gamma,pg/mL,3.973
BIO-110,Week 4,4,IFN-gamma,pg/mL,2.965
BIO-110,Week 8,8,IFN-gamma,pg/mL,4.714
BIO-110,Week 12,12,IFN-gamma,pg/mL,5.892
BIO-110,Baseline,0,IL-2,pg/mL,3.917
BIO-110,Week 2,2,IL-2,pg/mL,5.543
BIO-110,Week 4,4,IL-2,pg/mL,5.279
BIO-110,Week 8,8,IL-2,pg/mL,4.895
BIO-110,Week 12,12,IL-2,pg/mL,5.353
BIO-110,Baseline,0,IL-1beta,pg/mL,2.438
BIO-110,Week 2,2,IL-1beta,pg/mL,2.098
BIO-110,Week 4,4,IL-1beta,pg/mL,2.103
BIO-110,Week 8,8,IL-1beta,pg/mL,2.289
BIO-110,Week 12,12,IL-1beta,pg/mL,2.669
BIO-110,Baseline,0,IL-8,pg/mL,24.374
BIO-110,Week 2,2,IL-8,pg/mL,26.624
BIO-110,Week 4,4,IL-8,pg/mL,17.518
BIO-110,Week 8,8,IL-8,pg/mL,27.42
BIO-110,Week 12,12,IL-8,pg/mL,15.138
BIO-110,Baseline,0,VEGF,pg/mL,263.191
BIO-110,Week 2,2,VEGF,pg/mL,263.791
BIO-110,Week 4,4,VEGF,pg/mL,326.389
BIO-110,Week 8,8,VEGF,pg/mL,221.764
BIO-110,Week 12,12,VEGF,pg/mL,306.439
BIO-110,Baseline,0,Ferritin,ng/mL,115.252
BIO-110,Week 2,2,Ferritin,ng/mL,111.867
BIO-110,Week 4,4,Ferritin,ng/mL,223.783
BIO-110,Week 8,8,Ferritin,ng/mL,95.253
BIO-110,Week 12,12,Ferritin,ng/mL,246.958
BIO-110,Baseline,0,D-dimer,mg/L,0.301
BIO-110,Week 2,2,D-dimer,mg/L,0.311
BIO-110,Week 4,4,D-dimer,mg/L,0.237
BIO-110,Week 8,8,D-dimer,mg/L,0.309
BIO-110,Week 12,12,D-dimer,mg/L,0.391
BIO-110,Baseline,0,LDH,U/L,150.851
BIO-110,Week 2,2,LDH,U/L,139.911
BIO-110,Week 4,4,LDH,U/L,169.482
BIO-110,Week 8,8,LDH,U/L,167.367
BIO-110,Week 12,12,LDH,U/L,156.547
BIO-111,Baseline,0,IL-6,pg/mL,5.791
BIO-111,Week 4,4,IL-6,pg/mL,6.841
BIO-111,Week 8,8,IL-6,pg/mL,5.694
BIO-111,Week 12,12,IL-6,pg/mL,7.152
BIO-111,Baseline,0,CRP,mg/L,6.131
BIO-111,Week 4,4,CRP,mg/L,2.357
BIO-111,Week 8,8,CRP,mg/L,1.747
BIO-111,Week 12,12,CRP,mg/L,3.706
BIO-111,Baseline,0,TNF-alpha,pg/mL,7.217
BIO-111,Week 4,4,TNF-alpha,pg/mL,8.057
BIO-111,Week 8,8,TNF-alpha,pg/mL,8.764
BIO-111,Week 12,12,TNF-alpha,pg/mL,9.067
BIO-111,Baseline,0,IL-10,pg/mL,3.127
BIO-111,Week 4,4,IL-10,pg/mL,3.82
BIO-111,Week 8,8,IL-10,pg/mL,3.758
BIO-111,Week 12,12,IL-10,pg/mL,4.637
BIO-111,Baseline,0,IFN-gamma,pg/mL,6.193
BIO-111,Week 4,4,IFN-gamma,pg/mL,4.552
BIO-111,Week 8,8,IFN-gamma,pg/mL,8.327
BIO-111,Week 12,12,IFN-gamma,pg/mL,6.111
BIO-111,Baseline,0,IL-2,pg/mL,4.938
BIO-111,Week 4,4,IL-2,pg/mL,4.988
BIO-111,Week 8,8,IL-2,pg/mL,4.893
BIO-111,Week 12,12,IL-2,pg/mL,4.48
BIO-111,Baseline,0,IL-1beta,pg/mL,2.1
BIO-111,Week 4,4,IL-1beta,pg/mL,1.853
BIO-111,Week 8,8,IL-1beta,pg/mL,2.362
BIO-111,Week 12,12,IL-1beta,pg/mL,2.47
BIO-111,Baseline,0,IL-8,pg/mL,16.397
BIO-111,Week 4,4,IL-8,pg/mL,18.575
BIO-111,Week 8,8,IL-8,pg/mL,15.422
BIO-111,Week 12,12,IL-8,pg/mL,
BIO-111,Baseline,0,VEGF,pg/mL,326.897
BIO-111,Week 4,4,VEGF,pg/mL,259.268
BIO-111,Week 8,8,VEGF,pg/mL,284.597
BIO-111,Week 12,12,VEGF,pg/mL,259.378
BIO-111,Baseline,0,Ferritin,ng/mL,52.909
BIO-111,Week 4,4,Ferritin,ng/mL,66.944
BIO-111,Week 8,8,Ferritin,ng/mL,51.342
BIO-111,Week 12,12,Ferritin,ng/mL,95.767
BIO-111,Baseline,0,D-dimer,mg/L,0.288
BIO-111,Week 4,4,D-dimer,mg/L,0.364
BIO-111,Week 8,8,D-dimer,mg/L,0.541
BIO-111,Week 12,12,D-dimer,mg/L,0.557
BIO-111,Baseline,0,LDH,U/L,173.984
BIO-111,Week 4,4,LDH,U/L,154.135
BIO-111,Week 8,8,LDH,U/L,166.481
BIO-111,Week 12,12,LDH,U/L,192.24
BIO-112,Baseline,0,IL-6,pg/mL,10.472
BIO-112,Week 2,2,IL-6,pg/mL,11.539
BIO-112,Week 4,4,IL-6,pg/mL,10.046
BIO-112,Week 8,8,IL-6,pg/mL,8.769
BIO-112,Week 12,12,IL-6,pg/mL,7.244
BIO-112,Baseline,0,CRP,mg/L,3.129
BIO-112,Week 2,2,CRP,mg/L,1.554
BIO-112,Week 4,4,CRP,mg/L,1.745
BIO-112,Week 8,8,CRP,mg/L,3.222
BIO-112,Week 12,12,CRP,mg/L,4.149
BIO-112,Baseline,0,TNF-alpha,pg/mL,13.143
BIO-112,Week 2,2,TNF-alpha,pg/mL,16.507
BIO-112,Week 4,4,TNF-alpha,pg/mL,14.363
BIO-112,Week 8,8,TNF-alpha,pg/mL,11.604
BIO-112,Week 12,12,TNF-alpha,pg/mL,13.542
BIO-112,Baseline,0,IL-10,pg/mL,6.162
BIO-112,Week 2,2,IL-10,pg/mL,5.459
BIO-112,Week 4,4,IL-10,pg/mL,6.794
BIO-112,Week 8,8,IL-10,pg/mL,5.073
BIO-112,Week 12,12,IL-10,pg/mL,6.622
BIO-112,Baseline,0,IFN-gamma,pg/mL,2.378
BIO-112,Week 2,2,IFN-gamma,pg/mL,3.914
BIO-112,Week 4,4,IFN-gamma,pg/mL,3.145
BIO-112,Week 8,8,IFN-gamma,pg/mL,3.412
BIO-112,Week 12,12,IFN-gamma,pg/mL,3.009
BIO-112,Baseline,0,IL-2,pg/mL,6.066
BIO-112,Week 2,2,IL-2,pg/mL,6.963
BIO-112,Week 4,4,IL-2,pg/mL,6.619
BIO-112,Week 8,8,IL-2,pg/mL,7.196
BIO-112,Week 12,12,IL-2,pg/mL,6.468
BIO-112,Baseline,0,IL-1beta,pg/mL,2.46
BIO-112,Week 2,2,IL-1beta,pg/mL,1.931
BIO-112,Week 4,4,IL-1beta,pg/mL,2.406
BIO-112,Week 8,8,IL-1beta,pg/mL,2.885
BIO-112,Week 12,12,IL-1beta,pg/mL,2.028
BIO-112,Baseline,0,IL-8,pg/mL,12.324
BIO-112,Week 2,2,IL-8,pg/mL,11.879
BIO-112,Week 4,4,IL-8,pg/mL,8.861
BIO-112,Week 8,8,IL-8,pg/mL,12.364
BIO-112,Week 12,12,IL-8,pg/mL,7.17
BIO-112,Baseline,0,VEGF,pg/mL,257.446
BIO-112,Week 2,2,VEGF,pg/mL,224.589
BIO-112,Week 4,4,VEGF,pg/mL,258.214
BIO-112,Week 8,8,VEGF,pg/mL,272.995
BIO-112,Week 12,12,VEGF,pg/mL,304.036
BIO-112,Baseline,0,Ferritin,ng/mL,114.22
BIO-112,Week 2,2,Ferritin,ng/mL,95.684
BIO-112,Week 4,4,Ferritin,ng/mL,54.134
BIO-112,Week 8,8,Ferritin,ng/mL,76.183
BIO-112,Week 12,12,Ferritin,ng/mL,68.298
BIO-112,Baseline,0,D-dimer,mg/L,0.256
BIO-112,Week 2,2,D-dimer,mg/L,0.254
BIO-112,Week 4,4,D-dimer,mg/L,0.368
BIO-112,Week 8,8,D-dimer,mg/L,0.674
BIO-112,Week 12,12,D-dimer,mg/L,0.212
BIO-112,Baseline,0,LDH,U/L,171.377
BIO-112,Week 2,2,LDH,U/L,185.144
BIO-112,Week 4,4,LDH,U/L,192.312
BIO-112,Week 8,8,LDH,U/L,189.697
BIO-112,Week 12,12,LDH,U/L,184.618
BIO-113,Baseline,0,IL-6,pg/mL,8.857
BIO-113,Week 2,2,IL-6,pg/mL,7.48
BIO-113,Week 4,4,IL-6,pg/mL,6.482
BIO-113,Week 8,8,IL-6,pg/mL,8.296
BIO-113,Week 12,12,IL-6,pg/mL,7.426
BIO-113,Baseline,0,CRP,mg/L,2.773
BIO-113,Week 2,2,CRP,mg/L,2.694
BIO-113,Week 4,4,CRP,mg/L,2.481
BIO-113,Week 8,8,CRP,mg/L,1.412
BIO-113,Week 12,12,CRP,mg/L,2.296
BIO-113,Baseline,0,TNF-alpha,pg/mL,13.74
BIO-113,Week 2,2,TNF-alpha,pg/mL,15.584
BIO-113,Week 4,4,TNF-alpha,pg/mL,15.834
BIO-113,Week 8,8,TNF-alpha,pg/mL,12.993
BIO-113,Week 12,12,TNF-alpha,pg/mL,14.464
BIO-113,Baseline,0,IL-10,pg/mL,4.536
BIO-113,Week 2,2,IL-10,pg/mL,4.839
BIO-113,Week 4,4,IL-10,pg/mL,6.715
BIO-113,Week 8,8,IL-10,pg/mL,5.431
BIO-113,Week 12,12,IL-10,pg/mL,7.17
BIO-113,Baseline,0,IFN-gamma,pg/mL,10.725
BIO-113,Week 2,2,IFN-gamma,pg/mL,6.103
BIO-113,Week 4,4,IFN-gamma,pg/mL,
BIO-113,Week 8,8,IFN-gamma,pg/mL,9.453
BIO-113,Week 12,12,IFN-gamma,pg/mL,6.248
BIO-113,Baseline,0,IL-2,pg/mL,5.209
BIO-113,Week 2,2,IL-2,pg/mL,3.057
BIO-113,Week 4,4,IL-2,pg/mL,3.971
BIO-113,Week 8,8,IL-2,pg/mL,3.868
BIO-113,Week 12,12,IL-2,pg/mL,2.631
BIO-113,Baseline,0,IL-1beta,pg/mL,2.7
BIO-113,Week 2,2,IL-1beta,pg/mL,2.288
BIO-113,Week 4,4,IL-1beta,pg/mL,2.482
BIO-113,Week 8,8,IL-1beta,pg/mL,3.043
BIO-113,Week 12,12,IL-1beta,pg/mL,2.823
BIO-113,Baseline,0,IL-8,pg/mL,8.979
BIO-113,Week 2,2,IL-8,pg/mL,16.27
BIO-113,Week 4,4,IL-8,pg/mL,15.895
BIO-113,Week 8,8,IL-8,pg/mL,13.383
BIO-113,Week 12,12,IL-8,pg/mL,
BIO-113,Baseline,0,VEGF,pg/mL,359.478
BIO-113,Week 2,2,VEGF,pg/mL,272.974
BIO-113,Week 4,4,VEGF,pg/mL,321.105
BIO-113,Week 8,8,VEGF,pg/mL,361.825
BIO-113,Week 12,12,VEGF,pg/mL,358.265
BIO-113,Baseline,0,Ferritin,ng/mL,221.008
BIO-113,Week 2,2,Ferritin,ng/mL,197.432
BIO-113,Week 4,4,Ferritin,ng/mL,82.268
BIO-113,Week 8,8,Ferritin,ng/mL,129.11
BIO-113,Week 12,12,Ferritin,ng/mL,160.445
BIO-113,Baseline,0,D-dimer,mg/L,1.129
BIO-113,Week 2,2,D-dimer,mg/L,0.554
BIO-113,Week 4,4,D-dimer,mg/L,0.905
BIO-113,Week 8,8,D-dimer,mg/L,0.817
BIO-113,Week 12,12,D-dimer,mg/L,0.622
BIO-113,Baseline,0,LDH,U/L,146.938
BIO-113,Week 2,2,LDH,U/L,144.791
BIO-113,Week 4,4,LDH,U/L,171.711
BIO-113,Week 8,8,LDH,U/L,164.977
BIO-113,Week 12,12,LDH,U/L,153.877
BIO-114,Baseline,0,IL-6,pg/mL,8.594
BIO-114,Week 2,2,IL-6,pg/mL,6.18
BIO-114,Week 4,4,IL-6,pg/mL,8.438
BIO-114,Week 8,8,IL-6,pg/mL,6.923
BIO-114,Week 12,12,IL-6,pg/mL,6.578
BIO-114,Baseline,0,CRP,mg/L,1.356
BIO-114,Week 2,2,CRP,mg/L,3.787
BIO-114,Week 4,4,CRP,mg/L,4.074
BIO-114,Week 8,8,CRP,mg/L,2.623
BIO-114,Week 12,12,CRP,mg/L,1.923
BIO-114,Baseline,0,TNF-alpha,pg/mL,16.005
BIO-114,Week 2,2,TNF-alpha,pg/mL,14.462
BIO-114,Week 4,4,TNF-alpha,pg/mL,15.391
BIO-114,Week 8,8,TNF-alpha,pg/mL,15.147
BIO-114,Week 12,12,TNF-alpha,pg/mL,17.975
BIO-114,Baseline,0,IL-10,pg/mL,7.308
BIO-114,Week 2,2,IL-10,pg/mL,
BIO-114,Week 4,4,IL-10,pg/mL,5.963
BIO-114,Week 8,8,IL-10,pg/mL,5.142
BIO-114,Week 12,12,IL-10,pg/mL,5.783
BIO-114,Baseline,0,IFN-gamma,pg/mL,4.351
BIO-114,Week 2,2,IFN-gamma,pg/mL,7.231
BIO-114,Week 4,4,IFN-gamma,pg/mL,8.341
BIO-114,Week 8,8,IFN-gamma,pg/mL,6.323
BIO-114,Week 12,12,IFN-gamma,pg/mL,3.123
BIO-114,Baseline,0,IL-2,pg/mL,5.501
BIO-114,Week 2,2,IL-2,pg/mL,5.728
BIO-114,Week 4,4,IL-2,pg/mL,4.016
BIO-114,Week 8,8,IL-2,pg/mL,5.992
BIO-114,Week 12,12,IL-2,pg/mL,5.568
BIO-114,Baseline,0,IL-1beta,pg/mL,3.322
BIO-114,Week 2,2,IL-1beta,pg/mL,
BIO-114,Week 4,4,IL-1beta,pg/mL,2.67
BIO-114,Week 8,8,IL-1beta,pg/mL,3.155
BIO-114,Week 12,12,IL-1beta,pg/mL,3.43
BIO-114,Baseline,0,IL-8,pg/mL,21.354
BIO-114,Week 2,2,IL-8,pg/mL,30.69
BIO-114,Week 4,4,IL-8,pg/mL,23.51
BIO-114,Week 8,8,IL-8,pg/mL,13.463
BIO-114,Week 12,12,IL-8,pg/mL,12.028
BIO-114,Baseline,0,VEGF,pg/mL,277.82
BIO-114,Week 2,2,VEGF,pg/mL,218.522
BIO-114,Week 4,4,VEGF,pg/mL,218.496
BIO-114,Week 8,8,VEGF,pg/mL,238.323
BIO-114,Week 12,12,VEGF,pg/mL,278.247
BIO-114,Baseline,0,Ferritin,ng/mL,140.45
BIO-114,Week 2,2,Ferritin,ng/mL,108.951
BIO-114,Week 4,4,Ferritin,ng/mL,155.569
BIO-114,Week 8,8,Ferritin,ng/mL,132.151
BIO-114,Week 12,12,Ferritin,ng/mL,137.004
BIO-114,Baseline,0,D-dimer,mg/L,0.624
BIO-114,Week 2,2,D-dimer,mg/L,0.636
BIO-114,Week 4,4,D-dimer,mg/L,0.502
BIO-114,Week 8,8,D-dimer,mg/L,0.557
BIO-114,Week 12,12,D-dimer,mg/L,0.776
BIO-114,Baseline,0,LDH,U/L,177.947
BIO-114,Week 2,2,LDH,U/L,201.192
BIO-114,Week 4,4,LDH,U/L,182.055
BIO-114,Week 8,8,LDH,U/L,123.936
BIO-114,Week 12,12,LDH,U/L,166.295
BIO-115,Baseline,0,IL-6,pg/mL,7.86
BIO-115,Week 2,2,IL-6,pg/mL,10.995
BIO-115,Week 4,4,IL-6,pg/mL,10.13
BIO-115,Week 8,8,IL-6,pg/mL,8.334
BIO-115,Week 12,12,IL-6,pg/mL,9.374
BIO-115,Baseline,0,CRP,mg/L,1.927
BIO-115,Week 2,2,CRP,mg/L,1.802
BIO-115,Week 4,4,CRP,mg/L,2.369
BIO-115,Week 8,8,CRP,mg/L,0.965
BIO-115,Week 12,12,CRP,mg/L,1.465
BIO-115,Baseline,0,TNF-alpha,pg/mL,13.692
BIO-115,Week 2,2,TNF-alpha,pg/mL,13.094
BIO-115,Week 4,4,TNF-alpha,pg/mL,15.301
BIO-115,Week 8,8,TNF-alpha,pg/mL,12.852
BIO-115,Week 12,12,TNF-alpha,pg/mL,11.683
BIO-115,Baseline,0,IL-10,pg/mL,6.01
BIO-115,Week 2,2,IL-10,pg/mL,5.624
BIO-115,Week 4,4,IL-10,pg/mL,7.848
BIO-115,Week 8,8,IL-10,pg/mL,6.076
BIO-115,Week 12,12,IL-10,pg/mL,4.112
BIO-115,Baseline,0,IFN-gamma,pg/mL,3.578
BIO-115,Week 2,2,IFN-gamma,pg/mL,7.037
BIO-115,Week 4,4,IFN-gamma,pg/mL,4.328
BIO-115,Week 8,8,IFN-gamma,pg/mL,3.981
BIO-115,Week 12,12,IFN-gamma,pg/mL,3.102
BIO-115,Baseline,0,IL-2,pg/mL,6.612
BIO-115,Week 2,2,IL-2,pg/mL,5.101
BIO-115,Week 4,4,IL-2,pg/mL,4.578
BIO-115,Week 8,8,IL-2,pg/mL,6.233
BIO-115,Week 12,12,IL-2,pg/mL,5.357
BIO-115,Baseline,0,IL-1beta,pg/mL,1.358
BIO-115,Week 2,2,IL-1beta,pg/mL,2.636
BIO-115,Week 4,4,IL-1beta,pg/mL,2.185
BIO-115,Week 8,8,IL-1beta,pg/mL,2.879
BIO-115,Week 12,12,IL-1beta,pg/mL,2.115
BIO-115,Baseline,0,IL-8,pg/mL,13.13
BIO-115,Week 2,2,IL-8,pg/mL,13.9
BIO-115,Week 4,4,IL-8,pg/mL,8.743
BIO-115,Week 8,8,IL-8,pg/mL,10.196
BIO-115,Week 12,12,IL-8,pg/mL,9.8
BIO-115,Baseline,0,VEGF,pg/mL,221.933
BIO-115,Week 2,2,VEGF,pg/mL,268.382
BIO-115,Week 4,4,VEGF,pg/mL,260.108
BIO-115,Week 8,8,VEGF,pg/mL,206.818
BIO-115,Week 12,12,VEGF,pg/mL,190.623
BIO-115,Baseline,0,Ferritin,ng/mL,78.701
BIO-115,Week 2,2,Ferritin,ng/mL,108.026
BIO-115,Week 4,4,Ferritin,ng/mL,124.938
BIO-115,Week 8,8,Ferritin,ng/mL,110.97
BIO-115,Week 12,12,Ferritin,ng/mL,83.606
BIO-115,Baseline,0,D-dimer,mg/L,0.295
BIO-115,Week 2,2,D-dimer,mg/L,0.341
BIO-115,Week 4,4,D-dimer,mg/L,0.414
BIO-115,Week 8,8,D-dimer,mg/L,0.578
BIO-115,Week 12,12,D-dimer,mg/L,0.462
BIO-115,Baseline,0,LDH,U/L,165.581
BIO-115,Week 2,2,LDH,U/L,172.618
BIO-115,Week 4,4,LDH,U/L,172.723
BIO-115,Week 8,8,LDH,U/L,141.743
BIO-115,Week 12,12,LDH,U/L,185.59
BIO-116,Baseline,0,IL-6,pg/mL,9.095
BIO-116,Week 2,2,IL-6,pg/mL,6.528
BIO-116,Week 4,4,IL-6,pg/mL,7.539
BIO-116,Baseline,0,CRP,mg/L,3.115
BIO-116,Week 2,2,CRP,mg/L,4.695
BIO-116,Week 4,4,CRP,mg/L,2.545
BIO-116,Baseline,0,TNF-alpha,pg/mL,17.253
BIO-116,Week 2,2,TNF-alpha,pg/mL,18.291
BIO-116,Week 4,4,TNF-alpha,pg/mL,18.456
BIO-116,Baseline,0,IL-10,pg/mL,7.564
BIO-116,Week 2,2,IL-10,pg/mL,8.065
BIO-116,Week 4,4,IL-10,pg/mL,8.099
BIO-116,Baseline,0,IFN-gamma,pg/mL,2.225
BIO-116,Week 2,2,IFN-gamma,pg/mL,2.866
BIO-116,Week 4,4,IFN-gamma,pg/mL,2.21
BIO-116,Baseline,0,IL-2,pg/mL,7.152
BIO-116,Week 2,2,IL-2,pg/mL,6.643
BIO-116,Week 4,4,IL-2,pg/mL,6.197
BIO-116,Baseline,0,IL-1beta,pg/mL,2.201
BIO-116,Week 2,2,IL-1beta,pg/mL,2.414
BIO-116,Week 4,4,IL-1beta,pg/mL,2.262
BIO-116,Baseline,0,IL-8,pg/mL,7.822
BIO-116,Week 2,2,IL-8,pg/mL,12.239
BIO-116,Week 4,4,IL-8,pg/mL,16.118
BIO-116,Baseline,0,VEGF,pg/mL,258.837
BIO-116,Week 2,2,VEGF,pg/mL,202.73
BIO-116,Week 4,4,VEGF,pg/mL,304.16
BIO-116,Baseline,0,Ferritin,ng/mL,38.033
BIO-116,Week 2,2,Ferritin,ng/mL,44.096
BIO-116,Week 4,4,Ferritin,ng/mL,41.227
BIO-116,Baseline,0,D-dimer,mg/L,0.351
BIO-116,Week 2,2,D-dimer,mg/L,0.403
BIO-116,Week 4,4,D-dimer,mg/L,0.257
BIO-116,Baseline,0,LDH,U/L,170.867
BIO-116,Week 2,2,LDH,U/L,170.642
BIO-116,Week 4,4,LDH,U/L,168.778
BIO-117,Baseline,0,IL-6,pg/mL,8.375
BIO-117,Week 2,2,IL-6,pg/mL,10.11
BIO-117,Week 4,4,IL-6,pg/mL,8.852
BIO-117,Week 8,8,IL-6,pg/mL,8.705
BIO-117,Week 12,12,IL-6,pg/mL,10.773
BIO-117,Baseline,0,CRP,mg/L,3.484
BIO-117,Week 2,2,CRP,mg/L,1.795
BIO-117,Week 4,4,CRP,mg/L,2.275
BIO-117,Week 8,8,CRP,mg/L,2.154
BIO-117,Week 12,12,CRP,mg/L,1.341
BIO-117,Baseline,0,TNF-alpha,pg/mL,14.715
BIO-117,Week 2,2,TNF-alpha,pg/mL,16.712
BIO-117,Week 4,4,TNF-alpha,pg/mL,15.672
BIO-117,Week 8,8,TNF-alpha,pg/mL,16.9
BIO-117,Week 12,12,TNF-alpha,pg/mL,14.857
BIO-117,Baseline,0,IL-10,pg/mL,7.339
BIO-117,Week 2,2,IL-10,pg/mL,9.804
BIO-117,Week 4,4,IL-10,pg/mL,8.639
BIO-117,Week 8,8,IL-10,pg/mL,9.15
BIO-117,Week 12,12,IL-10,pg/mL,8.254
BIO-117,Baseline,0,IFN-gamma,pg/mL,3.87
BIO-117,Week 2,2,IFN-gamma,pg/mL,4.3
BIO-117,Week 4,4,IFN-gamma,pg/mL,3.335
BIO-117,Week 8,8,IFN-gamma,pg/mL,2.981
BIO-117,Week 12,12,IFN-gamma,pg/mL,4.74
BIO-117,Baseline,0,IL-2,pg/mL,5.17
BIO-117,Week 2,2,IL-2,pg/mL,4.347
BIO-117,Week 4,4,IL-2,pg/mL,6.553
BIO-117,Week 8,8,IL-2,pg/mL,5.483
BIO-117,Week 12,12,IL-2,pg/mL,5.533
BIO-117,Baseline,0,IL-1beta,pg/mL,2.48
BIO-117,Week 2,2,IL-1beta,pg/mL,2.695
BIO-117,Week 4,4,IL-1beta,pg/mL,
BIO-117,Week 8,8,IL-1beta,pg/mL,2.572
BIO-117,Week 12,12,IL-1beta,pg/mL,2.557
BIO-117,Baseline,0,IL-8,pg/mL,11.523
BIO-117,Week 2,2,IL-8,pg/mL,23.748
BIO-117,Week 4,4,IL-8,pg/mL,16.918
BIO-117,Week 8,8,IL-8,pg/mL,10.727
BIO-117,Week 12,12,IL-8,pg/mL,17.571
BIO-117,Baseline,0,VEGF,pg/mL,179.216
BIO-117,Week 2,2,VEGF,pg/mL,195.593
BIO-117,Week 4,4,VEGF,pg/mL,200.041
BIO-117,Week 8,8,VEGF,pg/mL,143.917
BIO-117,Week 12,12,VEGF,pg/mL,165.161
BIO-117,Baseline,0,Ferritin,ng/mL,263.227
BIO-117,Week 2,2,Ferritin,ng/mL,175.923
BIO-117,Week 4,4,Ferritin,ng/mL,94.449
BIO-117,Week 8,8,Ferritin,ng/mL,97.508
BIO-117,Week 12,12,Ferritin,ng/mL,94.92
BIO-117,Baseline,0,D-dimer,mg/L,0.265
BIO-117,Week 2,2,D-dimer,mg/L,0.317
BIO-117,Week 4,4,D-dimer,mg/L,0.323
BIO-117,Week 8,8,D-dimer,mg/L,0.262
BIO-117,Week 12,12,D-dimer,mg/L,0.209
BIO-117,Baseline,0,LDH,U/L,207.189
BIO-117,Week 2,2,LDH,U/L,208.017
BIO-117,Week 4,4,LDH,U/L,201.139
BIO-117,Week 8,8,LDH,U/L,231.972
BIO-117,Week 12,12,LDH,U/L,200.381
BIO-118,Baseline,0,IL-6,pg/mL,8.643
BIO-118,Week 2,2,IL-6,pg/mL,8.99
BIO-118,Week 4,4,IL-6,pg/mL,8.111
BIO-118,Week 8,8,IL-6,pg/mL,8.905
BIO-118,Baseline,0,CRP,mg/L,4.719
BIO-118,Week 2,2,CRP,mg/L,17.362
BIO-118,Week 4,4,CRP,mg/L,8.206
BIO-118,Week 8,8,CRP,mg/L,8.293
BIO-118,Baseline,0,TNF-alpha,pg/mL,9.033
BIO-118,Week 2,2,TNF-alpha,pg/mL,12.853
BIO-118,Week 4,4,TNF-alpha,pg/mL,9.863
BIO-118,Week 8,8,TNF-alpha,pg/mL,10.519
BIO-118,Baseline,0,IL-10,pg/mL,5.811
BIO-118,Week 2,2,IL-10,pg/mL,7.551
BIO-118,Week 4,4,IL-10,pg/mL,7.331
BIO-118,Week 8,8,IL-10,pg/mL,7.59
BIO-118,Baseline,0,IFN-gamma,pg/mL,6.064
BIO-118,Week 2,2,IFN-gamma,pg/mL,4.806
BIO-118,Week 4,4,IFN-gamma,pg/mL,5.094
BIO-118,Week 8,8,IFN-gamma,pg/mL,5.098
BIO-118,Baseline,0,IL-2,pg/mL,5.969
BIO-118,Week 2,2,IL-2,pg/mL,5.314
BIO-118,Week 4,4,IL-2,pg/mL,5.657
BIO-118,Week 8,8,IL-2,pg/mL,6.345
BIO-118,Baseline,0,IL-1beta,pg/mL,2.543
BIO-118,Week 2,2,IL-1beta,pg/mL,2.605
BIO-118,Week 4,4,IL-1beta,pg/mL,2.776
BIO-118,Week 8,8,IL-1beta,pg/mL,2.645
BIO-118,Baseline,0,IL-8,pg/mL,9.369
BIO-118,Week 2,2,IL-8,pg/mL,6.672
BIO-118,Week 4,4,IL-8,pg/mL,6.172
BIO-118,Week 8,8,IL-8,pg/mL,11.415
BIO-118,Baseline,0,VEGF,pg/mL,274.457
BIO-118,Week 2,2,VEGF,pg/mL,286.029
BIO-118,Week 4,4,VEGF,pg/mL,344.416
BIO-118,Week 8,8,VEGF,pg/mL,298.052
BIO-118,Baseline,0,Ferritin,ng/mL,129.483
BIO-118,Week 2,2,Ferritin,ng/mL,124.875
BIO-118,Week 4,4,Ferritin,ng/mL,184.631
BIO-118,Week 8,8,Ferritin,ng/mL,100.524
BIO-118,Baseline,0,D-dimer,mg/L,0.291
BIO-118,Week 2,2,D-dimer,mg/L,0.127
BIO-118,Week 4,4,D-dimer,mg/L,0.292
BIO-118,Week 8,8,D-dimer,mg/L,0.329
BIO-118,Baseline,0,LDH,U/L,182.005
BIO-118,Week 2,2,LDH,U/L,201.424
BIO-118,Week 4,4,LDH,U/L,228.801
BIO-118,Week 8,8,LDH,U/L,179.839
BIO-119,Baseline,0,IL-6,pg/mL,6.892
BIO-119,Week 2,2,IL-6,pg/mL,6.551
BIO-119,Week 4,4,IL-6,pg/mL,6.851
BIO-119,Week 8,8,IL-6,pg/mL,7.251
BIO-119,Week 12,12,IL-6,pg/mL,8.505
BIO-119,Baseline,0,CRP,mg/L,9.917
BIO-119,Week 2,2,CRP,mg/L,4.074
BIO-119,Week 4,4,CRP,mg/L,6.041
BIO-119,Week 8,8,CRP,mg/L,5.787
BIO-119,Week 12,12,CRP,mg/L,7.865
BIO-119,Baseline,0,TNF-alpha,pg/mL,12.365
BIO-119,Week 2,2,TNF-alpha,pg/mL,13.324
BIO-119,Week 4,4,TNF-alpha,pg/mL,13.249
BIO-119,Week 8,8,TNF-alpha,pg/mL,15.145
BIO-119,Week 12,12,TNF-alpha,pg/mL,11.836
BIO-119,Baseline,0,IL-10,pg/mL,6.442
BIO-119,Week 2,2,IL-10,pg/mL,7.181
BIO-119,Week 4,4,IL-10,pg/mL,5.513
BIO-119,Week 8,8,IL-10,pg/mL,6.263
BIO-119,Week 12,12,IL-10,pg/mL,4.692
BIO-119,Baseline,0,IFN-gamma,pg/mL,4.086
BIO-119,Week 2,2,IFN-gamma,pg/mL,4.751
BIO-119,Week 4,4,IFN-gamma,pg/mL,3.678
BIO-119,Week 8,8,IFN-gamma,pg/mL,3.424
BIO-119,Week 12,12,IFN-gamma,pg/mL,5.129
BIO-119,Baseline,0,IL-2,pg/mL,4.523
BIO-119,Week 2,2,IL-2,pg/mL,4.992
BIO-119,Week 4,4,IL-2,pg/mL,4.2
BIO-119,Week 8,8,IL-2,pg/mL,4.571
BIO-119,Week 12,12,IL-2,pg/mL,4.948
BIO-119,Baseline,0,IL-1beta,pg/mL,3.581
BIO-119,Week 2,2,IL-1beta,pg/mL,3.956
BIO-119,Week 4,4,IL-1beta,pg/mL,3.552
BIO-119,Week 8,8,IL-1beta,pg/mL,3.709
BIO-119,Week 12,12,IL-1beta,pg/mL,3.213
BIO-119,Baseline,0,IL-8,pg/mL,20.737
BIO-119,Week 2,2,IL-8,pg/mL,16.93
BIO-119,Week 4,4,IL-8,pg/mL,20.542
BIO-119,Week 8,8,IL-8,pg/mL,18.491
BIO-119,Week 12,12,IL-8,pg/mL,23.271
BIO-119,Baseline,0,VEGF,pg/mL,194.745
BIO-119,Week 2,2,VEGF,pg/mL,
BIO-119,Week 4,4,VEGF,pg/mL,196.874
BIO-119,Week 8,8,VEGF,pg/mL,220.748
BIO-119,Week 12,12,VEGF,pg/mL,
BIO-119,Baseline,0,Ferritin,ng/mL,116.515
BIO-119,Week 2,2,Ferritin,ng/mL,110.442
BIO-119,Week 4,4,Ferritin,ng/mL,93.286
BIO-119,Week 8,8,Ferritin,ng/mL,152.304
BIO-119,Week 12,12,Ferritin,ng/mL,106.502
BIO-119,Baseline,0,D-dimer,mg/L,0.327
BIO-119,Week 2,2,D-dimer,mg/L,0.502
BIO-119,Week 4,4,D-dimer,mg/L,0.496
BIO-119,Week 8,8,D-dimer,mg/L,0.545
BIO-119,Week 12,12,D-dimer,mg/L,0.444
BIO-119,Baseline,0,LDH,U/L,185.841
BIO-119,Week 2,2,LDH,U/L,200.688
BIO-119,Week 4,4,LDH,U/L,179.456
BIO-119,Week 8,8,LDH,U/L,178.653
BIO-119,Week 12,12,LDH,U/L,190.359
BIO-120,Baseline,0,IL-6,pg/mL,7.128
BIO-120,Week 2,2,IL-6,pg/mL,4.994
BIO-120,Week 4,4,IL-6,pg/mL,5.57
BIO-120,Week 8,8,IL-6,pg/mL,6.368
BIO-120,Week 12,12,IL-6,pg/mL,6.878
BIO-120,Baseline,0,CRP,mg/L,4.09
BIO-120,Week 2,2,CRP,mg/L,2.199
BIO-120,Week 4,4,CRP,mg/L,2.646
BIO-120,Week 8,8,CRP,mg/L,1.633
BIO-120,Week 12,12,CRP,mg/L,2.567
BIO-120,Baseline,0,TNF-alpha,pg/mL,10.582
BIO-120,Week 2,2,TNF-alpha,pg/mL,7.048
BIO-120,Week 4,4,TNF-alpha,pg/mL,9.979
BIO-120,Week 8,8,TNF-alpha,pg/mL,12.431
BIO-120,Week 12,12,TNF-alpha,pg/mL,12.486
BIO-120,Baseline,0,IL-10,pg/mL,5.638
BIO-120,Week 2,2,IL-10,pg/mL,4.596
BIO-120,Week 4,4,IL-10,pg/mL,5.863
BIO-120,Week 8,8,IL-10,pg/mL,7.569
BIO-120,Week 12,12,IL-10,pg/mL,6.116
BIO-120,Baseline,0,IFN-gamma,pg/mL,3.511
BIO-120,Week 2,2,IFN-gamma,pg/mL,5.995
BIO-120,Week 4,4,IFN-gamma,pg/mL,7.305
BIO-120,Week 8,8,IFN-gamma,pg/mL,6.307
BIO-120,Week 12,12,IFN-gamma,pg/mL,8.56
BIO-120,Baseline,0,IL-2,pg/mL,6.409
BIO-120,Week 2,2,IL-2,pg/mL,5.911
BIO-120,Week 4,4,IL-2,pg/mL,5.994
BIO-120,Week 8,8,IL-2,pg/mL,6.636
BIO-120,Week 12,12,IL-2,pg/mL,6.704
BIO-120,Baseline,0,IL-1beta,pg/mL,3.219
BIO-120,Week 2,2,IL-1beta,pg/mL,2.296
BIO-120,Week 4,4,IL-1beta,pg/mL,2.697
BIO-120,Week 8,8,IL-1beta,pg/mL,2.59
BIO-120,Week 12,12,IL-1beta,pg/mL,2.698
BIO-120,Baseline,0,IL-8,pg/mL,23.926
BIO-120,Week 2,2,IL-8,pg/mL,22.328
BIO-120,Week 4,4,IL-8,pg/mL,26.741
BIO-120,Week 8,8,IL-8,pg/mL,20.84
BIO-120,Week 12,12,IL-8,pg/mL,14.041
BIO-120,Baseline,0,VEGF,pg/mL,254.817
BIO-120,Week 2,2,VEGF,pg/mL,336.103
BIO-120,Week 4,4,VEGF,pg/mL,295.662
BIO-120,Week 8,8,VEGF,pg/mL,285.159
BIO-120,Week 12,12,VEGF,pg/mL,306.45
BIO-120,Baseline,0,Ferritin,ng/mL,92.978
BIO-120,Week 2,2,Ferritin,ng/mL,73.872
BIO-120,Week 4,4,Ferritin,ng/mL,110.482
BIO-120,Week 8,8,Ferritin,ng/mL,100.641
BIO-120,Week 12,12,Ferritin,ng/mL,96.372
BIO-120,Baseline,0,D-dimer,mg/L,0.397
BIO-120,Week 2,2,D-dimer,mg/L,0.432
BIO-120,Week 4,4,D-dimer,mg/L,0.368
BIO-120,Week 8,8,D-dimer,mg/L,0.396
BIO-120,Week 12,12,D-dimer,mg/L,0.396
BIO-120,Baseline,0,LDH,U/L,127.794
BIO-120,Week 2,2,LDH,U/L,144.672
BIO-120,Week 4,4,LDH,U/L,143.557
BIO-120,Week 8,8,LDH,U/L,156.555
BIO-120,Week 12,12,LDH,U/L,199.966
BIO-121,Baseline,0,IL-6,pg/mL,6.369
BIO-121,Week 2,2,IL-6,pg/mL,4.602
BIO-121,Week 4,4,IL-6,pg/mL,6.294
BIO-121,Week 8,8,IL-6,pg/mL,4.102
BIO-121,Week 12,12,IL-6,pg/mL,5.127
BIO-121,Baseline,0,CRP,mg/L,1.516
BIO-121,Week 2,2,CRP,mg/L,2.167
BIO-121,Week 4,4,CRP,mg/L,1.704
BIO-121,Week 8,8,CRP,mg/L,2.027
BIO-121,Week 12,12,CRP,mg/L,2.018
BIO-121,Baseline,0,TNF-alpha,pg/mL,12.621
BIO-121,Week 2,2,TNF-alpha,pg/mL,11.468
BIO-121,Week 4,4,TNF-alpha,pg/mL,13.39
BIO-121,Week 8,8,TNF-alpha,pg/mL,8.043
BIO-121,Week 12,12,TNF-alpha,pg/mL,11.774
BIO-121,Baseline,0,IL-10,pg/mL,8.197
BIO-121,Week 2,2,IL-10,pg/mL,8.364
BIO-121,Week 4,4,IL-10,pg/mL,8.883
BIO-121,Week 8,8,IL-10,pg/mL,7.798
BIO-121,Week 12,12,IL-10,pg/mL,7.193
BIO-121,Baseline,0,IFN-gamma,pg/mL,2.812
BIO-121,Week 2,2,IFN-gamma,pg/mL,2.272
BIO-121,Week 4,4,IFN-gamma,pg/mL,2.486
BIO-121,Week 8,8,IFN-gamma,pg/mL,2.47
BIO-121,Week 12,12,IFN-gamma,pg/mL,2.015
BIO-121,Baseline,0,IL-2,pg/mL,5.145
BIO-121,Week 2,2,IL-2,pg/mL,4.347
BIO-121,Week 4,4,IL-2,pg/mL,5.57
BIO-121,Week 8,8,IL-2,pg/mL,4.658
BIO-121,Week 12,12,IL-2,pg/mL,4.689
BIO-121,Baseline,0,IL-1beta,pg/mL,2.002
BIO-121,Week 2,2,IL-1beta,pg/mL,1.446
BIO-121,Week 4,4,IL-1beta,pg/mL,1.684
BIO-121,Week 8,8,IL-1beta,pg/mL,1.552
BIO-121,Week 12,12,IL-1beta,pg/mL,2.17
BIO-121,Baseline,0,IL-8,pg/mL,22.201
BIO-121,Week 2,2,IL-8,pg/mL,20.338
BIO-121,Week 4,4,IL-8,pg/mL,27.233
BIO-121,Week 8,8,IL-8,pg/mL,
BIO-121,Week 12,12,IL-8,pg/mL,23.837
BIO-121,Baseline,0,VEGF,pg/mL,232.11
BIO-121,Week 2,2,VEGF,pg/mL,287.235
BIO-121,Week 4,4,VEGF,pg/mL,169.981
BIO-121,Week 8,8,VEGF,pg/mL,253.624
BIO-121,Week 12,12,VEGF,pg/mL,249.538
BIO-121,Baseline,0,Ferritin,ng/mL,170.549
BIO-121,Week 2,2,Ferritin,ng/mL,142.906
BIO-121,Week 4,4,Ferritin,ng/mL,121.856
BIO-121,Week 8,8,Ferritin,ng/mL,241.677
BIO-121,Week 12,12,Ferritin,ng/mL,290.489
BIO-121,Baseline,0,D-dimer,mg/L,0.437
BIO-121,Week 2,2,D-dimer,mg/L,
BIO-121,Week 4,4,D-dimer,mg/L,0.288
BIO-121,Week 8,8,D-dimer,mg/L,0.397
BIO-121,Week 12,12,D-dimer,mg/L,
BIO-121,Baseline,0,LDH,U/L,178.244
BIO-121,Week 2,2,LDH,U/L,209.746
BIO-121,Week 4,4,LDH,U/L,165.006
BIO-121,Week 8,8,LDH,U/L,170.948
BIO-121,Week 12,12,LDH,U/L,181.915
BIO-122,Baseline,0,IL-6,pg/mL,8.902
BIO-122,Week 2,2,IL-6,pg/mL,8.203
BIO-122,Week 4,4,IL-6,pg/mL,10.919
BIO-122,Week 8,8,IL-6,pg/mL,8.671
BIO-122,Week 12,12,IL-6,pg/mL,8.367
BIO-122,Baseline,0,CRP,mg/L,2.934
BIO-122,Week 2,2,CRP,mg/L,4.827
BIO-122,Week 4,4,CRP,mg/L,4.447
BIO-122,Week 8,8,CRP,mg/L,4.879
BIO-122,Week 12,12,CRP,mg/L,4.577
BIO-122,Baseline,0,TNF-alpha,pg/mL,14.575
BIO-122,Week 2,2,TNF-alpha,pg/mL,14.664
BIO-122,Week 4,4,TNF-alpha,pg/mL,15.775
BIO-122,Week 8,8,TNF-alpha,pg/mL,13.452
BIO-122,Week 12,12,TNF-alpha,pg/mL,17.044
BIO-122,Baseline,0,IL-10,pg/mL,8.595
BIO-122,Week 2,2,IL-10,pg/mL,7.298
BIO-122,Week 4,4,IL-10,pg/mL,6.044
BIO-122,Week 8,8,IL-10,pg/mL,7.439
BIO-122,Week 12,12,IL-10,pg/mL,7.701
BIO-122,Baseline,0,IFN-gamma,pg/mL,2.032
BIO-122,Week 2,2,IFN-gamma,pg/mL,2.544
BIO-122,Week 4,4,IFN-gamma,pg/mL,3.703
BIO-122,Week 8,8,IFN-gamma,pg/mL,2.091
BIO-122,Week 12,12,IFN-gamma,pg/mL,1.764
BIO-122,Baseline,0,IL-2,pg/mL,5.556
BIO-122,Week 2,2,IL-2,pg/mL,4.586
BIO-122,Week 4,4,IL-2,pg/mL,3.98
BIO-122,Week 8,8,IL-2,pg/mL,5.181
BIO-122,Week 12,12,IL-2,pg/mL,5.777
BIO-122,Baseline,0,IL-1beta,pg/mL,1.686
BIO-122,Week 2,2,IL-1beta,pg/mL,2.513
BIO-122,Week 4,4,IL-1beta,pg/mL,2.347
BIO-122,Week 8,8,IL-1beta,pg/mL,2.01
BIO-122,Week 12,12,IL-1beta,pg/mL,1.484
BIO-122,Baseline,0,IL-8,pg/mL,6.459
BIO-122,Week 2,2,IL-8,pg/mL,6.774
BIO-122,Week 4,4,IL-8,pg/mL,7.492
BIO-122,Week 8,8,IL-8,pg/mL,6.516
BIO-122,Week 12,12,IL-8,pg/mL,10.685
BIO-122,Baseline,0,VEGF,pg/mL,287.013
BIO-122,Week 2,2,VEGF,pg/mL,265.5
BIO-122,Week 4,4,VEGF,pg/mL,312.272
BIO-122,Week 8,8,VEGF,pg/mL,242.68
BIO-122,Week 12,12,VEGF,pg/mL,244.096
BIO-122,Baseline,0,Ferritin,ng/mL,84.723
BIO-122,Week 2,2,Ferritin,ng/mL,227.25
BIO-122,Week 4,4,Ferritin,ng/mL,132.865
BIO-122,Week 8,8,Ferritin,ng/mL,108.459
BIO-122,Week 12,12,Ferritin,ng/mL,186.45
BIO-122,Baseline,0,D-dimer,mg/L,0.224
BIO-122,Week 2,2,D-dimer,mg/L,0.303
BIO-122,Week 4,4,D-dimer,mg/L,0.232
BIO-122,Week 8,8,D-dimer,mg/L,0.267
BIO-122,Week 12,12,D-dimer,mg/L,0.202
BIO-122,Baseline,0,LDH,U/L,146.106
BIO-122,Week 2,2,LDH,U/L,166.957
BIO-122,Week 4,4,LDH,U/L,150.528
BIO-122,Week 8,8,LDH,U/L,162.501
BIO-122,Week 12,12,LDH,U/L,175.439
BIO-123,Baseline,0,IL-6,pg/mL,5.723
BIO-123,Week 2,2,IL-6,pg/mL,3.705
BIO-123,Week 4,4,IL-6,pg/mL,4.797
BIO-123,Week 8,8,IL-6,pg/mL,3.879
BIO-123,Week 12,12,IL-6,pg/mL,5.107
BIO-123,Baseline,0,CRP,mg/L,1.637
BIO-123,Week 2,2,CRP,mg/L,3.091
BIO-123,Week 4,4,CRP,mg/L,1.974
BIO-123,Week 8,8,CRP,mg/L,1.496
BIO-123,Week 12,12,CRP,mg/L,1.718
BIO-123,Baseline,0,TNF-alpha,pg/mL,10.621
BIO-123,Week 2,2,TNF-alpha,pg/mL,12.751
BIO-123,Week 4,4,TNF-alpha,pg/mL,13.505
BIO-123,Week 8,8,TNF-alpha,pg/mL,10.414
BIO-123,Week 12,12,TNF-alpha,pg/mL,
BIO-123,Baseline,0,IL-10,pg/mL,4.484
BIO-123,Week 2,2,IL-10,pg/mL,6.11
BIO-123,Week 4,4,IL-10,pg/mL,7.599
BIO-123,Week 8,8,IL-10,pg/mL,4.596
BIO-123,Week 12,12,IL-10,pg/mL,6.844
BIO-123,Baseline,0,IFN-gamma,pg/mL,7.66
BIO-123,Week 2,2,IFN-gamma,pg/mL,3.132
BIO-123,Week 4,4,IFN-gamma,pg/mL,4.329
BIO-123,Week 8,8,IFN-gamma,pg/mL,3.867
BIO-123,Week 12,12,IFN-gamma,pg/mL,4.648
BIO-123,Baseline,0,IL-2,pg/mL,5.481
BIO-123,Week 2,2,IL-2,pg/mL,5.047
BIO-123,Week 4,4,IL-2,pg/mL,5.433
BIO-123,Week 8,8,IL-2,pg/mL,4.768
BIO-123,Week 12,12,IL-2,pg/mL,5.725
BIO-123,Baseline,0,IL-1beta,pg/mL,2.98
BIO-123,Week 2,2,IL-1beta,pg/mL,2.53
BIO-123,Week 4,4,IL-1beta,pg/mL,2.462
BIO-123,Week 8,8,IL-1beta,pg/mL,2.856
BIO-123,Week 12,12,IL-1beta,pg/mL,2.596
BIO-123,Baseline,0,IL-8,pg/mL,28.952
BIO-123,Week 2,2,IL-8,pg/mL,15.526
BIO-123,Week 4,4,IL-8,pg/mL,10.032
BIO-123,Week 8,8,IL-8,pg/mL,21.91
BIO-123,Week 12,12,IL-8,pg/mL,25.062
BIO-123,Baseline,0,VEGF,pg/mL,330.822
BIO-123,Week 2,2,VEGF,pg/mL,231.687
BIO-123,Week 4,4,VEGF,pg/mL,216.917
BIO-123,Week 8,8,VEGF,pg/mL,253.761
BIO-123,Week 12,12,VEGF,pg/mL,295.642
BIO-123,Baseline,0,Ferritin,ng/mL,67.987
BIO-123,Week 2,2,Ferritin,ng/mL,255.715
BIO-123,Week 4,4,Ferritin,ng/mL,158.149
BIO-123,Week 8,8,Ferritin,ng/mL,83.203
BIO-123,Week 12,12,Ferritin,ng/mL,131.653
BIO-123,Baseline,0,D-dimer,mg/L,0.392
BIO-123,Week 2,2,D-dimer,mg/L,0.269
BIO-123,Week 4,4,D-dimer,mg/L,0.333
BIO-123,Week 8,8,D-dimer,mg/L,0.233
BIO-123,Week 12,12,D-dimer,mg/L,0.257
BIO-123,Baseline,0,LDH,U/L,157.769
BIO-123,Week 2,2,LDH,U/L,163.894
BIO-123,Week 4,4,LDH,U/L,149.654
BIO-123,Week 8,8,LDH,U/L,174.083
BIO-123,Week 12,12,LDH,U/L,193.097
BIO-124,Baseline,0,IL-6,pg/mL,7.107
BIO-124,Week 4,4,IL-6,pg/mL,9.033
BIO-124,Week 8,8,IL-6,pg/mL,9.164
BIO-124,Week 12,12,IL-6,pg/mL,8.725
BIO-124,Baseline,0,CRP,mg/L,7.991
BIO-124,Week 4,4,CRP,mg/L,7.797
BIO-124,Week 8,8,CRP,mg/L,5.529
BIO-124,Week 12,12,CRP,mg/L,3.422
BIO-124,Baseline,0,TNF-alpha,pg/mL,8.393
BIO-124,Week 4,4,TNF-alpha,pg/mL,7.168
BIO-124,Week 8,8,TNF-alpha,pg/mL,
BIO-124,Week 12,12,TNF-alpha,pg/mL,9.286
BIO-124,Baseline,0,IL-10,pg/mL,5.479
BIO-124,Week 4,4,IL-10,pg/mL,5.161
BIO-124,Week 8,8,IL-10,pg/mL,5.104
BIO-124,Week 12,12,IL-10,pg/mL,6.154
BIO-124,Baseline,0,IFN-gamma,pg/mL,2.838
BIO-124,Week 4,4,IFN-gamma,pg/mL,2.611
BIO-124,Week 8,8,IFN-gamma,pg/mL,1.955
BIO-124,Week 12,12,IFN-gamma,pg/mL,3.156
BIO-124,Baseline,0,IL-2,pg/mL,4.429
BIO-124,Week 4,4,IL-2,pg/mL,3.013
BIO-124,Week 8,8,IL-2,pg/mL,4.249
BIO-124,Week 12,12,IL-2,pg/mL,3.795
BIO-124,Baseline,0,IL-1beta,pg/mL,3.046
BIO-124,Week 4,4,IL-1beta,pg/mL,2.569
BIO-124,Week 8,8,IL-1beta,pg/mL,2.722
BIO-124,Week 12,12,IL-1beta,pg/mL,2.665
BIO-124,Baseline,0,IL-8,pg/mL,17.115
BIO-124,Week 4,4,IL-8,pg/mL,14.938
BIO-124,Week 8,8,IL-8,pg/mL,15.922
BIO-124,Week 12,12,IL-8,pg/mL,17.027
BIO-124,Baseline,0,VEGF,pg/mL,151.332
BIO-124,Week 4,4,VEGF,pg/mL,234.344
BIO-124,Week 8,8,VEGF,pg/mL,209.853
BIO-124,Week 12,12,VEGF,pg/mL,202.824
BIO-124,Baseline,0,Ferritin,ng/mL,265.696
BIO-124,Week 4,4,Ferritin,ng/mL,175.186
BIO-124,Week 8,8,Ferritin,ng/mL,344.271
BIO-124,Week 12,12,Ferritin,ng/mL,205.797
BIO-124,Baseline,0,D-dimer,mg/L,0.238
BIO-124,Week 4,4,D-dimer,mg/L,0.218
BIO-124,Week 8,8,D-dimer,mg/L,0.335
BIO-124,Week 12,12,D-dimer,mg/L,0.225
BIO-124,Baseline,0,LDH,U/L,138.864
BIO-124,Week 4,4,LDH,U/L,139.55
BIO-124,Week 8,8,LDH,U/L,172.96
BIO-124,Week 12,12,LDH,U/L,137.294
BIO-125,Baseline,0,IL-6,pg/mL,8.733
BIO-125,Week 2,2,IL-6,pg/mL,7.367
BIO-125,Week 4,4,IL-6,pg/mL,6.365
BIO-125,Week 8,8,IL-6,pg/mL,5.35
BIO-125,Week 12,12,IL-6,pg/mL,5.844
BIO-125,Baseline,0,CRP,mg/L,2.417
BIO-125,Week 2,2,CRP,mg/L,2.317
BIO-125,Week 4,4,CRP,mg/L,1.185
BIO-125,Week 8,8,CRP,mg/L,1.67
BIO-125,Week 12,12,CRP,mg/L,1.76
BIO-125,Baseline,0,TNF-alpha,pg/mL,7.424
BIO-125,Week 2,2,TNF-alpha,pg/mL,2.272
BIO-125,Week 4,4,TNF-alpha,pg/mL,6.844
BIO-125,Week 8,8,TNF-alpha,pg/mL,7.556
BIO-125,Week 12,12,TNF-alpha,pg/mL,5.1
BIO-125,Baseline,0,IL-10,pg/mL,3.347
BIO-125,Week 2,2,IL-10,pg/mL,3.227
BIO-125,Week 4,4,IL-10,pg/mL,6.967
BIO-125,Week 8,8,IL-10,pg/mL,4.643
BIO-125,Week 12,12,IL-10,pg/mL,3.859
BIO-125,Baseline,0,IFN-gamma,pg/mL,2.731
BIO-125,Week 2,2,IFN-gamma,pg/mL,2.086
BIO-125,Week 4,4,IFN-gamma,pg/mL,5.49
BIO-125,Week 8,8,IFN-gamma,pg/mL,2.746
BIO-125,Week 12,12,IFN-gamma,pg/mL,2.73
BIO-125,Baseline,0,IL-2,pg/mL,6.293
BIO-125,Week 2,2,IL-2,pg/mL,5.894
BIO-125,Week 4,4,IL-2,pg/mL,5.03
BIO-125,Week 8,8,IL-2,pg/mL,5.487
BIO-125,Week 12,12,IL-2,pg/mL,5.529
BIO-125,Baseline,0,IL-1beta,pg/mL,2.275
BIO-125,Week 2,2,IL-1beta,pg/mL,2.529
BIO-125,Week 4,4,IL-1beta,pg/mL,2.643
BIO-125,Week 8,8,IL-1beta,pg/mL,2.756
BIO-125,Week 12,12,IL-1beta,pg/mL,2.506
BIO-125,Baseline,0,IL-8,pg/mL,22.521
BIO-125,Week 2,2,IL-8,pg/mL,28.711
BIO-125,Week 4,4,IL-8,pg/mL,34.245
BIO-125,Week 8,8,IL-8,pg/mL,25.41
BIO-125,Week 12,12,IL-8,pg/mL,25.836
BIO-125,Baseline,0,VEGF,pg/mL,313.507
BIO-125,Week 2,2,VEGF,pg/mL,323.141
BIO-125,Week 4,4,VEGF,pg/mL,307.311
BIO-125,Week 8,8,VEGF,pg/mL,251.715
BIO-125,Week 12,12,VEGF,pg/mL,276.904
BIO-125,Baseline,0,Ferritin,ng/mL,92.641
BIO-125,Week 2,2,Ferritin,ng/mL,68.857
BIO-125,Week 4,4,Ferritin,ng/mL,78.079
BIO-125,Week 8,8,Ferritin,ng/mL,117.141
BIO-125,Week 12,12,Ferritin,ng/mL,
BIO-125,Baseline,0,D-dimer,mg/L,0.491
BIO-125,Week 2,2,D-dimer,mg/L,0.464
BIO-125,Week 4,4,D-dimer,mg/L,0.369
BIO-125,Week 8,8,D-dimer,mg/L,
BIO-125,Week 12,12,D-dimer,mg/L,0.639
BIO-125,Baseline,0,LDH,U/L,175.067
BIO-125,Week 2,2,LDH,U/L,203.615
BIO-125,Week 4,4,LDH,U/L,180.8
BIO-125,Week 8,8,LDH,U/L,178.108
BIO-125,Week 12,12,LDH,U/L,191.282
BIO-126,Baseline,0,IL-6,pg/mL,4.939
BIO-126,Week 2,2,IL-6,pg/mL,5.715
BIO-126,Week 4,4,IL-6,pg/mL,3.121
BIO-126,Week 8,8,IL-6,pg/mL,3.569
BIO-126,Week 12,12,IL-6,pg/mL,
BIO-126,Baseline,0,CRP,mg/L,2.503
BIO-126,Week 2,2,CRP,mg/L,5.338
BIO-126,Week 4,4,CRP,mg/L,3.23
BIO-126,Week 8,8,CRP,mg/L,1.822
BIO-126,Week 12,12,CRP,mg/L,3.194
BIO-126,Baseline,0,TNF-alpha,pg/mL,12.647
BIO-126,Week 2,2,TNF-alpha,pg/mL,12.229
BIO-126,Week 4,4,TNF-alpha,pg/mL,10.784
BIO-126,Week 8,8,TNF-alpha,pg/mL,10.83
BIO-126,Week 12,12,TNF-alpha,pg/mL,9.579
BIO-126,Baseline,0,IL-10,pg/mL,7.481
BIO-126,Week 2,2,IL-10,pg/mL,5.651
BIO-126,Week 4,4,IL-10,pg/mL,6.62
BIO-126,Week 8,8,IL-10,pg/mL,6.874
BIO-126,Week 12,12,IL-10,pg/mL,5.87
BIO-126,Baseline,0,IFN-gamma,pg/mL,4.388
BIO-126,Week 2,2,IFN-gamma,pg/mL,6.472
BIO-126,Week 4,4,IFN-gamma,pg/mL,5.227
BIO-126,Week 8,8,IFN-gamma,pg/mL,5.228
BIO-126,Week 12,12,IFN-gamma,pg/mL,6.73
BIO-126,Baseline,0,IL-2,pg/mL,4.652
BIO-126,Week 2,2,IL-2,pg/mL,5.365
BIO-126,Week 4,4,IL-2,pg/mL,4.66
BIO-126,Week 8,8,IL-2,pg/mL,4.955
BIO-126,Week 12,12,IL-2,pg/mL,4.155
BIO-126,Baseline,0,IL-1beta,pg/mL,3.124
BIO-126,Week 2,2,IL-1beta,pg/mL,2.498
BIO-126,Week 4,4,IL-1beta,pg/mL,2.536
BIO-126,Week 8,8,IL-1beta,pg/mL,2.994
BIO-126,Week 12,12,IL-1beta,pg/mL,2.657
BIO-126,Baseline,0,IL-8,pg/mL,19.065
BIO-126,Week 2,2,IL-8,pg/mL,13.759
BIO-126,Week 4,4,IL-8,pg/mL,22.639
BIO-126,Week 8,8,IL-8,pg/mL,13.254
BIO-126,Week 12,12,IL-8,pg/mL,15.581
BIO-126,Baseline,0,VEGF,pg/mL,327.701
BIO-126,Week 2,2,VEGF,pg/mL,272.163
BIO-126,Week 4,4,VEGF,pg/mL,310.332
BIO-126,Week 8,8,VEGF,pg/mL,334.326
BIO-126,Week 12,12,VEGF,pg/mL,300.074
BIO-126,Baseline,0,Ferritin,ng/mL,160.643
BIO-126,Week 2,2,Ferritin,ng/mL,154.2
BIO-126,Week 4,4,Ferritin,ng/mL,192.022
BIO-126,Week 8,8,Ferritin,ng/mL,127.348
BIO-126,Week 12,12,Ferritin,ng/mL,102.661
BIO-126,Baseline,0,D-dimer,mg/L,0.319
BIO-126,Week 2,2,D-dimer,mg/L,0.19
BIO-126,Week 4,4,D-dimer,mg/L,0.242
BIO-126,Week 8,8,D-dimer,mg/L,0.372
BIO-126,Week 12,12,D-dimer,mg/L,0.237
BIO-126,Baseline,0,LDH,U/L,172.376
BIO-126,Week 2,2,LDH,U/L,176.439
BIO-126,Week 4,4,LDH,U/L,164.772
BIO-126,Week 8,8,LDH,U/L,163.236
BIO-126,Week 12,12,LDH,U/L,156.096
BIO-127,Baseline,0,IL-6,pg/mL,8.413
BIO-127,Week 2,2,IL-6,pg/mL,6.528
BIO-127,Week 8,8,IL-6,pg/mL,9.052
BIO-127,Week 12,12,IL-6,pg/mL,8.119
BIO-127,Baseline,0,CRP,mg/L,3.671
BIO-127,Week 2,2,CRP,mg/L,3.725
BIO-127,Week 8,8,CRP,mg/L,3.359
BIO-127,Week 12,12,CRP,mg/L,5.722
BIO-127,Baseline,0,TNF-alpha,pg/mL,16.259
BIO-127,Week 2,2,TNF-alpha,pg/mL,11.502
BIO-127,Week 8,8,TNF-alpha,pg/mL,10.965
BIO-127,Week 12,12,TNF-alpha,pg/mL,14.195
BIO-127,Baseline,0,IL-10,pg/mL,6.696
BIO-127,Week 2,2,IL-10,pg/mL,6.928
BIO-127,Week 8,8,IL-10,pg/mL,6.503
BIO-127,Week 12,12,IL-10,pg/mL,7.091
BIO-127,Baseline,0,IFN-gamma,pg/mL,5.04
BIO-127,Week 2,2,IFN-gamma,pg/mL,4.094
BIO-127,Week 8,8,IFN-gamma,pg/mL,3.283
BIO-127,Week 12,12,IFN-gamma,pg/mL,5.95
BIO-127,Baseline,0,IL-2,pg/mL,5.95
BIO-127,Week 2,2,IL-2,pg/mL,4.217
BIO-127,Week 8,8,IL-2,pg/mL,5.25
BIO-127,Week 12,12,IL-2,pg/mL,5.848
BIO-127,Baseline,0,IL-1beta,pg/mL,2.089
BIO-127,Week 2,2,IL-1beta,pg/mL,2.371
BIO-127,Week 8,8,IL-1beta,pg/mL,2.28
BIO-127,Week 12,12,IL-1beta,pg/mL,
BIO-127,Baseline,0,IL-8,pg/mL,12.787
BIO-127,Week 2,2,IL-8,pg/mL,4.574
BIO-127,Week 8,8,IL-8,pg/mL,13.776
BIO-127,Week 12,12,IL-8,pg/mL,7.842
BIO-127,Baseline,0,VEGF,pg/mL,103.149
BIO-127,Week 2,2,VEGF,pg/mL,70.375
BIO-127,Week 8,8,VEGF,pg/mL,212.681
BIO-127,Week 12,12,VEGF,pg/mL,183.176
BIO-127,Baseline,0,Ferritin,ng/mL,86.976
BIO-127,Week 2,2,Ferritin,ng/mL,98.4
BIO-127,Week 8,8,Ferritin,ng/mL,145.162
BIO-127,Week 12,12,Ferritin,ng/mL,91.43
BIO-127,Baseline,0,D-dimer,mg/L,0.257
BIO-127,Week 2,2,D-dimer,mg/L,0.276
BIO-127,Week 8,8,D-dimer,mg/L,0.301
BIO-127,Week 12,12,D-dimer,mg/L,0.33
BIO-127,Baseline,0,LDH,U/L,189.09
BIO-127,Week 2,2,LDH,U/L,210.295
BIO-127,Week 8,8,LDH,U/L,175.561
BIO-127,Week 12,12,LDH,U/L,178.47
BIO-128,Baseline,0,IL-6,pg/mL,8.376
BIO-128,Week 2,2,IL-6,pg/mL,7.323
BIO-128,Week 8,8,IL-6,pg/mL,6.97
BIO-128,Week 12,12,IL-6,pg/mL,7.932
BIO-128,Baseline,0,CRP,mg/L,4.812
BIO-128,Week 2,2,CRP,mg/L,4.14
BIO-128,Week 8,8,CRP,mg/L,5.081
BIO-128,Week 12,12,CRP,mg/L,3.9
BIO-128,Baseline,0,TNF-alpha,pg/mL,11.502
BIO-128,Week 2,2,TNF-alpha,pg/mL,7.614
BIO-128,Week 8,8,TNF-alpha,pg/mL,9.648
BIO-128,Week 12,12,TNF-alpha,pg/mL,10.562
BIO-128,Baseline,0,IL-10,pg/mL,5.272
BIO-128,Week 2,2,IL-10,pg/mL,5.034
BIO-128,Week 8,8,IL-10,pg/mL,6.062
BIO-128,Week 12,12,IL-10,pg/mL,6.375
BIO-128,Baseline,0,IFN-gamma,pg/mL,3.592
BIO-128,Week 2,2,IFN-gamma,pg/mL,3.725
BIO-128,Week 8,8,IFN-gamma,pg/mL,2.422
BIO-128,Week 12,12,IFN-gamma,pg/mL,3.243
BIO-128,Baseline,0,IL-2,pg/mL,4.294
BIO-128,Week 2,2,IL-2,pg/mL,4.738
BIO-128,Week 8,8,IL-2,pg/mL,5.634
BIO-128,Week 12,12,IL-2,pg/mL,
BIO-128,Baseline,0,IL-1beta,pg/mL,2.885
BIO-128,Week 2,2,IL-1beta,pg/mL,
BIO-128,Week 8,8,IL-1beta,pg/mL,2.652
BIO-128,Week 12,12,IL-1beta,pg/mL,1.899
BIO-128,Baseline,0,IL-8,pg/mL,14.542
BIO-128,Week 2,2,IL-8,pg/mL,11.415
BIO-128,Week 8,8,IL-8,pg/mL,15.329
BIO-128,Week 12,12,IL-8,pg/mL,21.163
BIO-128,Baseline,0,VEGF,pg/mL,212.729
BIO-128,Week 2,2,VEGF,pg/mL,130.884
BIO-128,Week 8,8,VEGF,pg/mL,194.609
BIO-128,Week 12,12,VEGF,pg/mL,118.138
BIO-128,Baseline,0,Ferritin,ng/mL,193.744
BIO-128,Week 2,2,Ferritin,ng/mL,199.027
BIO-128,Week 8,8,Ferritin,ng/mL,101.573
BIO-128,Week 12,12,Ferritin,ng/mL,63.311
BIO-128,Baseline,0,D-dimer,mg/L,0.161
BIO-128,Week 2,2,D-dimer,mg/L,0.366
BIO-128,Week 8,8,D-dimer,mg/L,0.271
BIO-128,Week 12,12,D-dimer,mg/L,0.385
BIO-128,Baseline,0,LDH,U/L,164.939
BIO-128,Week 2,2,LDH,U/L,129.391
BIO-128,Week 8,8,LDH,U/L,150.73
BIO-128,Week 12,12,LDH,U/L,161.461
BIO-129,Baseline,0,IL-6,pg/mL,7.623
BIO-129,Week 2,2,IL-6,pg/mL,8.175
BIO-129,Week 4,4,IL-6,pg/mL,7.501
BIO-129,Week 8,8,IL-6,pg/mL,6.339
BIO-129,Week 12,12,IL-6,pg/mL,7.37
BIO-129,Baseline,0,CRP,mg/L,6.509
BIO-129,Week 2,2,CRP,mg/L,2.604
BIO-129,Week 4,4,CRP,mg/L,7.337
BIO-129,Week 8,8,CRP,mg/L,4.672
BIO-129,Week 12,12,CRP,mg/L,3.099
BIO-129,Baseline,0,TNF-alpha,pg/mL,12.622
BIO-129,Week 2,2,TNF-alpha,pg/mL,13.888
BIO-129,Week 4,4,TNF-alpha,pg/mL,10.695
BIO-129,Week 8,8,TNF-alpha,pg/mL,10.927
BIO-129,Week 12,12,TNF-alpha,pg/mL,14.14
BIO-129,Baseline,0,IL-10,pg/mL,4.224
BIO-129,Week 2,2,IL-10,pg/mL,5.4
BIO-129,Week 4,4,IL-10,pg/mL,2.714
BIO-129,Week 8,8,IL-10,pg/mL,4.261
BIO-129,Week 12,12,IL-10,pg/mL,4.552
BIO-129,Baseline,0,IFN-gamma,pg/mL,1.97
BIO-129,Week 2,2,IFN-gamma,pg/mL,2.243
BIO-129,Week 4,4,IFN-gamma,pg/mL,2.173
BIO-129,Week 8,8,IFN-gamma,pg/mL,2.565
BIO-129,Week 12,12,IFN-gamma,pg/mL,1.592
BIO-129,Baseline,0,IL-2,pg/mL,4.524
BIO-129,Week 2,2,IL-2,pg/mL,5.266
BIO-129,Week 4,4,IL-2,pg/mL,5.742
BIO-129,Week 8,8,IL-2,pg/mL,5.971
BIO-129,Week 12,12,IL-2,pg/mL,3.428
BIO-129,Baseline,0,IL-1beta,pg/mL,2.151
BIO-129,Week 2,2,IL-1beta,pg/mL,2.254
BIO-129,Week 4,4,IL-1beta,pg/mL,2.367
BIO-129,Week 8,8,IL-1beta,pg/mL,2.193
BIO-129,Week 12,12,IL-1beta,pg/mL,2.193
BIO-129,Baseline,0,IL-8,pg/mL,15.807
BIO-129,Week 2,2,IL-8,pg/mL,16.853
BIO-129,Week 4,4,IL-8,pg/mL,18.837
BIO-129,Week 8,8,IL-8,pg/mL,15.056
BIO-129,Week 12,12,IL-8,pg/mL,15.051
BIO-129,Baseline,0,VEGF,pg/mL,319.695
BIO-129,Week 2,2,VEGF,pg/mL,301.022
BIO-129,Week 4,4,VEGF,pg/mL,340.318
BIO-129,Week 8,8,VEGF,pg/mL,323.588
BIO-129,Week 12,12,VEGF,pg/mL,360.422
BIO-129,Baseline,0,Ferritin,ng/mL,201.841
BIO-129,Week 2,2,Ferritin,ng/mL,138.562
BIO-129,Week 4,4,Ferritin,ng/mL,268.256
BIO-129,Week 8,8,Ferritin,ng/mL,176.507
BIO-129,Week 12,12,Ferritin,ng/mL,162.355
BIO-129,Baseline,0,D-dimer,mg/L,0.304
BIO-129,Week 2,2,D-dimer,mg/L,0.536
BIO-129,Week 4,4,D-dimer,mg/L,0.385
BIO-129,Week 8,8,D-dimer,mg/L,0.692
BIO-129,Week 12,12,D-dimer,mg/L,0.584
BIO-129,Baseline,0,LDH,U/L,173.704
BIO-129,Week 2,2,LDH,U/L,152.286
BIO-129,Week 4,4,LDH,U/L,154.941
BIO-129,Week 8,8,LDH,U/L,151.894
BIO-129,Week 12,12,LDH,U/L,176.229
BIO-130,Baseline,0,IL-6,pg/mL,7.181
BIO-130,Week 2,2,IL-6,pg/mL,6.159
BIO-130,Week 4,4,IL-6,pg/mL,6.048
BIO-130,Week 8,8,IL-6,pg/mL,7.045
BIO-130,Week 12,12,IL-6,pg/mL,6.383
BIO-130,Baseline,0,CRP,mg/L,3.849
BIO-130,Week 2,2,CRP,mg/L,3.071
BIO-130,Week 4,4,CRP,mg/L,4.275
BIO-130,Week 8,8,CRP,mg/L,4.32
BIO-130,Week 12,12,CRP,mg/L,2.937
BIO-130,Baseline,0,TNF-alpha,pg/mL,6.357
BIO-130,Week 2,2,TNF-alpha,pg/mL,9.733
BIO-130,Week 4,4,TNF-alpha,pg/mL,9.707
BIO-130,Week 8,8,TNF-alpha,pg/mL,12.196
BIO-130,Week 12,12,TNF-alpha,pg/mL,9.169
BIO-130,Baseline,0,IL-10,pg/mL,3.769
BIO-130,Week 2,2,IL-10,pg/mL,1.774
BIO-130,Week 4,4,IL-10,pg/mL,2.848
BIO-130,Week 8,8,IL-10,pg/mL,4.812
BIO-130,Week 12,12,IL-10,pg/mL,4.119
BIO-130,Baseline,0,IFN-gamma,pg/mL,3.037
BIO-130,Week 2,2,IFN-gamma,pg/mL,4.24
BIO-130,Week 4,4,IFN-gamma,pg/mL,2.263
BIO-130,Week 8,8,IFN-gamma,pg/mL,1.695
BIO-130,Week 12,12,IFN-gamma,pg/mL,2.55
BIO-130,Baseline,0,IL-2,pg/mL,5.305
BIO-130,Week 2,2,IL-2,pg/mL,3.887
BIO-130,Week 4,4,IL-2,pg/mL,3.928
BIO-130,Week 8,8,IL-2,pg/mL,4.414
BIO-130,Week 12,12,IL-2,pg/mL,5.187
BIO-130,Baseline,0,IL-1beta,pg/mL,2.085
BIO-130,Week 2,2,IL-1beta,pg/mL,2.356
BIO-130,Week 4,4,IL-1beta,pg/mL,1.737
BIO-130,Week 8,8,IL-1beta,pg/mL,2.414
BIO-130,Week 12,12,IL-1beta,pg/mL,2.658
BIO-130,Baseline,0,IL-8,pg/mL,14.392
BIO-130,Week 2,2,IL-8,pg/mL,8.727
BIO-130,Week 4,4,IL-8,pg/mL,15.033
BIO-130,Week 8,8,IL-8,pg/mL,11.167
BIO-130,Week 12,12,IL-8,pg/mL,16.915
BIO-130,Baseline,0,VEGF,pg/mL,205.824
BIO-130,Week 2,2,VEGF,pg/mL,162.846
BIO-130,Week 4,4,VEGF,pg/mL,211.762
BIO-130,Week 8,8,VEGF,pg/mL,219.757
BIO-130,Week 12,12,VEGF,pg/mL,257.853
BIO-130,Baseline,0,Ferritin,ng/mL,91.443
BIO-130,Week 2,2,Ferritin,ng/mL,129.152
BIO-130,Week 4,4,Ferritin,ng/mL,123.147
BIO-130,Week 8,8,Ferritin,ng/mL,74.838
BIO-130,Week 12,12,Ferritin,ng/mL,194.412
BIO-130,Baseline,0,D-dimer,mg/L,0.696
BIO-130,Week 2,2,D-dimer,mg/L,0.904
BIO-130,Week 4,4,D-dimer,mg/L,1.016
BIO-130,Week 8,8,D-dimer,mg/L,1.009
BIO-130,Week 12,12,D-dimer,mg/L,1.128
BIO-130,Baseline,0,LDH,U/L,133.781
BIO-130,Week 2,2,LDH,U/L,118.055
BIO-130,Week 4,4,LDH,U/L,138.915
BIO-130,Week 8,8,LDH,U/L,157.125
BIO-130,Week 12,12,LDH,U/L,129.267
BIO-131,Baseline,0,IL-6,pg/mL,9.171
BIO-131,Week 2,2,IL-6,pg/mL,8.844
BIO-131,Week 4,4,IL-6,pg/mL,9.373
BIO-131,Week 8,8,IL-6,pg/mL,7.305
BIO-131,Week 12,12,IL-6,pg/mL,6.904
BIO-131,Baseline,0,CRP,mg/L,1.883
BIO-131,Week 2,2,CRP,mg/L,2.897
BIO-131,Week 4,4,CRP,mg/L,2.155
BIO-131,Week 8,8,CRP,mg/L,2.668
BIO-131,Week 12,12,CRP,mg/L,3.746
BIO-131,Baseline,0,TNF-alpha,pg/mL,14.138
BIO-131,Week 2,2,TNF-alpha,pg/mL,10.22
BIO-131,Week 4,4,TNF-alpha,pg/mL,11.984
BIO-131,Week 8,8,TNF-alpha,pg/mL,13.657
BIO-131,Week 12,12,TNF-alpha,pg/mL,15.08
BIO-131,Baseline,0,IL-10,pg/mL,7.634
BIO-131,Week 2,2,IL-10,pg/mL,5.254
BIO-131,Week 4,4,IL-10,pg/mL,6.981
BIO-131,Week 8,8,IL-10,pg/mL,7.356
BIO-131,Week 12,12,IL-10,pg/mL,6.843
BIO-131,Baseline,0,IFN-gamma,pg/mL,1.499
BIO-131,Week 2,2,IFN-gamma,pg/mL,2.138
BIO-131,Week 4,4,IFN-gamma,pg/mL,2.601
BIO-131,Week 8,8,IFN-gamma,pg/mL,1.138
BIO-131,Week 12,12,IFN-gamma,pg/mL,1.877
BIO-131,Baseline,0,IL-2,pg/mL,5.678
BIO-131,Week 2,2,IL-2,pg/mL,
BIO-131,Week 4,4,IL-2,pg/mL,6.211
BIO-131,Week 8,8,IL-2,pg/mL,5.039
BIO-131,Week 12,12,IL-2,pg/mL,5.739
BIO-131,Baseline,0,IL-1beta,pg/mL,2.659
BIO-131,Week 2,2,IL-1beta,pg/mL,3.072
BIO-131,Week 4,4,IL-1beta,pg/mL,3.125
BIO-131,Week 8,8,IL-1beta,pg/mL,3.487
BIO-131,Week 12,12,IL-1beta,pg/mL,2.86
BIO-131,Baseline,0,IL-8,pg/mL,19.093
BIO-131,Week 2,2,IL-8,pg/mL,16.901
BIO-131,Week 4,4,IL-8,pg/mL,19.38
BIO-131,Week 8,8,IL-8,pg/mL,18.028
BIO-131,Week 12,12,IL-8,pg/mL,19.699
BIO-131,Baseline,0,VEGF,pg/mL,247.401
BIO-131,Week 2,2,VEGF,pg/mL,224.843
BIO-131,Week 4,4,VEGF,pg/mL,304.376
BIO-131,Week 8,8,VEGF,pg/mL,212.748
BIO-131,Week 12,12,VEGF,pg/mL,242.757
BIO-131,Baseline,0,Ferritin,ng/mL,99.604
BIO-131,Week 2,2,Ferritin,ng/mL,167.983
BIO-131,Week 4,4,Ferritin,ng/mL,203.163
BIO-131,Week 8,8,Ferritin,ng/mL,79.258
BIO-131,Week 12,12,Ferritin,ng/mL,128.668
BIO-131,Baseline,0,D-dimer,mg/L,0.276
BIO-131,Week 2,2,D-dimer,mg/L,0.296
BIO-131,Week 4,4,D-dimer,mg/L,0.352
BIO-131,Week 8,8,D-dimer,mg/L,0.481
BIO-131,Week 12,12,D-dimer,mg/L,0.376
BIO-131,Baseline,0,LDH,U/L,165.915
BIO-131,Week 2,2,LDH,U/L,125.934
BIO-131,Week 4,4,LDH,U/L,111.397
BIO-131,Week 8,8,LDH,U/L,145.524
BIO-131,Week 12,12,LDH,U/L,147.322
BIO-132,Baseline,0,IL-6,pg/mL,7.687
BIO-132,Week 2,2,IL-6,pg/mL,7.81
BIO-132,Week 4,4,IL-6,pg/mL,7.326
BIO-132,Week 12,12,IL-6,pg/mL,6.666
BIO-132,Baseline,0,CRP,mg/L,3.655
BIO-132,Week 2,2,CRP,mg/L,1.009
BIO-132,Week 4,4,CRP,mg/L,2.807
BIO-132,Week 12,12,CRP,mg/L,2.272
BIO-132,Baseline,0,TNF-alpha,pg/mL,15.247
BIO-132,Week 2,2,TNF-alpha,pg/mL,12.694
BIO-132,Week 4,4,TNF-alpha,pg/mL,12.514
BIO-132,Week 12,12,TNF-alpha,pg/mL,12.712
BIO-132,Baseline,0,IL-10,pg/mL,6.328
BIO-132,Week 2,2,IL-10,pg/mL,7.049
BIO-132,Week 4,4,IL-10,pg/mL,6.145
BIO-132,Week 12,12,IL-10,pg/mL,6.009
BIO-132,Baseline,0,IFN-gamma,pg/mL,6.938
BIO-132,Week 2,2,IFN-gamma,pg/mL,6.054
BIO-132,Week 4,4,IFN-gamma,pg/mL,6.239
BIO-132,Week 12,12,IFN-gamma,pg/mL,3.171
BIO-132,Baseline,0,IL-2,pg/mL,4.344
BIO-132,Week 2,2,IL-2,pg/mL,5.132
BIO-132,Week 4,4,IL-2,pg/mL,4.568
BIO-132,Week 12,12,IL-2,pg/mL,3.694
BIO-132,Baseline,0,IL-1beta,pg/mL,2.651
BIO-132,Week 2,2,IL-1beta,pg/mL,3.279
BIO-132,Week 4,4,IL-1beta,pg/mL,2.9
BIO-132,Week 12,12,IL-1beta,pg/mL,2.565
BIO-132,Baseline,0,IL-8,pg/mL,13.72
BIO-132,Week 2,2,IL-8,pg/mL,12.851
BIO-132,Week 4,4,IL-8,pg/mL,23.743
BIO-132,Week 12,12,IL-8,pg/mL,14.314
BIO-132,Baseline,0,VEGF,pg/mL,234.616
BIO-132,Week 2,2,VEGF,pg/mL,223.639
BIO-132,Week 4,4,VEGF,pg/mL,245.133
BIO-132,Week 12,12,VEGF,pg/mL,201.91
BIO-132,Baseline,0,Ferritin,ng/mL,95.59
BIO-132,Week 2,2,Ferritin,ng/mL,143.927
BIO-132,Week 4,4,Ferritin,ng/mL,100.853
BIO-132,Week 12,12,Ferritin,ng/mL,115.221
BIO-132,Baseline,0,D-dimer,mg/L,0.258
BIO-132,Week 2,2,D-dimer,mg/L,0.311
BIO-132,Week 4,4,D-dimer,mg/L,0.374
BIO-132,Week 12,12,D-dimer,mg/L,0.358
BIO-132,Baseline,0,LDH,U/L,187.847
BIO-132,Week 2,2,LDH,U/L,167.97
BIO-132,Week 4,4,LDH,U/L,183.327
BIO-132,Week 12,12,LDH,U/L,174.208
BIO-133,Baseline,0,IL-6,pg/mL,8.874
BIO-133,Week 4,4,IL-6,pg/mL,7.874
BIO-133,Week 8,8,IL-6,pg/mL,6.773
BIO-133,Week 12,12,IL-6,pg/mL,5.695
BIO-133,Baseline,0,CRP,mg/L,1.634
BIO-133,Week 4,4,CRP,mg/L,6.393
BIO-133,Week 8,8,CRP,mg/L,2.196
BIO-133,Week 12,12,CRP,mg/L,1.798
BIO-133,Baseline,0,TNF-alpha,pg/mL,13.898
BIO-133,Week 4,4,TNF-alpha,pg/mL,10.116
BIO-133,Week 8,8,TNF-alpha,pg/mL,9.554
BIO-133,Week 12,12,TNF-alpha,pg/mL,9.718
BIO-133,Baseline,0,IL-10,pg/mL,7.643
BIO-133,Week 4,4,IL-10,pg/mL,7.706
BIO-133,Week 8,8,IL-10,pg/mL,7.55
BIO-133,Week 12,12,IL-10,pg/mL,8.059
BIO-133,Baseline,0,IFN-gamma,pg/mL,7.81
BIO-133,Week 4,4,IFN-gamma,pg/mL,4.935
BIO-133,Week 8,8,IFN-gamma,pg/mL,4.377
BIO-133,Week 12,12,IFN-gamma,pg/mL,3.652
BIO-133,Baseline,0,IL-2,pg/mL,5.767
BIO-133,Week 4,4,IL-2,pg/mL,5.62
BIO-133,Week 8,8,IL-2,pg/mL,5.8
BIO-133,Week 12,12,IL-2,pg/mL,6.336
BIO-133,Baseline,0,IL-1beta,pg/mL,2.816
BIO-133,Week 4,4,IL-1beta,pg/mL,2.498
BIO-133,Week 8,8,IL-1beta,pg/mL,2.483
BIO-133,Week 12,12,IL-1beta,pg/mL,2.189
BIO-133,Baseline,0,IL-8,pg/mL,35.511
BIO-133,Week 4,4,IL-8,pg/mL,15.133
BIO-133,Week 8,8,IL-8,pg/mL,19.817
BIO-133,Week 12,12,IL-8,pg/mL,12.886
BIO-133,Baseline,0,VEGF,pg/mL,306.081
BIO-133,Week 4,4,VEGF,pg/mL,239.537
BIO-133,Week 8,8,VEGF,pg/mL,252.565
BIO-133,Week 12,12,VEGF,pg/mL,237.008
BIO-133,Baseline,0,Ferritin,ng/mL,136.193
BIO-133,Week 4,4,Ferritin,ng/mL,111.079
BIO-133,Week 8,8,Ferritin,ng/mL,90.495
BIO-133,Week 12,12,Ferritin,ng/mL,196.309
BIO-133,Baseline,0,D-dimer,mg/L,0.409
BIO-133,Week 4,4,D-dimer,mg/L,0.465
BIO-133,Week 8,8,D-dimer,mg/L,0.305
BIO-133,Week 12,12,D-dimer,mg/L,0.278
BIO-133,Baseline,0,LDH,U/L,134.195
BIO-133,Week 4,4,LDH,U/L,139.639
BIO-133,Week 8,8,LDH,U/L,122.888
BIO-133,Week 12,12,LDH,U/L,152.159
BIO-134,Baseline,0,IL-6,pg/mL,7.743
BIO-134,Week 2,2,IL-6,pg/mL,4.565
BIO-134,Week 4,4,IL-6,pg/mL,4.328
BIO-134,Baseline,0,CRP,mg/L,3.341
BIO-134,Week 2,2,CRP,mg/L,4.788
BIO-134,Week 4,4,CRP,mg/L,3.766
BIO-134,Baseline,0,TNF-alpha,pg/mL,10.561
BIO-134,Week 2,2,TNF-alpha,pg/mL,13.431
BIO-134,Week 4,4,TNF-alpha,pg/mL,14.37
BIO-134,Baseline,0,IL-10,pg/mL,5.273
BIO-134,Week 2,2,IL-10,pg/mL,5.217
BIO-134,Week 4,4,IL-10,pg/mL,5.741
BIO-134,Baseline,0,IFN-gamma,pg/mL,5.415
BIO-134,Week 2,2,IFN-gamma,pg/mL,4.226
BIO-134,Week 4,4,IFN-gamma,pg/mL,2.843
BIO-134,Baseline,0,IL-2,pg/mL,4.87
BIO-134,Week 2,2,IL-2,pg/mL,4.244
BIO-134,Week 4,4,IL-2,pg/mL,4.924
BIO-134,Baseline,0,IL-1beta,pg/mL,1.386
BIO-134,Week 2,2,IL-1beta,pg/mL,1.373
BIO-134,Week 4,4,IL-1beta,pg/mL,1.387
BIO-134,Baseline,0,IL-8,pg/mL,32.096
BIO-134,Week 2,2,IL-8,pg/mL,14.231
BIO-134,Week 4,4,IL-8,pg/mL,18.526
BIO-134,Baseline,0,VEGF,pg/mL,268.143
BIO-134,Week 2,2,VEGF,pg/mL,209.456
BIO-134,Week 4,4,VEGF,pg/mL,204.856
BIO-134,Baseline,0,Ferritin,ng/mL,110.297
BIO-134,Week 2,2,Ferritin,ng/mL,156.133
BIO-134,Week 4,4,Ferritin,ng/mL,77.99
BIO-134,Baseline,0,D-dimer,mg/L,0.379
BIO-134,Week 2,2,D-dimer,mg/L,0.291
BIO-134,Week 4,4,D-dimer,mg/L,0.325
BIO-134,Baseline,0,LDH,U/L,208.6
BIO-134,Week 2,2,LDH,U/L,183.334
BIO-134,Week 4,4,LDH,U/L,186.17
BIO-135,Baseline,0,IL-6,pg/mL,5.113
BIO-135,Week 2,2,IL-6,pg/mL,5.011
BIO-135,Week 4,4,IL-6,pg/mL,5.039
BIO-135,Week 8,8,IL-6,pg/mL,5.935
BIO-135,Week 12,12,IL-6,pg/mL,4.291
BIO-135,Baseline,0,CRP,mg/L,5.992
BIO-135,Week 2,2,CRP,mg/L,9.981
BIO-135,Week 4,4,CRP,mg/L,7.603
BIO-135,Week 8,8,CRP,mg/L,5.342
BIO-135,Week 12,12,CRP,mg/L,7.803
BIO-135,Baseline,0,TNF-alpha,pg/mL,10.168
BIO-135,Week 2,2,TNF-alpha,pg/mL,8.728
BIO-135,Week 4,4,TNF-alpha,pg/mL,10.006
BIO-135,Week 8,8,TNF-alpha,pg/mL,10.491
BIO-135,Week 12,12,TNF-alpha,pg/mL,6
BIO-135,Baseline,0,IL-10,pg/mL,6.848
BIO-135,Week 2,2,IL-10,pg/mL,6.268
BIO-135,Week 4,4,IL-10,pg/mL,6.954
BIO-135,Week 8,8,IL-10,pg/mL,6.124
BIO-135,Week 12,12,IL-10,pg/mL,5.903
BIO-135,Baseline,0,IFN-gamma,pg/mL,15.511
BIO-135,Week 2,2,IFN-gamma,pg/mL,3.882
BIO-135,Week 4,4,IFN-gamma,pg/mL,4.592
BIO-135,Week 8,8,IFN-gamma,pg/mL,4.152
BIO-135,Week 12,12,IFN-gamma,pg/mL,7.138
BIO-135,Baseline,0,IL-2,pg/mL,6.22
BIO-135,Week 2,2,IL-2,pg/mL,5.37
BIO-135,Week 4,4,IL-2,pg/mL,5.643
BIO-135,Week 8,8,IL-2,pg/mL,4.329
BIO-135,Week 12,12,IL-2,pg/mL,6.896
BIO-135,Baseline,0,IL-1beta,pg/mL,1.419
BIO-135,Week 2,2,IL-1beta,pg/mL,1.297
BIO-135,Week 4,4,IL-1beta,pg/mL,1.953
BIO-135,Week 8,8,IL-1beta,pg/mL,1.742
BIO-135,Week 12,12,IL-1beta,pg/mL,1.567
BIO-135,Baseline,0,IL-8,pg/mL,18.925
BIO-135,Week 2,2,IL-8,pg/mL,8.571
BIO-135,Week 4,4,IL-8,pg/mL,14.173
BIO-135,Week 8,8,IL-8,pg/mL,21.289
BIO-135,Week 12,12,IL-8,pg/mL,13.949
BIO-135,Baseline,0,VEGF,pg/mL,206.263
BIO-135,Week 2,2,VEGF,pg/mL,314.827
BIO-135,Week 4,4,VEGF,pg/mL,197.792
BIO-135,Week 8,8,VEGF,pg/mL,256.858
BIO-135,Week 12,12,VEGF,pg/mL,293.986
BIO-135,Baseline,0,Ferritin,ng/mL,75.624
BIO-135,Week 2,2,Ferritin,ng/mL,265.259
BIO-135,Week 4,4,Ferritin,ng/mL,165.69
BIO-135,Week 8,8,Ferritin,ng/mL,82.122
BIO-135,Week 12,12,Ferritin,ng/mL,111.137
BIO-135,Baseline,0,D-dimer,mg/L,0.559
BIO-135,Week 2,2,D-dimer,mg/L,0.358
BIO-135,Week 4,4,D-dimer,mg/L,0.602
BIO-135,Week 8,8,D-dimer,mg/L,0.477
BIO-135,Week 12,12,D-dimer,mg/L,0.433
BIO-135,Baseline,0,LDH,U/L,193.338
BIO-135,Week 2,2,LDH,U/L,208.133
BIO-135,Week 4,4,LDH,U/L,229.248
BIO-135,Week 8,8,LDH,U/L,181.498
BIO-135,Week 12,12,LDH,U/L,186.859
BIO-136,Baseline,0,IL-6,pg/mL,8.011
BIO-136,Week 2,2,IL-6,pg/mL,4.633
BIO-136,Week 4,4,IL-6,pg/mL,4.895
BIO-136,Week 8,8,IL-6,pg/mL,6.53
BIO-136,Week 12,12,IL-6,pg/mL,7.163
BIO-136,Baseline,0,CRP,mg/L,5.277
BIO-136,Week 2,2,CRP,mg/L,4.865
BIO-136,Week 4,4,CRP,mg/L,2.534
BIO-136,Week 8,8,CRP,mg/L,4.222
BIO-136,Week 12,12,CRP,mg/L,6.657
BIO-136,Baseline,0,TNF-alpha,pg/mL,11.903
BIO-136,Week 2,2,TNF-alpha,pg/mL,16.691
BIO-136,Week 4,4,TNF-alpha,pg/mL,19.027
BIO-136,Week 8,8,TNF-alpha,pg/mL,16.024
BIO-136,Week 12,12,TNF-alpha,pg/mL,11.85
BIO-136,Baseline,0,IL-10,pg/mL,6.871
BIO-136,Week 2,2,IL-10,pg/mL,8.422
BIO-136,Week 4,4,IL-10,pg/mL,9.69
BIO-136,Week 8,8,IL-10,pg/mL,9.622
BIO-136,Week 12,12,IL-10,pg/mL,8.888
BIO-136,Baseline,0,IFN-gamma,pg/mL,3.722
BIO-136,Week 2,2,IFN-gamma,pg/mL,2.616
BIO-136,Week 4,4,IFN-gamma,pg/mL,2.38
BIO-136,Week 8,8,IFN-gamma,pg/mL,2.498
BIO-136,Week 12,12,IFN-gamma,pg/mL,2.587
BIO-136,Baseline,0,IL-2,pg/mL,2.973
BIO-136,Week 2,2,IL-2,pg/mL,3.959
BIO-136,Week 4,4,IL-2,pg/mL,4.31
BIO-136,Week 8,8,IL-2,pg/mL,4.295
BIO-136,Week 12,12,IL-2,pg/mL,4.098
BIO-136,Baseline,0,IL-1beta,pg/mL,3.047
BIO-136,Week 2,2,IL-1beta,pg/mL,3.156
BIO-136,Week 4,4,IL-1beta,pg/mL,2.502
BIO-136,Week 8,8,IL-1beta,pg/mL,2.542
BIO-136,Week 12,12,IL-1beta,pg/mL,2.839
BIO-136,Baseline,0,IL-8,pg/mL,15.386
BIO-136,Week 2,2,IL-8,pg/mL,13.368
BIO-136,Week 4,4,IL-8,pg/mL,11.43
BIO-136,Week 8,8,IL-8,pg/mL,9.954
BIO-136,Week 12,12,IL-8,pg/mL,10.216
BIO-136,Baseline,0,VEGF,pg/mL,305.804
BIO-136,Week 2,2,VEGF,pg/mL,271.52
BIO-136,Week 4,4,VEGF,pg/mL,313.814
BIO-136,Week 8,8,VEGF,pg/mL,242.41
BIO-136,Week 12,12,VEGF,pg/mL,270.81
BIO-136,Baseline,0,Ferritin,ng/mL,74.536
BIO-136,Week 2,2,Ferritin,ng/mL,85.437
BIO-136,Week 4,4,Ferritin,ng/mL,91.573
BIO-136,Week 8,8,Ferritin,ng/mL,59.96
BIO-136,Week 12,12,Ferritin,ng/mL,117.213
BIO-136,Baseline,0,D-dimer,mg/L,0.275
BIO-136,Week 2,2,D-dimer,mg/L,0.292
BIO-136,Week 4,4,D-dimer,mg/L,0.322
BIO-136,Week 8,8,D-dimer,mg/L,0.344
BIO-136,Week 12,12,D-dimer,mg/L,0.399
BIO-136,Baseline,0,LDH,U/L,199.326
BIO-136,Week 2,2,LDH,U/L,192.281
BIO-136,Week 4,4,LDH,U/L,186.256
BIO-136,Week 8,8,LDH,U/L,198.089
BIO-136,Week 12,12,LDH,U/L,212.891
BIO-137,Baseline,0,IL-6,pg/mL,10.86
BIO-137,Week 2,2,IL-6,pg/mL,6.981
BIO-137,Week 4,4,IL-6,pg/mL,8.738
BIO-137,Week 8,8,IL-6,pg/mL,7.557
BIO-137,Week 12,12,IL-6,pg/mL,7.79
BIO-137,Baseline,0,CRP,mg/L,4.663
BIO-137,Week 2,2,CRP,mg/L,4.461
BIO-137,Week 4,4,CRP,mg/L,4.939
BIO-137,Week 8,8,CRP,mg/L,6.144
BIO-137,Week 12,12,CRP,mg/L,4.174
BIO-137,Baseline,0,TNF-alpha,pg/mL,10.257
BIO-137,Week 2,2,TNF-alpha,pg/mL,14.609
BIO-137,Week 4,4,TNF-alpha,pg/mL,13.265
BIO-137,Week 8,8,TNF-alpha,pg/mL,12.758
BIO-137,Week 12,12,TNF-alpha,pg/mL,15.891
BIO-137,Baseline,0,IL-10,pg/mL,7.106
BIO-137,Week 2,2,IL-10,pg/mL,7.754
BIO-137,Week 4,4,IL-10,pg/mL,8.237
BIO-137,Week 8,8,IL-10,pg/mL,7.476
BIO-137,Week 12,12,IL-10,pg/mL,8.634
BIO-137,Baseline,0,IFN-gamma,pg/mL,3.392
BIO-137,Week 2,2,IFN-gamma,pg/mL,4.871
BIO-137,Week 4,4,IFN-gamma,pg/mL,4.409
BIO-137,Week 8,8,IFN-gamma,pg/mL,6.397
BIO-137,Week 12,12,IFN-gamma,pg/mL,4.441
BIO-137,Baseline,0,IL-2,pg/mL,5.907
BIO-137,Week 2,2,IL-2,pg/mL,3.899
BIO-137,Week 4,4,IL-2,pg/mL,2.546
BIO-137,Week 8,8,IL-2,pg/mL,6.516
BIO-137,Week 12,12,IL-2,pg/mL,4.465
BIO-137,Baseline,0,IL-1beta,pg/mL,2.408
BIO-137,Week 2,2,IL-1beta,pg/mL,2.645
BIO-137,Week 4,4,IL-1beta,pg/mL,3.071
BIO-137,Week 8,8,IL-1beta,pg/mL,2.518
BIO-137,Week 12,12,IL-1beta,pg/mL,2.082
BIO-137,Baseline,0,IL-8,pg/mL,35.057
BIO-137,Week 2,2,IL-8,pg/mL,26.682
BIO-137,Week 4,4,IL-8,pg/mL,30.783
BIO-137,Week 8,8,IL-8,pg/mL,24.61
BIO-137,Week 12,12,IL-8,pg/mL,40.428
BIO-137,Baseline,0,VEGF,pg/mL,233.394
BIO-137,Week 2,2,VEGF,pg/mL,253.056
BIO-137,Week 4,4,VEGF,pg/mL,213.624
BIO-137,Week 8,8,VEGF,pg/mL,215.212
BIO-137,Week 12,12,VEGF,pg/mL,218.092
BIO-137,Baseline,0,Ferritin,ng/mL,273.239
BIO-137,Week 2,2,Ferritin,ng/mL,211.099
BIO-137,Week 4,4,Ferritin,ng/mL,142.568
BIO-137,Week 8,8,Ferritin,ng/mL,127.265
BIO-137,Week 12,12,Ferritin,ng/mL,91.983
BIO-137,Baseline,0,D-dimer,mg/L,0.22
BIO-137,Week 2,2,D-dimer,mg/L,0.176
BIO-137,Week 4,4,D-dimer,mg/L,0.334
BIO-137,Week 8,8,D-dimer,mg/L,0.248
BIO-137,Week 12,12,D-dimer,mg/L,0.265
BIO-137,Baseline,0,LDH,U/L,154.326
BIO-137,Week 2,2,LDH,U/L,146.271
BIO-137,Week 4,4,LDH,U/L,119.112
BIO-137,Week 8,8,LDH,U/L,143.976
BIO-137,Week 12,12,LDH,U/L,100.881
BIO-138,Baseline,0,IL-6,pg/mL,8.389
BIO-138,Week 2,2,IL-6,pg/mL,7.71
BIO-138,Week 4,4,IL-6,pg/mL,8.518
BIO-138,Week 8,8,IL-6,pg/mL,8.136
BIO-138,Week 12,12,IL-6,pg/mL,7.28
BIO-138,Baseline,0,CRP,mg/L,1.65
BIO-138,Week 2,2,CRP,mg/L,1.231
BIO-138,Week 4,4,CRP,mg/L,1.529
BIO-138,Week 8,8,CRP,mg/L,1.309
BIO-138,Week 12,12,CRP,mg/L,3.58
BIO-138,Baseline,0,TNF-alpha,pg/mL,12.204
BIO-138,Week 2,2,TNF-alpha,pg/mL,17.515
BIO-138,Week 4,4,TNF-alpha,pg/mL,13.825
BIO-138,Week 8,8,TNF-alpha,pg/mL,12.58
BIO-138,Week 12,12,TNF-alpha,pg/mL,16.152
BIO-138,Baseline,0,IL-10,pg/mL,7.517
BIO-138,Week 2,2,IL-10,pg/mL,8.739
BIO-138,Week 4,4,IL-10,pg/mL,7.446
BIO-138,Week 8,8,IL-10,pg/mL,7.927
BIO-138,Week 12,12,IL-10,pg/mL,7.272
BIO-138,Baseline,0,IFN-gamma,pg/mL,1.829
BIO-138,Week 2,2,IFN-gamma,pg/mL,3.46
BIO-138,Week 4,4,IFN-gamma,pg/mL,3.173
BIO-138,Week 8,8,IFN-gamma,pg/mL,5.697
BIO-138,Week 12,12,IFN-gamma,pg/mL,3.526
BIO-138,Baseline,0,IL-2,pg/mL,6.071
BIO-138,Week 2,2,IL-2,pg/mL,5.394
BIO-138,Week 4,4,IL-2,pg/mL,6.067
BIO-138,Week 8,8,IL-2,pg/mL,6.416
BIO-138,Week 12,12,IL-2,pg/mL,7.072
BIO-138,Baseline,0,IL-1beta,pg/mL,2.442
BIO-138,Week 2,2,IL-1beta,pg/mL,1.828
BIO-138,Week 4,4,IL-1beta,pg/mL,2.331
BIO-138,Week 8,8,IL-1beta,pg/mL,2.178
BIO-138,Week 12,12,IL-1beta,pg/mL,2.265
BIO-138,Baseline,0,IL-8,pg/mL,18.392
BIO-138,Week 2,2,IL-8,pg/mL,11.791
BIO-138,Week 4,4,IL-8,pg/mL,14.55
BIO-138,Week 8,8,IL-8,pg/mL,23.697
BIO-138,Week 12,12,IL-8,pg/mL,9.036
BIO-138,Baseline,0,VEGF,pg/mL,181.129
BIO-138,Week 2,2,VEGF,pg/mL,227.531
BIO-138,Week 4,4,VEGF,pg/mL,163.48
BIO-138,Week 8,8,VEGF,pg/mL,223.585
BIO-138,Week 12,12,VEGF,pg/mL,172.69
BIO-138,Baseline,0,Ferritin,ng/mL,113.492
BIO-138,Week 2,2,Ferritin,ng/mL,103.854
BIO-138,Week 4,4,Ferritin,ng/mL,125.775
BIO-138,Week 8,8,Ferritin,ng/mL,41.831
BIO-138,Week 12,12,Ferritin,ng/mL,110.205
BIO-138,Baseline,0,D-dimer,mg/L,0.477
BIO-138,Week 2,2,D-dimer,mg/L,0.297
BIO-138,Week 4,4,D-dimer,mg/L,0.207
BIO-138,Week 8,8,D-dimer,mg/L,0.346
BIO-138,Week 12,12,D-dimer,mg/L,0.21
BIO-138,Baseline,0,LDH,U/L,172.332
BIO-138,Week 2,2,LDH,U/L,144.012
BIO-138,Week 4,4,LDH,U/L,143.193
BIO-138,Week 8,8,LDH,U/L,161.367
BIO-138,Week 12,12,LDH,U/L,174.136
BIO-139,Baseline,0,IL-6,pg/mL,7.273
BIO-139,Week 2,2,IL-6,pg/mL,6.362
BIO-139,Week 4,4,IL-6,pg/mL,8.264
BIO-139,Week 8,8,IL-6,pg/mL,6.332
BIO-139,Week 12,12,IL-6,pg/mL,6.928
BIO-139,Baseline,0,CRP,mg/L,1.931
BIO-139,Week 2,2,CRP,mg/L,3.104
BIO-139,Week 4,4,CRP,mg/L,1.568
BIO-139,Week 8,8,CRP,mg/L,1.77
BIO-139,Week 12,12,CRP,mg/L,1.423
BIO-139,Baseline,0,TNF-alpha,pg/mL,12.468
BIO-139,Week 2,2,TNF-alpha,pg/mL,13.937
BIO-139,Week 4,4,TNF-alpha,pg/mL,13.667
BIO-139,Week 8,8,TNF-alpha,pg/mL,11.739
BIO-139,Week 12,12,TNF-alpha,pg/mL,12.749
BIO-139,Baseline,0,IL-10,pg/mL,7.21
BIO-139,Week 2,2,IL-10,pg/mL,8.126
BIO-139,Week 4,4,IL-10,pg/mL,7.032
BIO-139,Week 8,8,IL-10,pg/mL,6.161
BIO-139,Week 12,12,IL-10,pg/mL,7.762
BIO-139,Baseline,0,IFN-gamma,pg/mL,3.751
BIO-139,Week 2,2,IFN-gamma,pg/mL,6.593
BIO-139,Week 4,4,IFN-gamma,pg/mL,3.68
BIO-139,Week 8,8,IFN-gamma,pg/mL,5.212
BIO-139,Week 12,12,IFN-gamma,pg/mL,2.998
BIO-139,Baseline,0,IL-2,pg/mL,4.903
BIO-139,Week 2,2,IL-2,pg/mL,3.509
BIO-139,Week 4,4,IL-2,pg/mL,4.425
BIO-139,Week 8,8,IL-2,pg/mL,3.971
BIO-139,Week 12,12,IL-2,pg/mL,4.713
BIO-139,Baseline,0,IL-1beta,pg/mL,3.108
BIO-139,Week 2,2,IL-1beta,pg/mL,1.982
BIO-139,Week 4,4,IL-1beta,pg/mL,2.773
BIO-139,Week 8,8,IL-1beta,pg/mL,3.099
BIO-139,Week 12,12,IL-1beta,pg/mL,2.572
BIO-139,Baseline,0,IL-8,pg/mL,20.897
BIO-139,Week 2,2,IL-8,pg/mL,13.897
BIO-139,Week 4,4,IL-8,pg/mL,27.307
BIO-139,Week 8,8,IL-8,pg/mL,14.165
BIO-139,Week 12,12,IL-8,pg/mL,20.808
BIO-139,Baseline,0,VEGF,pg/mL,292.555
BIO-139,Week 2,2,VEGF,pg/mL,253.358
BIO-139,Week 4,4,VEGF,pg/mL,267.366
BIO-139,Week 8,8,VEGF,pg/mL,226.493
BIO-139,Week 12,12,VEGF,pg/mL,251.509
BIO-139,Baseline,0,Ferritin,ng/mL,109.038
BIO-139,Week 2,2,Ferritin,ng/mL,65.857
BIO-139,Week 4,4,Ferritin,ng/mL,59.518
BIO-139,Week 8,8,Ferritin,ng/mL,71.236
BIO-139,Week 12,12,Ferritin,ng/mL,43.359
BIO-139,Baseline,0,D-dimer,mg/L,0.284
BIO-139,Week 2,2,D-dimer,mg/L,0.431
BIO-139,Week 4,4,D-dimer,mg/L,0.303
BIO-139,Week 8,8,D-dimer,mg/L,0.335
BIO-139,Week 12,12,D-dimer,mg/L,0.344
BIO-139,Baseline,0,LDH,U/L,171.014
BIO-139,Week 2,2,LDH,U/L,146.044
BIO-139,Week 4,4,LDH,U/L,159.23
BIO-139,Week 8,8,LDH,U/L,142.664
BIO-139,Week 12,12,LDH,U/L,162.747
BIO-140,Baseline,0,IL-6,pg/mL,9.018
BIO-140,Week 2,2,IL-6,pg/mL,7.591
BIO-140,Week 4,4,IL-6,pg/mL,7.456
BIO-140,Week 8,8,IL-6,pg/mL,9.183
BIO-140,Week 12,12,IL-6,pg/mL,8.755
BIO-140,Baseline,0,CRP,mg/L,1.961
BIO-140,Week 2,2,CRP,mg/L,4.883
BIO-140,Week 4,4,CRP,mg/L,3.123
BIO-140,Week 8,8,CRP,mg/L,2.003
BIO-140,Week 12,12,CRP,mg/L,3.325
BIO-140,Baseline,0,TNF-alpha,pg/mL,15.666
BIO-140,Week 2,2,TNF-alpha,pg/mL,
BIO-140,Week 4,4,TNF-alpha,pg/mL,15.922
BIO-140,Week 8,8,TNF-alpha,pg/mL,13.22
BIO-140,Week 12,12,TNF-alpha,pg/mL,14.497
BIO-140,Baseline,0,IL-10,pg/mL,7.677
BIO-140,Week 2,2,IL-10,pg/mL,6.907
BIO-140,Week 4,4,IL-10,pg/mL,8.047
BIO-140,Week 8,8,IL-10,pg/mL,7.801
BIO-140,Week 12,12,IL-10,pg/mL,5.807
BIO-140,Baseline,0,IFN-gamma,pg/mL,6.76
BIO-140,Week 2,2,IFN-gamma,pg/mL,7.698
BIO-140,Week 4,4,IFN-gamma,pg/mL,3.292
BIO-140,Week 8,8,IFN-gamma,pg/mL,3.168
BIO-140,Week 12,12,IFN-gamma,pg/mL,2.475
BIO-140,Baseline,0,IL-2,pg/mL,4.528
BIO-140,Week 2,2,IL-2,pg/mL,4.775
BIO-140,Week 4,4,IL-2,pg/mL,5.08
BIO-140,Week 8,8,IL-2,pg/mL,4.76
BIO-140,Week 12,12,IL-2,pg/mL,4.185
BIO-140,Baseline,0,IL-1beta,pg/mL,2.524
BIO-140,Week 2,2,IL-1beta,pg/mL,2.476
BIO-140,Week 4,4,IL-1beta,pg/mL,2.552
BIO-140,Week 8,8,IL-1beta,pg/mL,3.126
BIO-140,Week 12,12,IL-1beta,pg/mL,2.157
BIO-140,Baseline,0,IL-8,pg/mL,15.245
BIO-140,Week 2,2,IL-8,pg/mL,16.826
BIO-140,Week 4,4,IL-8,pg/mL,26.782
BIO-140,Week 8,8,IL-8,pg/mL,21.038
BIO-140,Week 12,12,IL-8,pg/mL,24.456
BIO-140,Baseline,0,VEGF,pg/mL,296.063
BIO-140,Week 2,2,VEGF,pg/mL,311.649
BIO-140,Week 4,4,VEGF,pg/mL,374.984
BIO-140,Week 8,8,VEGF,pg/mL,295.771
BIO-140,Week 12,12,VEGF,pg/mL,298.664
BIO-140,Baseline,0,Ferritin,ng/mL,165.361
BIO-140,Week 2,2,Ferritin,ng/mL,121.327
BIO-140,Week 4,4,Ferritin,ng/mL,108.284
BIO-140,Week 8,8,Ferritin,ng/mL,143.89
BIO-140,Week 12,12,Ferritin,ng/mL,161.131
BIO-140,Baseline,0,D-dimer,mg/L,0.358
BIO-140,Week 2,2,D-dimer,mg/L,0.312
BIO-140,Week 4,4,D-dimer,mg/L,0.263
BIO-140,Week 8,8,D-dimer,mg/L,0.242
BIO-140,Week 12,12,D-dimer,mg/L,0.239
BIO-140,Baseline,0,LDH,U/L,193.035
BIO-140,Week 2,2,LDH,U/L,219.408
BIO-140,Week 4,4,LDH,U/L,197.252
BIO-140,Week 8,8,LDH,U/L,194.398
BIO-140,Week 12,12,LDH,U/L,202.177
BIO-141,Baseline,0,IL-6,pg/mL,8.102
BIO-141,Week 2,2,IL-6,pg/mL,6.801
BIO-141,Week 4,4,IL-6,pg/mL,5.112
BIO-141,Week 8,8,IL-6,pg/mL,6.801
BIO-141,Week 12,12,IL-6,pg/mL,6.331
BIO-141,Baseline,0,CRP,mg/L,3.526
BIO-141,Week 2,2,CRP,mg/L,10.901
BIO-141,Week 4,4,CRP,mg/L,4.518
BIO-141,Week 8,8,CRP,mg/L,5.743
BIO-141,Week 12,12,CRP,mg/L,6.165
BIO-141,Baseline,0,TNF-alpha,pg/mL,17.963
BIO-141,Week 2,2,TNF-alpha,pg/mL,15.172
BIO-141,Week 4,4,TNF-alpha,pg/mL,17.635
BIO-141,Week 8,8,TNF-alpha,pg/mL,18.436
BIO-141,Week 12,12,TNF-alpha,pg/mL,18.515
BIO-141,Baseline,0,IL-10,pg/mL,7.372
BIO-141,Week 2,2,IL-10,pg/mL,6.005
BIO-141,Week 4,4,IL-10,pg/mL,7.044
BIO-141,Week 8,8,IL-10,pg/mL,9.229
BIO-141,Week 12,12,IL-10,pg/mL,7.214
BIO-141,Baseline,0,IFN-gamma,pg/mL,5.281
BIO-141,Week 2,2,IFN-gamma,pg/mL,3.35
BIO-141,Week 4,4,IFN-gamma,pg/mL,4.774
BIO-141,Week 8,8,IFN-gamma,pg/mL,4.252
BIO-141,Week 12,12,IFN-gamma,pg/mL,5.132
BIO-141,Baseline,0,IL-2,pg/mL,6.106
BIO-141,Week 2,2,IL-2,pg/mL,6.532
BIO-141,Week 4,4,IL-2,pg/mL,5.89
BIO-141,Week 8,8,IL-2,pg/mL,4.199
BIO-141,Week 12,12,IL-2,pg/mL,5.672
BIO-141,Baseline,0,IL-1beta,pg/mL,2.633
BIO-141,Week 2,2,IL-1beta,pg/mL,2.465
BIO-141,Week 4,4,IL-1beta,pg/mL,2.049
BIO-141,Week 8,8,IL-1beta,pg/mL,2.393
BIO-141,Week 12,12,IL-1beta,pg/mL,2.469
BIO-141,Baseline,0,IL-8,pg/mL,18.579
BIO-141,Week 2,2,IL-8,pg/mL,11.583
BIO-141,Week 4,4,IL-8,pg/mL,16.791
BIO-141,Week 8,8,IL-8,pg/mL,19.314
BIO-141,Week 12,12,IL-8,pg/mL,18.492
BIO-141,Baseline,0,VEGF,pg/mL,289.696
BIO-141,Week 2,2,VEGF,pg/mL,294.726
BIO-141,Week 4,4,VEGF,pg/mL,
BIO-141,Week 8,8,VEGF,pg/mL,296.402
BIO-141,Week 12,12,VEGF,pg/mL,299.489
BIO-141,Baseline,0,Ferritin,ng/mL,429.97
BIO-141,Week 2,2,Ferritin,ng/mL,361.282
BIO-141,Week 4,4,Ferritin,ng/mL,343.858
BIO-141,Week 8,8,Ferritin,ng/mL,179.727
BIO-141,Week 12,12,Ferritin,ng/mL,229.643
BIO-141,Baseline,0,D-dimer,mg/L,0.611
BIO-141,Week 2,2,D-dimer,mg/L,0.609
BIO-141,Week 4,4,D-dimer,mg/L,0.606
BIO-141,Week 8,8,D-dimer,mg/L,0.803
BIO-141,Week 12,12,D-dimer,mg/L,0.359
BIO-141,Baseline,0,LDH,U/L,178.537
BIO-141,Week 2,2,LDH,U/L,
BIO-141,Week 4,4,LDH,U/L,200.349
BIO-141,Week 8,8,LDH,U/L,222.815
BIO-141,Week 12,12,LDH,U/L,196.543
BIO-142,Baseline,0,IL-6,pg/mL,10.301
BIO-142,Week 2,2,IL-6,pg/mL,8.137
BIO-142,Week 4,4,IL-6,pg/mL,9.331
BIO-142,Week 8,8,IL-6,pg/mL,7.779
BIO-142,Week 12,12,IL-6,pg/mL,6.811
BIO-142,Baseline,0,CRP,mg/L,6.237
BIO-142,Week 2,2,CRP,mg/L,3.735
BIO-142,Week 4,4,CRP,mg/L,4.362
BIO-142,Week 8,8,CRP,mg/L,9.434
BIO-142,Week 12,12,CRP,mg/L,7.691
BIO-142,Baseline,0,TNF-alpha,pg/mL,8.801
BIO-142,Week 2,2,TNF-alpha,pg/mL,7.831
BIO-142,Week 4,4,TNF-alpha,pg/mL,10.446
BIO-142,Week 8,8,TNF-alpha,pg/mL,10.42
BIO-142,Week 12,12,TNF-alpha,pg/mL,9.975
BIO-142,Baseline,0,IL-10,pg/mL,3.33
BIO-142,Week 2,2,IL-10,pg/mL,3.215
BIO-142,Week 4,4,IL-10,pg/mL,4.705
BIO-142,Week 8,8,IL-10,pg/mL,5.475
BIO-142,Week 12,12,IL-10,pg/mL,4.587
BIO-142,Baseline,0,IFN-gamma,pg/mL,6.357
BIO-142,Week 2,2,IFN-gamma,pg/mL,7.595
BIO-142,Week 4,4,IFN-gamma,pg/mL,5.362
BIO-142,Week 8,8,IFN-gamma,pg/mL,5.627
BIO-142,Week 12,12,IFN-gamma,pg/mL,4.113
BIO-142,Baseline,0,IL-2,pg/mL,4.686
BIO-142,Week 2,2,IL-2,pg/mL,4.257
BIO-142,Week 4,4,IL-2,pg/mL,5.798
BIO-142,Week 8,8,IL-2,pg/mL,4.935
BIO-142,Week 12,12,IL-2,pg/mL,4.306
BIO-142,Baseline,0,IL-1beta,pg/mL,2.432
BIO-142,Week 2,2,IL-1beta,pg/mL,1.964
BIO-142,Week 4,4,IL-1beta,pg/mL,1.989
BIO-142,Week 8,8,IL-1beta,pg/mL,1.893
BIO-142,Week 12,12,IL-1beta,pg/mL,1.662
BIO-142,Baseline,0,IL-8,pg/mL,9.586
BIO-142,Week 2,2,IL-8,pg/mL,7.53
BIO-142,Week 4,4,IL-8,pg/mL,7.362
BIO-142,Week 8,8,IL-8,pg/mL,7.55
BIO-142,Week 12,12,IL-8,pg/mL,5.539
BIO-142,Baseline,0,VEGF,pg/mL,276.261
BIO-142,Week 2,2,VEGF,pg/mL,266.386
BIO-142,Week 4,4,VEGF,pg/mL,237.18
BIO-142,Week 8,8,VEGF,pg/mL,284.573
BIO-142,Week 12,12,VEGF,pg/mL,246.135
BIO-142,Baseline,0,Ferritin,ng/mL,203.226
BIO-142,Week 2,2,Ferritin,ng/mL,112.657
BIO-142,Week 4,4,Ferritin,ng/mL,121.265
BIO-142,Week 8,8,Ferritin,ng/mL,126.767
BIO-142,Week 12,12,Ferritin,ng/mL,177.871
BIO-142,Baseline,0,D-dimer,mg/L,0.32
BIO-142,Week 2,2,D-dimer,mg/L,0.297
BIO-142,Week 4,4,D-dimer,mg/L,0.227
BIO-142,Week 8,8,D-dimer,mg/L,0.282
BIO-142,Week 12,12,D-dimer,mg/L,0.232
BIO-142,Baseline,0,LDH,U/L,198.547
BIO-142,Week 2,2,LDH,U/L,198.799
BIO-142,Week 4,4,LDH,U/L,195.65
BIO-142,Week 8,8,LDH,U/L,188.957
BIO-142,Week 12,12,LDH,U/L,193.259
BIO-143,Baseline,0,IL-6,pg/mL,5.102
BIO-143,Week 2,2,IL-6,pg/mL,4.629
BIO-143,Week 4,4,IL-6,pg/mL,5.632
BIO-143,Week 8,8,IL-6,pg/mL,4.022
BIO-143,Week 12,12,IL-6,pg/mL,5.913
BIO-143,Baseline,0,CRP,mg/L,1.106
BIO-143,Week 2,2,CRP,mg/L,1.326
BIO-143,Week 4,4,CRP,mg/L,2.01
BIO-143,Week 8,8,CRP,mg/L,2.475
BIO-143,Week 12,12,CRP,mg/L,1.807
BIO-143,Baseline,0,TNF-alpha,pg/mL,11.721
BIO-143,Week 2,2,TNF-alpha,pg/mL,13.212
BIO-143,Week 4,4,TNF-alpha,pg/mL,15.807
BIO-143,Week 8,8,TNF-alpha,pg/mL,15.756
BIO-143,Week 12,12,TNF-alpha,pg/mL,15.116
BIO-143,Baseline,0,IL-10,pg/mL,4.587
BIO-143,Week 2,2,IL-10,pg/mL,5.244
BIO-143,Week 4,4,IL-10,pg/mL,7.012
BIO-143,Week 8,8,IL-10,pg/mL,6.514
BIO-143,Week 12,12,IL-10,pg/mL,6.256
BIO-143,Baseline,0,IFN-gamma,pg/mL,3.22
BIO-143,Week 2,2,IFN-gamma,pg/mL,3.768
BIO-143,Week 4,4,IFN-gamma,pg/mL,4.805
BIO-143,Week 8,8,IFN-gamma,pg/mL,7.739
BIO-143,Week 12,12,IFN-gamma,pg/mL,4.965
BIO-143,Baseline,0,IL-2,pg/mL,5.731
BIO-143,Week 2,2,IL-2,pg/mL,4.921
BIO-143,Week 4,4,IL-2,pg/mL,6.335
BIO-143,Week 8,8,IL-2,pg/mL,5.135
BIO-143,Week 12,12,IL-2,pg/mL,5.695
BIO-143,Baseline,0,IL-1beta,pg/mL,3.016
BIO-143,Week 2,2,IL-1beta,pg/mL,3.17
BIO-143,Week 4,4,IL-1beta,pg/mL,2.666
BIO-143,Week 8,8,IL-1beta,pg/mL,2.75
BIO-143,Week 12,12,IL-1beta,pg/mL,2.745
BIO-143,Baseline,0,IL-8,pg/mL,9.998
BIO-143,Week 2,2,IL-8,pg/mL,9.911
BIO-143,Week 4,4,IL-8,pg/mL,6.539
BIO-143,Week 8,8,IL-8,pg/mL,9.056
BIO-143,Week 12,12,IL-8,pg/mL,7.183
BIO-143,Baseline,0,VEGF,pg/mL,189.254
BIO-143,Week 2,2,VEGF,pg/mL,223.194
BIO-143,Week 4,4,VEGF,pg/mL,172.845
BIO-143,Week 8,8,VEGF,pg/mL,201.516
BIO-143,Week 12,12,VEGF,pg/mL,215.226
BIO-143,Baseline,0,Ferritin,ng/mL,73.405
BIO-143,Week 2,2,Ferritin,ng/mL,99.09
BIO-143,Week 4,4,Ferritin,ng/mL,68.974
BIO-143,Week 8,8,Ferritin,ng/mL,87.322
BIO-143,Week 12,12,Ferritin,ng/mL,59.659
BIO-143,Baseline,0,D-dimer,mg/L,0.893
BIO-143,Week 2,2,D-dimer,mg/L,0.643
BIO-143,Week 4,4,D-dimer,mg/L,0.758
BIO-143,Week 8,8,D-dimer,mg/L,0.557
BIO-143,Week 12,12,D-dimer,mg/L,0.676
BIO-143,Baseline,0,LDH,U/L,166.481
BIO-143,Week 2,2,LDH,U/L,157.572
BIO-143,Week 4,4,LDH,U/L,165.87
BIO-143,Week 8,8,LDH,U/L,141.032
BIO-143,Week 12,12,LDH,U/L,171.615
BIO-144,Baseline,0,IL-6,pg/mL,6.059
BIO-144,Week 2,2,IL-6,pg/mL,6.014
BIO-144,Week 4,4,IL-6,pg/mL,7.446
BIO-144,Week 8,8,IL-6,pg/mL,6.335
BIO-144,Week 12,12,IL-6,pg/mL,8.274
BIO-144,Baseline,0,CRP,mg/L,2.793
BIO-144,Week 2,2,CRP,mg/L,4.417
BIO-144,Week 4,4,CRP,mg/L,6.983
BIO-144,Week 8,8,CRP,mg/L,3.459
BIO-144,Week 12,12,CRP,mg/L,2.78
BIO-144,Baseline,0,TNF-alpha,pg/mL,13.386
BIO-144,Week 2,2,TNF-alpha,pg/mL,15.208
BIO-144,Week 4,4,TNF-alpha,pg/mL,14.362
BIO-144,Week 8,8,TNF-alpha,pg/mL,14.15
BIO-144,Week 12,12,TNF-alpha,pg/mL,12.601
BIO-144,Baseline,0,IL-10,pg/mL,5.493
BIO-144,Week 2,2,IL-10,pg/mL,5.778
BIO-144,Week 4,4,IL-10,pg/mL,6.961
BIO-144,Week 8,8,IL-10,pg/mL,5.63
BIO-144,Week 12,12,IL-10,pg/mL,7.055
BIO-144,Baseline,0,IFN-gamma,pg/mL,1.306
BIO-144,Week 2,2,IFN-gamma,pg/mL,1.883
BIO-144,Week 4,4,IFN-gamma,pg/mL,1.298
BIO-144,Week 8,8,IFN-gamma,pg/mL,3.708
BIO-144,Week 12,12,IFN-gamma,pg/mL,1.441
BIO-144,Baseline,0,IL-2,pg/mL,4.723
BIO-144,Week 2,2,IL-2,pg/mL,5.604
BIO-144,Week 4,4,IL-2,pg/mL,5.473
BIO-144,Week 8,8,IL-2,pg/mL,4.321
BIO-144,Week 12,12,IL-2,pg/mL,5.468
BIO-144,Baseline,0,IL-1beta,pg/mL,2.66
BIO-144,Week 2,2,IL-1beta,pg/mL,2.776
BIO-144,Week 4,4,IL-1beta,pg/mL,2.569
BIO-144,Week 8,8,IL-1beta,pg/mL,2.031
BIO-144,Week 12,12,IL-1beta,pg/mL,2.55
BIO-144,Baseline,0,IL-8,pg/mL,11.086
BIO-144,Week 2,2,IL-8,pg/mL,4.017
BIO-144,Week 4,4,IL-8,pg/mL,5.873
BIO-144,Week 8,8,IL-8,pg/mL,7.223
BIO-144,Week 12,12,IL-8,pg/mL,5.824
BIO-144,Baseline,0,VEGF,pg/mL,314.243
BIO-144,Week 2,2,VEGF,pg/mL,265.983
BIO-144,Week 4,4,VEGF,pg/mL,264.513
BIO-144,Week 8,8,VEGF,pg/mL,277.58
BIO-144,Week 12,12,VEGF,pg/mL,290.236
BIO-144,Baseline,0,Ferritin,ng/mL,78.489
BIO-144,Week 2,2,Ferritin,ng/mL,66.332
BIO-144,Week 4,4,Ferritin,ng/mL,99.66
BIO-144,Week 8,8,Ferritin,ng/mL,101.041
BIO-144,Week 12,12,Ferritin,ng/mL,60.378
BIO-144,Baseline,0,D-dimer,mg/L,0.345
BIO-144,Week 2,2,D-dimer,mg/L,0.308
BIO-144,Week 4,4,D-dimer,mg/L,0.347
BIO-144,Week 8,8,D-dimer,mg/L,0.325
BIO-144,Week 12,12,D-dimer,mg/L,0.387
BIO-144,Baseline,0,LDH,U/L,200.201
BIO-144,Week 2,2,LDH,U/L,202.41
BIO-144,Week 4,4,LDH,U/L,198.043
BIO-144,Week 8,8,LDH,U/L,199.478
BIO-144,Week 12,12,LDH,U/L,207.076
BIO-145,Baseline,0,IL-6,pg/mL,8.038
BIO-145,Week 2,2,IL-6,pg/mL,6.064
BIO-145,Week 4,4,IL-6,pg/mL,8.586
BIO-145,Week 8,8,IL-6,pg/mL,9.051
BIO-145,Week 12,12,IL-6,pg/mL,7.445
BIO-145,Baseline,0,CRP,mg/L,4.179
BIO-145,Week 2,2,CRP,mg/L,2.251
BIO-145,Week 4,4,CRP,mg/L,1.687
BIO-145,Week 8,8,CRP,mg/L,1.765
BIO-145,Week 12,12,CRP,mg/L,3.072
BIO-145,Baseline,0,TNF-alpha,pg/mL,11.351
BIO-145,Week 2,2,TNF-alpha,pg/mL,15.91
BIO-145,Week 4,4,TNF-alpha,pg/mL,14.917
BIO-145,Week 8,8,TNF-alpha,pg/mL,13.061
BIO-145,Week 12,12,TNF-alpha,pg/mL,15.787
BIO-145,Baseline,0,IL-10,pg/mL,6.593
BIO-145,Week 2,2,IL-10,pg/mL,7.572
BIO-145,Week 4,4,IL-10,pg/mL,8.247
BIO-145,Week 8,8,IL-10,pg/mL,6.922
BIO-145,Week 12,12,IL-10,pg/mL,8.544
BIO-145,Baseline,0,IFN-gamma,pg/mL,2.014
BIO-145,Week 2,2,IFN-gamma,pg/mL,2.737
BIO-145,Week 4,4,IFN-gamma,pg/mL,4.04
BIO-145,Week 8,8,IFN-gamma,pg/mL,2.903
BIO-145,Week 12,12,IFN-gamma,pg/mL,4.15
BIO-145,Baseline,0,IL-2,pg/mL,5.07
BIO-145,Week 2,2,IL-2,pg/mL,3.282
BIO-145,Week 4,4,IL-2,pg/mL,6.066
BIO-145,Week 8,8,IL-2,pg/mL,4.239
BIO-145,Week 12,12,IL-2,pg/mL,4.414
BIO-145,Baseline,0,IL-1beta,pg/mL,1.776
BIO-145,Week 2,2,IL-1beta,pg/mL,2.377
BIO-145,Week 4,4,IL-1beta,pg/mL,1.551
BIO-145,Week 8,8,IL-1beta,pg/mL,2.635
BIO-145,Week 12,12,IL-1beta,pg/mL,2.24
BIO-145,Baseline,0,IL-8,pg/mL,28.201
BIO-145,Week 2,2,IL-8,pg/mL,13.439
BIO-145,Week 4,4,IL-8,pg/mL,15.423
BIO-145,Week 8,8,IL-8,pg/mL,
BIO-145,Week 12,12,IL-8,pg/mL,18.49
BIO-145,Baseline,0,VEGF,pg/mL,161.464
BIO-145,Week 2,2,VEGF,pg/mL,154.404
BIO-145,Week 4,4,VEGF,pg/mL,149.221
BIO-145,Week 8,8,VEGF,pg/mL,203.134
BIO-145,Week 12,12,VEGF,pg/mL,177.972
BIO-145,Baseline,0,Ferritin,ng/mL,73.972
BIO-145,Week 2,2,Ferritin,ng/mL,54.167
BIO-145,Week 4,4,Ferritin,ng/mL,76.616
BIO-145,Week 8,8,Ferritin,ng/mL,121.464
BIO-145,Week 12,12,Ferritin,ng/mL,39.727
BIO-145,Baseline,0,D-dimer,mg/L,0.301
BIO-145,Week 2,2,D-dimer,mg/L,0.544
BIO-145,Week 4,4,D-dimer,mg/L,0.449
BIO-145,Week 8,8,D-dimer,mg/L,0.257
BIO-145,Week 12,12,D-dimer,mg/L,0.312
BIO-145,Baseline,0,LDH,U/L,199.073
BIO-145,Week 2,2,LDH,U/L,
BIO-145,Week 4,4,LDH,U/L,205.38
BIO-145,Week 8,8,LDH,U/L,176.095
BIO-145,Week 12,12,LDH,U/L,177.995
BIO-146,Baseline,0,IL-6,pg/mL,8.909
BIO-146,Week 2,2,IL-6,pg/mL,7.715
BIO-146,Week 4,4,IL-6,pg/mL,6.066
BIO-146,Week 12,12,IL-6,pg/mL,7.702
BIO-146,Baseline,0,CRP,mg/L,0.933
BIO-146,Week 2,2,CRP,mg/L,1.043
BIO-146,Week 4,4,CRP,mg/L,1.877
BIO-146,Week 12,12,CRP,mg/L,2.345
BIO-146,Baseline,0,TNF-alpha,pg/mL,15.134
BIO-146,Week 2,2,TNF-alpha,pg/mL,11.544
BIO-146,Week 4,4,TNF-alpha,pg/mL,15.632
BIO-146,Week 12,12,TNF-alpha,pg/mL,11.356
BIO-146,Baseline,0,IL-10,pg/mL,7.17
BIO-146,Week 2,2,IL-10,pg/mL,6.402
BIO-146,Week 4,4,IL-10,pg/mL,8.047
BIO-146,Week 12,12,IL-10,pg/mL,5.657
BIO-146,Baseline,0,IFN-gamma,pg/mL,7.59
BIO-146,Week 2,2,IFN-gamma,pg/mL,5.503
BIO-146,Week 4,4,IFN-gamma,pg/mL,7.423
BIO-146,Week 12,12,IFN-gamma,pg/mL,5.302
BIO-146,Baseline,0,IL-2,pg/mL,4.438
BIO-146,Week 2,2,IL-2,pg/mL,4.088
BIO-146,Week 4,4,IL-2,pg/mL,3.01
BIO-146,Week 12,12,IL-2,pg/mL,3.371
BIO-146,Baseline,0,IL-1beta,pg/mL,0.907
BIO-146,Week 2,2,IL-1beta,pg/mL,1.671
BIO-146,Week 4,4,IL-1beta,pg/mL,1.568
BIO-146,Week 12,12,IL-1beta,pg/mL,2.479
BIO-146,Baseline,0,IL-8,pg/mL,17.776
BIO-146,Week 2,2,IL-8,pg/mL,25.035
BIO-146,Week 4,4,IL-8,pg/mL,21.701
BIO-146,Week 12,12,IL-8,pg/mL,23.581
BIO-146,Baseline,0,VEGF,pg/mL,217.337
BIO-146,Week 2,2,VEGF,pg/mL,183.253
BIO-146,Week 4,4,VEGF,pg/mL,248.366
BIO-146,Week 12,12,VEGF,pg/mL,209.498
BIO-146,Baseline,0,Ferritin,ng/mL,104.607
BIO-146,Week 2,2,Ferritin,ng/mL,101.313
BIO-146,Week 4,4,Ferritin,ng/mL,67.209
BIO-146,Week 12,12,Ferritin,ng/mL,114.349
BIO-146,Baseline,0,D-dimer,mg/L,0.164
BIO-146,Week 2,2,D-dimer,mg/L,0.233
BIO-146,Week 4,4,D-dimer,mg/L,0.253
BIO-146,Week 12,12,D-dimer,mg/L,0.128
BIO-146,Baseline,0,LDH,U/L,181.729
BIO-146,Week 2,2,LDH,U/L,168.783
BIO-146,Week 4,4,LDH,U/L,174.298
BIO-146,Week 12,12,LDH,U/L,168.981
BIO-147,Baseline,0,IL-6,pg/mL,8.241
BIO-147,Week 2,2,IL-6,pg/mL,7.384
BIO-147,Week 4,4,IL-6,pg/mL,7.433
BIO-147,Week 8,8,IL-6,pg/mL,7.785
BIO-147,Week 12,12,IL-6,pg/mL,7.743
BIO-147,Baseline,0,CRP,mg/L,3.333
BIO-147,Week 2,2,CRP,mg/L,1.707
BIO-147,Week 4,4,CRP,mg/L,4.142
BIO-147,Week 8,8,CRP,mg/L,3.517
BIO-147,Week 12,12,CRP,mg/L,4.071
BIO-147,Baseline,0,TNF-alpha,pg/mL,4.49
BIO-147,Week 2,2,TNF-alpha,pg/mL,10.165
BIO-147,Week 4,4,TNF-alpha,pg/mL,9.424
BIO-147,Week 8,8,TNF-alpha,pg/mL,10.34
BIO-147,Week 12,12,TNF-alpha,pg/mL,8.544
BIO-147,Baseline,0,IL-10,pg/mL,4.694
BIO-147,Week 2,2,IL-10,pg/mL,
BIO-147,Week 4,4,IL-10,pg/mL,7.549
BIO-147,Week 8,8,IL-10,pg/mL,7.465
BIO-147,Week 12,12,IL-10,pg/mL,7.471
BIO-147,Baseline,0,IFN-gamma,pg/mL,5.52
BIO-147,Week 2,2,IFN-gamma,pg/mL,2.674
BIO-147,Week 4,4,IFN-gamma,pg/mL,4.345
BIO-147,Week 8,8,IFN-gamma,pg/mL,4.332
BIO-147,Week 12,12,IFN-gamma,pg/mL,2.954
BIO-147,Baseline,0,IL-2,pg/mL,4.803
BIO-147,Week 2,2,IL-2,pg/mL,4.598
BIO-147,Week 4,4,IL-2,pg/mL,5.099
BIO-147,Week 8,8,IL-2,pg/mL,5.322
BIO-147,Week 12,12,IL-2,pg/mL,5.023
BIO-147,Baseline,0,IL-1beta,pg/mL,2.104
BIO-147,Week 2,2,IL-1beta,pg/mL,1.834
BIO-147,Week 4,4,IL-1beta,pg/mL,2.413
BIO-147,Week 8,8,IL-1beta,pg/mL,2.545
BIO-147,Week 12,12,IL-1beta,pg/mL,1.974
BIO-147,Baseline,0,IL-8,pg/mL,10.991
BIO-147,Week 2,2,IL-8,pg/mL,23.095
BIO-147,Week 4,4,IL-8,pg/mL,14.595
BIO-147,Week 8,8,IL-8,pg/mL,21.004
BIO-147,Week 12,12,IL-8,pg/mL,9.515
BIO-147,Baseline,0,VEGF,pg/mL,224.812
BIO-147,Week 2,2,VEGF,pg/mL,289.416
BIO-147,Week 4,4,VEGF,pg/mL,302.395
BIO-147,Week 8,8,VEGF,pg/mL,235.128
BIO-147,Week 12,12,VEGF,pg/mL,235.917
BIO-147,Baseline,0,Ferritin,ng/mL,192.096
BIO-147,Week 2,2,Ferritin,ng/mL,111.438
BIO-147,Week 4,4,Ferritin,ng/mL,146.725
BIO-147,Week 8,8,Ferritin,ng/mL,129.362
BIO-147,Week 12,12,Ferritin,ng/mL,90.52
BIO-147,Baseline,0,D-dimer,mg/L,0.662
BIO-147,Week 2,2,D-dimer,mg/L,0.492
BIO-147,Week 4,4,D-dimer,mg/L,0.578
BIO-147,Week 8,8,D-dimer,mg/L,0.382
BIO-147,Week 12,12,D-dimer,mg/L,0.647
BIO-147,Baseline,0,LDH,U/L,164.5
BIO-147,Week 2,2,LDH,U/L,209.077
BIO-147,Week 4,4,LDH,U/L,213.805
BIO-147,Week 8,8,LDH,U/L,185.206
BIO-147,Week 12,12,LDH,U/L,204.745
BIO-148,Baseline,0,IL-6,pg/mL,7.07
BIO-148,Week 2,2,IL-6,pg/mL,6.81
BIO-148,Week 4,4,IL-6,pg/mL,7.265
BIO-148,Week 8,8,IL-6,pg/mL,6.768
BIO-148,Week 12,12,IL-6,pg/mL,8.392
BIO-148,Baseline,0,CRP,mg/L,2.616
BIO-148,Week 2,2,CRP,mg/L,5.813
BIO-148,Week 4,4,CRP,mg/L,2.858
BIO-148,Week 8,8,CRP,mg/L,2.365
BIO-148,Week 12,12,CRP,mg/L,
BIO-148,Baseline,0,TNF-alpha,pg/mL,10.216
BIO-148,Week 2,2,TNF-alpha,pg/mL,6.535
BIO-148,Week 4,4,TNF-alpha,pg/mL,9.002
BIO-148,Week 8,8,TNF-alpha,pg/mL,10.059
BIO-148,Week 12,12,TNF-alpha,pg/mL,9.956
BIO-148,Baseline,0,IL-10,pg/mL,5.965
BIO-148,Week 2,2,IL-10,pg/mL,4.995
BIO-148,Week 4,4,IL-10,pg/mL,4.959
BIO-148,Week 8,8,IL-10,pg/mL,6.036
BIO-148,Week 12,12,IL-10,pg/mL,5.433
BIO-148,Baseline,0,IFN-gamma,pg/mL,3.564
BIO-148,Week 2,2,IFN-gamma,pg/mL,4.001
BIO-148,Week 4,4,IFN-gamma,pg/mL,5.331
BIO-148,Week 8,8,IFN-gamma,pg/mL,4.342
BIO-148,Week 12,12,IFN-gamma,pg/mL,5.258
BIO-148,Baseline,0,IL-2,pg/mL,3.052
BIO-148,Week 2,2,IL-2,pg/mL,3.67
BIO-148,Week 4,4,IL-2,pg/mL,4.704
BIO-148,Week 8,8,IL-2,pg/mL,3.919
BIO-148,Week 12,12,IL-2,pg/mL,3.99
BIO-148,Baseline,0,IL-1beta,pg/mL,2.854
BIO-148,Week 2,2,IL-1beta,pg/mL,3.333
BIO-148,Week 4,4,IL-1beta,pg/mL,3.245
BIO-148,Week 8,8,IL-1beta,pg/mL,2.973
BIO-148,Week 12,12,IL-1beta,pg/mL,3.095
BIO-148,Baseline,0,IL-8,pg/mL,24.373
BIO-148,Week 2,2,IL-8,pg/mL,15.927
BIO-148,Week 4,4,IL-8,pg/mL,28.586
BIO-148,Week 8,8,IL-8,pg/mL,15.376
BIO-148,Week 12,12,IL-8,pg/mL,10.696
BIO-148,Baseline,0,VEGF,pg/mL,281.064
BIO-148,Week 2,2,VEGF,pg/mL,244.581
BIO-148,Week 4,4,VEGF,pg/mL,310.184
BIO-148,Week 8,8,VEGF,pg/mL,322.491
BIO-148,Week 12,12,VEGF,pg/mL,244.892
BIO-148,Baseline,0,Ferritin,ng/mL,102.334
BIO-148,Week 2,2,Ferritin,ng/mL,197.834
BIO-148,Week 4,4,Ferritin,ng/mL,240.064
BIO-148,Week 8,8,Ferritin,ng/mL,85.425
BIO-148,Week 12,12,Ferritin,ng/mL,107.054
BIO-148,Baseline,0,D-dimer,mg/L,0.662
BIO-148,Week 2,2,D-dimer,mg/L,0.388
BIO-148,Week 4,4,D-dimer,mg/L,0.616
BIO-148,Week 8,8,D-dimer,mg/L,0.297
BIO-148,Week 12,12,D-dimer,mg/L,0.478
BIO-148,Baseline,0,LDH,U/L,176.198
BIO-148,Week 2,2,LDH,U/L,189.845
BIO-148,Week 4,4,LDH,U/L,169.143
BIO-148,Week 8,8,LDH,U/L,213.283
BIO-148,Week 12,12,LDH,U/L,181.35
BIO-149,Baseline,0,IL-6,pg/mL,8.802
BIO-149,Week 2,2,IL-6,pg/mL,7.778
BIO-149,Week 4,4,IL-6,pg/mL,8.322
BIO-149,Week 8,8,IL-6,pg/mL,7.204
BIO-149,Week 12,12,IL-6,pg/mL,7.227
BIO-149,Baseline,0,CRP,mg/L,0.757
BIO-149,Week 2,2,CRP,mg/L,2.459
BIO-149,Week 4,4,CRP,mg/L,3.403
BIO-149,Week 8,8,CRP,mg/L,2.061
BIO-149,Week 12,12,CRP,mg/L,2.592
BIO-149,Baseline,0,TNF-alpha,pg/mL,15.603
BIO-149,Week 2,2,TNF-alpha,pg/mL,15.638
BIO-149,Week 4,4,TNF-alpha,pg/mL,11.657
BIO-149,Week 8,8,TNF-alpha,pg/mL,17.733
BIO-149,Week 12,12,TNF-alpha,pg/mL,16.417
BIO-149,Baseline,0,IL-10,pg/mL,10.028
BIO-149,Week 2,2,IL-10,pg/mL,7.418
BIO-149,Week 4,4,IL-10,pg/mL,5.492
BIO-149,Week 8,8,IL-10,pg/mL,7.615
BIO-149,Week 12,12,IL-10,pg/mL,8.057
BIO-149,Baseline,0,IFN-gamma,pg/mL,2.636
BIO-149,Week 2,2,IFN-gamma,pg/mL,2.438
BIO-149,Week 4,4,IFN-gamma,pg/mL,4.497
BIO-149,Week 8,8,IFN-gamma,pg/mL,2.783
BIO-149,Week 12,12,IFN-gamma,pg/mL,1.931
BIO-149,Baseline,0,IL-2,pg/mL,5.218
BIO-149,Week 2,2,IL-2,pg/mL,5.177
BIO-149,Week 4,4,IL-2,pg/mL,5.389
BIO-149,Week 8,8,IL-2,pg/mL,4.611
BIO-149,Week 12,12,IL-2,pg/mL,4.895
BIO-149,Baseline,0,IL-1beta,pg/mL,2.756
BIO-149,Week 2,2,IL-1beta,pg/mL,2.717
BIO-149,Week 4,4,IL-1beta,pg/mL,2.614
BIO-149,Week 8,8,IL-1beta,pg/mL,2.771
BIO-149,Week 12,12,IL-1beta,pg/mL,3.254
BIO-149,Baseline,0,IL-8,pg/mL,8.928
BIO-149,Week 2,2,IL-8,pg/mL,9.954
BIO-149,Week 4,4,IL-8,pg/mL,8.218
BIO-149,Week 8,8,IL-8,pg/mL,10.44
BIO-149,Week 12,12,IL-8,pg/mL,12.099
BIO-149,Baseline,0,VEGF,pg/mL,251.259
BIO-149,Week 2,2,VEGF,pg/mL,219.427
BIO-149,Week 4,4,VEGF,pg/mL,238.009
BIO-149,Week 8,8,VEGF,pg/mL,279.346
BIO-149,Week 12,12,VEGF,pg/mL,219.091
BIO-149,Baseline,0,Ferritin,ng/mL,115.011
BIO-149,Week 2,2,Ferritin,ng/mL,115.249
BIO-149,Week 4,4,Ferritin,ng/mL,85.995
BIO-149,Week 8,8,Ferritin,ng/mL,74.36
BIO-149,Week 12,12,Ferritin,ng/mL,90.819
BIO-149,Baseline,0,D-dimer,mg/L,0.648
BIO-149,Week 2,2,D-dimer,mg/L,0.594
BIO-149,Week 4,4,D-dimer,mg/L,0.313
BIO-149,Week 8,8,D-dimer,mg/L,0.486
BIO-149,Week 12,12,D-dimer,mg/L,0.325
BIO-149,Baseline,0,LDH,U/L,167.109
BIO-149,Week 2,2,LDH,U/L,169.781
BIO-149,Week 4,4,LDH,U/L,177.772
BIO-149,Week 8,8,LDH,U/L,173.658
BIO-149,Week 12,12,LDH,U/L,158.828
BIO-150,Baseline,0,IL-6,pg/mL,7.186
BIO-150,Week 2,2,IL-6,pg/mL,7.016
BIO-150,Week 4,4,IL-6,pg/mL,7.125
BIO-150,Week 8,8,IL-6,pg/mL,9.089
BIO-150,Week 12,12,IL-6,pg/mL,8.589
BIO-150,Baseline,0,CRP,mg/L,3.555
BIO-150,Week 2,2,CRP,mg/L,2.36
BIO-150,Week 4,4,CRP,mg/L,2.852
BIO-150,Week 8,8,CRP,mg/L,4.996
BIO-150,Week 12,12,CRP,mg/L,4.435
BIO-150,Baseline,0,TNF-alpha,pg/mL,10.49
BIO-150,Week 2,2,TNF-alpha,pg/mL,11.169
BIO-150,Week 4,4,TNF-alpha,pg/mL,6.994
BIO-150,Week 8,8,TNF-alpha,pg/mL,15.178
BIO-150,Week 12,12,TNF-alpha,pg/mL,12.237
BIO-150,Baseline,0,IL-10,pg/mL,5.77
BIO-150,Week 2,2,IL-10,pg/mL,3.423
BIO-150,Week 4,4,IL-10,pg/mL,3.984
BIO-150,Week 8,8,IL-10,pg/mL,7.2
BIO-150,Week 12,12,IL-10,pg/mL,5.786
BIO-150,Baseline,0,IFN-gamma,pg/mL,5.203
BIO-150,Week 2,2,IFN-gamma,pg/mL,7.978
BIO-150,Week 4,4,IFN-gamma,pg/mL,5.256
BIO-150,Week 8,8,IFN-gamma,pg/mL,6.19
BIO-150,Week 12,12,IFN-gamma,pg/mL,6.254
BIO-150,Baseline,0,IL-2,pg/mL,4.027
BIO-150,Week 2,2,IL-2,pg/mL,3.451
BIO-150,Week 4,4,IL-2,pg/mL,4.523
BIO-150,Week 8,8,IL-2,pg/mL,4.941
BIO-150,Week 12,12,IL-2,pg/mL,4.619
BIO-150,Baseline,0,IL-1beta,pg/mL,2.455
BIO-150,Week 2,2,IL-1beta,pg/mL,1.644
BIO-150,Week 4,4,IL-1beta,pg/mL,2.094
BIO-150,Week 8,8,IL-1beta,pg/mL,2.333
BIO-150,Week 12,12,IL-1beta,pg/mL,
BIO-150,Baseline,0,IL-8,pg/mL,28.431
BIO-150,Week 2,2,IL-8,pg/mL,18.743
BIO-150,Week 4,4,IL-8,pg/mL,18.604
BIO-150,Week 8,8,IL-8,pg/mL,18.937
BIO-150,Week 12,12,IL-8,pg/mL,16.285
BIO-150,Baseline,0,VEGF,pg/mL,319.661
BIO-150,Week 2,2,VEGF,pg/mL,339.794
BIO-150,Week 4,4,VEGF,pg/mL,287.828
BIO-150,Week 8,8,VEGF,pg/mL,366.169
BIO-150,Week 12,12,VEGF,pg/mL,376.118
BIO-150,Baseline,0,Ferritin,ng/mL,99.392
BIO-150,Week 2,2,Ferritin,ng/mL,153.568
BIO-150,Week 4,4,Ferritin,ng/mL,146.198
BIO-150,Week 8,8,Ferritin,ng/mL,132.464
BIO-150,Week 12,12,Ferritin,ng/mL,80.54
BIO-150,Baseline,0,D-dimer,mg/L,0.699
BIO-150,Week 2,2,D-dimer,mg/L,0.364
BIO-150,Week 4,4,D-dimer,mg/L,0.37
BIO-150,Week 8,8,D-dimer,mg/L,0.258
BIO-150,Week 12,12,D-dimer,mg/L,0.242
BIO-150,Baseline,0,LDH,U/L,188.689
BIO-150,Week 2,2,LDH,U/L,197.426
BIO-150,Week 4,4,LDH,U/L,175.24
BIO-150,Week 8,8,LDH,U/L,202.477
BIO-150,Week 12,12,LDH,U/L,185.289
BIO-151,Baseline,0,IL-6,pg/mL,8.979
BIO-151,Week 2,2,IL-6,pg/mL,
BIO-151,Week 4,4,IL-6,pg/mL,5.828
BIO-151,Week 8,8,IL-6,pg/mL,8.049
BIO-151,Week 12,12,IL-6,pg/mL,6.576
BIO-151,Baseline,0,CRP,mg/L,5.53
BIO-151,Week 2,2,CRP,mg/L,3.487
BIO-151,Week 4,4,CRP,mg/L,5.037
BIO-151,Week 8,8,CRP,mg/L,4.611
BIO-151,Week 12,12,CRP,mg/L,2.687
BIO-151,Baseline,0,TNF-alpha,pg/mL,11.318
BIO-151,Week 2,2,TNF-alpha,pg/mL,8.991
BIO-151,Week 4,4,TNF-alpha,pg/mL,8.048
BIO-151,Week 8,8,TNF-alpha,pg/mL,11.931
BIO-151,Week 12,12,TNF-alpha,pg/mL,14.197
BIO-151,Baseline,0,IL-10,pg/mL,6.505
BIO-151,Week 2,2,IL-10,pg/mL,5.675
BIO-151,Week 4,4,IL-10,pg/mL,4.851
BIO-151,Week 8,8,IL-10,pg/mL,6.388
BIO-151,Week 12,12,IL-10,pg/mL,6.369
BIO-151,Baseline,0,IFN-gamma,pg/mL,2.827
BIO-151,Week 2,2,IFN-gamma,pg/mL,2.639
BIO-151,Week 4,4,IFN-gamma,pg/mL,3.29
BIO-151,Week 8,8,IFN-gamma,pg/mL,4.423
BIO-151,Week 12,12,IFN-gamma,pg/mL,3.154
BIO-151,Baseline,0,IL-2,pg/mL,4.728
BIO-151,Week 2,2,IL-2,pg/mL,4.435
BIO-151,Week 4,4,IL-2,pg/mL,4.091
BIO-151,Week 8,8,IL-2,pg/mL,5.397
BIO-151,Week 12,12,IL-2,pg/mL,5.017
BIO-151,Baseline,0,IL-1beta,pg/mL,3.546
BIO-151,Week 2,2,IL-1beta,pg/mL,3.648
BIO-151,Week 4,4,IL-1beta,pg/mL,3.369
BIO-151,Week 8,8,IL-1beta,pg/mL,4.395
BIO-151,Week 12,12,IL-1beta,pg/mL,4.031
BIO-151,Baseline,0,IL-8,pg/mL,12.971
BIO-151,Week 2,2,IL-8,pg/mL,21.89
BIO-151,Week 4,4,IL-8,pg/mL,10.605
BIO-151,Week 8,8,IL-8,pg/mL,16.842
BIO-151,Week 12,12,IL-8,pg/mL,16.319
BIO-151,Baseline,0,VEGF,pg/mL,267.78
BIO-151,Week 2,2,VEGF,pg/mL,232.922
BIO-151,Week 4,4,VEGF,pg/mL,180.041
BIO-151,Week 8,8,VEGF,pg/mL,232.648
BIO-151,Week 12,12,VEGF,pg/mL,
BIO-151,Baseline,0,Ferritin,ng/mL,72.606
BIO-151,Week 2,2,Ferritin,ng/mL,86.707
BIO-151,Week 4,4,Ferritin,ng/mL,93.914
BIO-151,Week 8,8,Ferritin,ng/mL,110.024
BIO-151,Week 12,12,Ferritin,ng/mL,85.304
BIO-151,Baseline,0,D-dimer,mg/L,0.569
BIO-151,Week 2,2,D-dimer,mg/L,0.531
BIO-151,Week 4,4,D-dimer,mg/L,0.36
BIO-151,Week 8,8,D-dimer,mg/L,0.376
BIO-151,Week 12,12,D-dimer,mg/L,0.467
BIO-151,Baseline,0,LDH,U/L,169.013
BIO-151,Week 2,2,LDH,U/L,184.291
BIO-151,Week 4,4,LDH,U/L,173.059
BIO-151,Week 8,8,LDH,U/L,146.367
BIO-151,Week 12,12,LDH,U/L,156.568
BIO-152,Baseline,0,IL-6,pg/mL,7.994
BIO-152,Week 2,2,IL-6,pg/mL,6.101
BIO-152,Week 4,4,IL-6,pg/mL,8.966
BIO-152,Week 8,8,IL-6,pg/mL,8.224
BIO-152,Week 12,12,IL-6,pg/mL,8.138
BIO-152,Baseline,0,CRP,mg/L,2.466
BIO-152,Week 2,2,CRP,mg/L,2.73
BIO-152,Week 4,4,CRP,mg/L,2.25
BIO-152,Week 8,8,CRP,mg/L,3.191
BIO-152,Week 12,12,CRP,mg/L,6.029
BIO-152,Baseline,0,TNF-alpha,pg/mL,14.478
BIO-152,Week 2,2,TNF-alpha,pg/mL,12.826
BIO-152,Week 4,4,TNF-alpha,pg/mL,11.384
BIO-152,Week 8,8,TNF-alpha,pg/mL,8.23
BIO-152,Week 12,12,TNF-alpha,pg/mL,7.964
BIO-152,Baseline,0,IL-10,pg/mL,6.231
BIO-152,Week 2,2,IL-10,pg/mL,4.975
BIO-152,Week 4,4,IL-10,pg/mL,5.182
BIO-152,Week 8,8,IL-10,pg/mL,5.522
BIO-152,Week 12,12,IL-10,pg/mL,4.344
BIO-152,Baseline,0,IFN-gamma,pg/mL,3.141
BIO-152,Week 2,2,IFN-gamma,pg/mL,1.798
BIO-152,Week 4,4,IFN-gamma,pg/mL,2.678
BIO-152,Week 8,8,IFN-gamma,pg/mL,2.325
BIO-152,Week 12,12,IFN-gamma,pg/mL,1.65
BIO-152,Baseline,0,IL-2,pg/mL,4.407
BIO-152,Week 2,2,IL-2,pg/mL,4.94
BIO-152,Week 4,4,IL-2,pg/mL,4.665
BIO-152,Week 8,8,IL-2,pg/mL,5.159
BIO-152,Week 12,12,IL-2,pg/mL,5.004
BIO-152,Baseline,0,IL-1beta,pg/mL,3.035
BIO-152,Week 2,2,IL-1beta,pg/mL,2.839
BIO-152,Week 4,4,IL-1beta,pg/mL,2.65
BIO-152,Week 8,8,IL-1beta,pg/mL,2.749
BIO-152,Week 12,12,IL-1beta,pg/mL,3.718
BIO-152,Baseline,0,IL-8,pg/mL,10.991
BIO-152,Week 2,2,IL-8,pg/mL,19.176
BIO-152,Week 4,4,IL-8,pg/mL,19.412
BIO-152,Week 8,8,IL-8,pg/mL,22.298
BIO-152,Week 12,12,IL-8,pg/mL,17.331
BIO-152,Baseline,0,VEGF,pg/mL,223.335
BIO-152,Week 2,2,VEGF,pg/mL,260.636
BIO-152,Week 4,4,VEGF,pg/mL,217.793
BIO-152,Week 8,8,VEGF,pg/mL,220.055
BIO-152,Week 12,12,VEGF,pg/mL,222.653
BIO-152,Baseline,0,Ferritin,ng/mL,68.103
BIO-152,Week 2,2,Ferritin,ng/mL,132.867
BIO-152,Week 4,4,Ferritin,ng/mL,
BIO-152,Week 8,8,Ferritin,ng/mL,86.065
BIO-152,Week 12,12,Ferritin,ng/mL,42.719
BIO-152,Baseline,0,D-dimer,mg/L,0.439
BIO-152,Week 2,2,D-dimer,mg/L,0.492
BIO-152,Week 4,4,D-dimer,mg/L,0.58
BIO-152,Week 8,8,D-dimer,mg/L,0.345
BIO-152,Week 12,12,D-dimer,mg/L,0.419
BIO-152,Baseline,0,LDH,U/L,146.323
BIO-152,Week 2,2,LDH,U/L,166.398
BIO-152,Week 4,4,LDH,U/L,174.886
BIO-152,Week 8,8,LDH,U/L,174.32
BIO-152,Week 12,12,LDH,U/L,159.994
BIO-153,Baseline,0,IL-6,pg/mL,6.03
BIO-153,Week 2,2,IL-6,pg/mL,7.172
BIO-153,Week 4,4,IL-6,pg/mL,8.225
BIO-153,Week 8,8,IL-6,pg/mL,9.776
BIO-153,Week 12,12,IL-6,pg/mL,8.419
BIO-153,Baseline,0,CRP,mg/L,2.695
BIO-153,Week 2,2,CRP,mg/L,2.097
BIO-153,Week 4,4,CRP,mg/L,2.889
BIO-153,Week 8,8,CRP,mg/L,1.94
BIO-153,Week 12,12,CRP,mg/L,2.526
BIO-153,Baseline,0,TNF-alpha,pg/mL,12.749
BIO-153,Week 2,2,TNF-alpha,pg/mL,10.896
BIO-153,Week 4,4,TNF-alpha,pg/mL,12.23
BIO-153,Week 8,8,TNF-alpha,pg/mL,12.206
BIO-153,Week 12,12,TNF-alpha,pg/mL,7.949
BIO-153,Baseline,0,IL-10,pg/mL,4.956
BIO-153,Week 2,2,IL-10,pg/mL,5.338
BIO-153,Week 4,4,IL-10,pg/mL,5.614
BIO-153,Week 8,8,IL-10,pg/mL,4.447
BIO-153,Week 12,12,IL-10,pg/mL,4.373
BIO-153,Baseline,0,IFN-gamma,pg/mL,2.365
BIO-153,Week 2,2,IFN-gamma,pg/mL,4.175
BIO-153,Week 4,4,IFN-gamma,pg/mL,3.385
BIO-153,Week 8,8,IFN-gamma,pg/mL,6.202
BIO-153,Week 12,12,IFN-gamma,pg/mL,5.532
BIO-153,Baseline,0,IL-2,pg/mL,5.345
BIO-153,Week 2,2,IL-2,pg/mL,6.412
BIO-153,Week 4,4,IL-2,pg/mL,6.573
BIO-153,Week 8,8,IL-2,pg/mL,5.557
BIO-153,Week 12,12,IL-2,pg/mL,5.406
BIO-153,Baseline,0,IL-1beta,pg/mL,1.84
BIO-153,Week 2,2,IL-1beta,pg/mL,2.659
BIO-153,Week 4,4,IL-1beta,pg/mL,2.813
BIO-153,Week 8,8,IL-1beta,pg/mL,1.916
BIO-153,Week 12,12,IL-1beta,pg/mL,2.451
BIO-153,Baseline,0,IL-8,pg/mL,13.964
BIO-153,Week 2,2,IL-8,pg/mL,15.907
BIO-153,Week 4,4,IL-8,pg/mL,20.297
BIO-153,Week 8,8,IL-8,pg/mL,16.385
BIO-153,Week 12,12,IL-8,pg/mL,15.869
BIO-153,Baseline,0,VEGF,pg/mL,242.132
BIO-153,Week 2,2,VEGF,pg/mL,176.175
BIO-153,Week 4,4,VEGF,pg/mL,232.927
BIO-153,Week 8,8,VEGF,pg/mL,228.86
BIO-153,Week 12,12,VEGF,pg/mL,282.833
BIO-153,Baseline,0,Ferritin,ng/mL,166.471
BIO-153,Week 2,2,Ferritin,ng/mL,259.457
BIO-153,Week 4,4,Ferritin,ng/mL,221.982
BIO-153,Week 8,8,Ferritin,ng/mL,196.84
BIO-153,Week 12,12,Ferritin,ng/mL,172.373
BIO-153,Baseline,0,D-dimer,mg/L,0.331
BIO-153,Week 2,2,D-dimer,mg/L,0.283
BIO-153,Week 4,4,D-dimer,mg/L,0.34
BIO-153,Week 8,8,D-dimer,mg/L,0.401
BIO-153,Week 12,12,D-dimer,mg/L,0.458
BIO-153,Baseline,0,LDH,U/L,224.888
BIO-153,Week 2,2,LDH,U/L,210.08
BIO-153,Week 4,4,LDH,U/L,202.97
BIO-153,Week 8,8,LDH,U/L,182.257
BIO-153,Week 12,12,LDH,U/L,192.522
BIO-154,Baseline,0,IL-6,pg/mL,7.24
BIO-154,Week 2,2,IL-6,pg/mL,8.083
BIO-154,Week 8,8,IL-6,pg/mL,6.395
BIO-154,Week 12,12,IL-6,pg/mL,6.865
BIO-154,Baseline,0,CRP,mg/L,4.117
BIO-154,Week 2,2,CRP,mg/L,1.362
BIO-154,Week 8,8,CRP,mg/L,2.553
BIO-154,Week 12,12,CRP,mg/L,1.11
BIO-154,Baseline,0,TNF-alpha,pg/mL,11.065
BIO-154,Week 2,2,TNF-alpha,pg/mL,11.275
BIO-154,Week 8,8,TNF-alpha,pg/mL,14.584
BIO-154,Week 12,12,TNF-alpha,pg/mL,7.995
BIO-154,Baseline,0,IL-10,pg/mL,4.664
BIO-154,Week 2,2,IL-10,pg/mL,4.77
BIO-154,Week 8,8,IL-10,pg/mL,5.672
BIO-154,Week 12,12,IL-10,pg/mL,2.25
BIO-154,Baseline,0,IFN-gamma,pg/mL,5.101
BIO-154,Week 2,2,IFN-gamma,pg/mL,4.569
BIO-154,Week 8,8,IFN-gamma,pg/mL,3.088
BIO-154,Week 12,12,IFN-gamma,pg/mL,4.546
BIO-154,Baseline,0,IL-2,pg/mL,6.871
BIO-154,Week 2,2,IL-2,pg/mL,5.967
BIO-154,Week 8,8,IL-2,pg/mL,6.645
BIO-154,Week 12,12,IL-2,pg/mL,5.808
BIO-154,Baseline,0,IL-1beta,pg/mL,2.155
BIO-154,Week 2,2,IL-1beta,pg/mL,3.337
BIO-154,Week 8,8,IL-1beta,pg/mL,3.389
BIO-154,Week 12,12,IL-1beta,pg/mL,2.837
BIO-154,Baseline,0,IL-8,pg/mL,27.052
BIO-154,Week 2,2,IL-8,pg/mL,28.808
BIO-154,Week 8,8,IL-8,pg/mL,
BIO-154,Week 12,12,IL-8,pg/mL,24.496
BIO-154,Baseline,0,VEGF,pg/mL,306.322
BIO-154,Week 2,2,VEGF,pg/mL,296.294
BIO-154,Week 8,8,VEGF,pg/mL,299.298
BIO-154,Week 12,12,VEGF,pg/mL,342.491
BIO-154,Baseline,0,Ferritin,ng/mL,138.695
BIO-154,Week 2,2,Ferritin,ng/mL,135.666
BIO-154,Week 8,8,Ferritin,ng/mL,138.953
BIO-154,Week 12,12,Ferritin,ng/mL,126.726
BIO-154,Baseline,0,D-dimer,mg/L,0.465
BIO-154,Week 2,2,D-dimer,mg/L,0.358
BIO-154,Week 8,8,D-dimer,mg/L,0.496
BIO-154,Week 12,12,D-dimer,mg/L,0.301
BIO-154,Baseline,0,LDH,U/L,162.12
BIO-154,Week 2,2,LDH,U/L,164.646
BIO-154,Week 8,8,LDH,U/L,180.283
BIO-154,Week 12,12,LDH,U/L,169.929
BIO-155,Baseline,0,IL-6,pg/mL,8.629
BIO-155,Week 4,4,IL-6,pg/mL,6.134
BIO-155,Week 8,8,IL-6,pg/mL,6.722
BIO-155,Week 12,12,IL-6,pg/mL,6.527
BIO-155,Baseline,0,CRP,mg/L,3.021
BIO-155,Week 4,4,CRP,mg/L,1.617
BIO-155,Week 8,8,CRP,mg/L,3.946
BIO-155,Week 12,12,CRP,mg/L,2.47
BIO-155,Baseline,0,TNF-alpha,pg/mL,10.623
BIO-155,Week 4,4,TNF-alpha,pg/mL,10.735
BIO-155,Week 8,8,TNF-alpha,pg/mL,10.844
BIO-155,Week 12,12,TNF-alpha,pg/mL,10.627
BIO-155,Baseline,0,IL-10,pg/mL,7.863
BIO-155,Week 4,4,IL-10,pg/mL,5.064
BIO-155,Week 8,8,IL-10,pg/mL,5.742
BIO-155,Week 12,12,IL-10,pg/mL,5.394
BIO-155,Baseline,0,IFN-gamma,pg/mL,5.516
BIO-155,Week 4,4,IFN-gamma,pg/mL,15.481
BIO-155,Week 8,8,IFN-gamma,pg/mL,9.303
BIO-155,Week 12,12,IFN-gamma,pg/mL,8.136
BIO-155,Baseline,0,IL-2,pg/mL,4.425
BIO-155,Week 4,4,IL-2,pg/mL,3.179
BIO-155,Week 8,8,IL-2,pg/mL,3.059
BIO-155,Week 12,12,IL-2,pg/mL,2.196
BIO-155,Baseline,0,IL-1beta,pg/mL,1.713
BIO-155,Week 4,4,IL-1beta,pg/mL,2.449
BIO-155,Week 8,8,IL-1beta,pg/mL,2.231
BIO-155,Week 12,12,IL-1beta,pg/mL,2.047
BIO-155,Baseline,0,IL-8,pg/mL,20.734
BIO-155,Week 4,4,IL-8,pg/mL,12.074
BIO-155,Week 8,8,IL-8,pg/mL,14.267
BIO-155,Week 12,12,IL-8,pg/mL,29.855
BIO-155,Baseline,0,VEGF,pg/mL,338.095
BIO-155,Week 4,4,VEGF,pg/mL,270.471
BIO-155,Week 8,8,VEGF,pg/mL,
BIO-155,Week 12,12,VEGF,pg/mL,279.016
BIO-155,Baseline,0,Ferritin,ng/mL,169.245
BIO-155,Week 4,4,Ferritin,ng/mL,147.201
BIO-155,Week 8,8,Ferritin,ng/mL,265.501
BIO-155,Week 12,12,Ferritin,ng/mL,152.798
BIO-155,Baseline,0,D-dimer,mg/L,0.771
BIO-155,Week 4,4,D-dimer,mg/L,0.433
BIO-155,Week 8,8,D-dimer,mg/L,1.258
BIO-155,Week 12,12,D-dimer,mg/L,0.731
BIO-155,Baseline,0,LDH,U/L,165.549
BIO-155,Week 4,4,LDH,U/L,208.521
BIO-155,Week 8,8,LDH,U/L,169.07
BIO-155,Week 12,12,LDH,U/L,151.259
BIO-156,Baseline,0,IL-6,pg/mL,5.95
BIO-156,Week 2,2,IL-6,pg/mL,6.318
BIO-156,Week 4,4,IL-6,pg/mL,6.466
BIO-156,Week 8,8,IL-6,pg/mL,7.631
BIO-156,Week 12,12,IL-6,pg/mL,6.004
BIO-156,Baseline,0,CRP,mg/L,6.513
BIO-156,Week 2,2,CRP,mg/L,3.804
BIO-156,Week 4,4,CRP,mg/L,2.36
BIO-156,Week 8,8,CRP,mg/L,4.275
BIO-156,Week 12,12,CRP,mg/L,3.303
BIO-156,Baseline,0,TNF-alpha,pg/mL,11.255
BIO-156,Week 2,2,TNF-alpha,pg/mL,6.196
BIO-156,Week 4,4,TNF-alpha,pg/mL,9.189
BIO-156,Week 8,8,TNF-alpha,pg/mL,9.262
BIO-156,Week 12,12,TNF-alpha,pg/mL,9.759
BIO-156,Baseline,0,IL-10,pg/mL,5.015
BIO-156,Week 2,2,IL-10,pg/mL,3.618
BIO-156,Week 4,4,IL-10,pg/mL,4.159
BIO-156,Week 8,8,IL-10,pg/mL,5.183
BIO-156,Week 12,12,IL-10,pg/mL,5.597
BIO-156,Baseline,0,IFN-gamma,pg/mL,4.418
BIO-156,Week 2,2,IFN-gamma,pg/mL,4.948
BIO-156,Week 4,4,IFN-gamma,pg/mL,2.848
BIO-156,Week 8,8,IFN-gamma,pg/mL,3.737
BIO-156,Week 12,12,IFN-gamma,pg/mL,2.557
BIO-156,Baseline,0,IL-2,pg/mL,6.79
BIO-156,Week 2,2,IL-2,pg/mL,5.39
BIO-156,Week 4,4,IL-2,pg/mL,4.478
BIO-156,Week 8,8,IL-2,pg/mL,5.104
BIO-156,Week 12,12,IL-2,pg/mL,
BIO-156,Baseline,0,IL-1beta,pg/mL,2.772
BIO-156,Week 2,2,IL-1beta,pg/mL,2.767
BIO-156,Week 4,4,IL-1beta,pg/mL,2.396
BIO-156,Week 8,8,IL-1beta,pg/mL,1.627
BIO-156,Week 12,12,IL-1beta,pg/mL,2.573
BIO-156,Baseline,0,IL-8,pg/mL,15.745
BIO-156,Week 2,2,IL-8,pg/mL,9.797
BIO-156,Week 4,4,IL-8,pg/mL,11.752
BIO-156,Week 8,8,IL-8,pg/mL,15.5
BIO-156,Week 12,12,IL-8,pg/mL,14.317
BIO-156,Baseline,0,VEGF,pg/mL,249.143
BIO-156,Week 2,2,VEGF,pg/mL,238.924
BIO-156,Week 4,4,VEGF,pg/mL,247.758
BIO-156,Week 8,8,VEGF,pg/mL,297.854
BIO-156,Week 12,12,VEGF,pg/mL,269.362
BIO-156,Baseline,0,Ferritin,ng/mL,157.126
BIO-156,Week 2,2,Ferritin,ng/mL,105.613
BIO-156,Week 4,4,Ferritin,ng/mL,96.332
BIO-156,Week 8,8,Ferritin,ng/mL,117.65
BIO-156,Week 12,12,Ferritin,ng/mL,252.824
BIO-156,Baseline,0,D-dimer,mg/L,0.245
BIO-156,Week 2,2,D-dimer,mg/L,0.321
BIO-156,Week 4,4,D-dimer,mg/L,0.49
BIO-156,Week 8,8,D-dimer,mg/L,0.335
BIO-156,Week 12,12,D-dimer,mg/L,
BIO-156,Baseline,0,LDH,U/L,174.603
BIO-156,Week 2,2,LDH,U/L,168.694
BIO-156,Week 4,4,LDH,U/L,130.482
BIO-156,Week 8,8,LDH,U/L,155.014
BIO-156,Week 12,12,LDH,U/L,163.464
BIO-157,Baseline,0,IL-6,pg/mL,7.893
BIO-157,Week 2,2,IL-6,pg/mL,4.074
BIO-157,Week 4,4,IL-6,pg/mL,6.918
BIO-157,Week 8,8,IL-6,pg/mL,6.007
BIO-157,Week 12,12,IL-6,pg/mL,5.981
BIO-157,Baseline,0,CRP,mg/L,0.926
BIO-157,Week 2,2,CRP,mg/L,1.594
BIO-157,Week 4,4,CRP,mg/L,1.494
BIO-157,Week 8,8,CRP,mg/L,1.594
BIO-157,Week 12,12,CRP,mg/L,2.083
BIO-157,Baseline,0,TNF-alpha,pg/mL,10.244
BIO-157,Week 2,2,TNF-alpha,pg/mL,11.598
BIO-157,Week 4,4,TNF-alpha,pg/mL,12.115
BIO-157,Week 8,8,TNF-alpha,pg/mL,13.478
BIO-157,Week 12,12,TNF-alpha,pg/mL,15.522
BIO-157,Baseline,0,IL-10,pg/mL,6.948
BIO-157,Week 2,2,IL-10,pg/mL,6.222
BIO-157,Week 4,4,IL-10,pg/mL,7.983
BIO-157,Week 8,8,IL-10,pg/mL,8.665
BIO-157,Week 12,12,IL-10,pg/mL,8.882
BIO-157,Baseline,0,IFN-gamma,pg/mL,1.857
BIO-157,Week 2,2,IFN-gamma,pg/mL,1.492
BIO-157,Week 4,4,IFN-gamma,pg/mL,2.246
BIO-157,Week 8,8,IFN-gamma,pg/mL,3.697
BIO-157,Week 12,12,IFN-gamma,pg/mL,2.952
BIO-157,Baseline,0,IL-2,pg/mL,5.424
BIO-157,Week 2,2,IL-2,pg/mL,6.34
BIO-157,Week 4,4,IL-2,pg/mL,6.029
BIO-157,Week 8,8,IL-2,pg/mL,4.852
BIO-157,Week 12,12,IL-2,pg/mL,5.562
BIO-157,Baseline,0,IL-1beta,pg/mL,2.436
BIO-157,Week 2,2,IL-1beta,pg/mL,2.63
BIO-157,Week 4,4,IL-1beta,pg/mL,2.615
BIO-157,Week 8,8,IL-1beta,pg/mL,2.096
BIO-157,Week 12,12,IL-1beta,pg/mL,2.833
BIO-157,Baseline,0,IL-8,pg/mL,35.755
BIO-157,Week 2,2,IL-8,pg/mL,26.903
BIO-157,Week 4,4,IL-8,pg/mL,18.764
BIO-157,Week 8,8,IL-8,pg/mL,24.367
BIO-157,Week 12,12,IL-8,pg/mL,32.965
BIO-157,Baseline,0,VEGF,pg/mL,361.48
BIO-157,Week 2,2,VEGF,pg/mL,332.725
BIO-157,Week 4,4,VEGF,pg/mL,312.708
BIO-157,Week 8,8,VEGF,pg/mL,288.412
BIO-157,Week 12,12,VEGF,pg/mL,285.597
BIO-157,Baseline,0,Ferritin,ng/mL,97.22
BIO-157,Week 2,2,Ferritin,ng/mL,105.018
BIO-157,Week 4,4,Ferritin,ng/mL,76.104
BIO-157,Week 8,8,Ferritin,ng/mL,66.92
BIO-157,Week 12,12,Ferritin,ng/mL,120.871
BIO-157,Baseline,0,D-dimer,mg/L,0.171
BIO-157,Week 2,2,D-dimer,mg/L,0.178
BIO-157,Week 4,4,D-dimer,mg/L,0.105
BIO-157,Week 8,8,D-dimer,mg/L,0.2
BIO-157,Week 12,12,D-dimer,mg/L,0.205
BIO-157,Baseline,0,LDH,U/L,210.062
BIO-157,Week 2,2,LDH,U/L,192.754
BIO-157,Week 4,4,LDH,U/L,220.686
BIO-157,Week 8,8,LDH,U/L,191.097
BIO-157,Week 12,12,LDH,U/L,174.769
BIO-158,Baseline,0,IL-6,pg/mL,7.21
BIO-158,Week 2,2,IL-6,pg/mL,7.524
BIO-158,Week 4,4,IL-6,pg/mL,5.567
BIO-158,Week 8,8,IL-6,pg/mL,7.346
BIO-158,Week 12,12,IL-6,pg/mL,5.219
BIO-158,Baseline,0,CRP,mg/L,7.364
BIO-158,Week 2,2,CRP,mg/L,3.845
BIO-158,Week 4,4,CRP,mg/L,2.155
BIO-158,Week 8,8,CRP,mg/L,4.287
BIO-158,Week 12,12,CRP,mg/L,5.434
BIO-158,Baseline,0,TNF-alpha,pg/mL,9.787
BIO-158,Week 2,2,TNF-alpha,pg/mL,10.488
BIO-158,Week 4,4,TNF-alpha,pg/mL,13.579
BIO-158,Week 8,8,TNF-alpha,pg/mL,7.528
BIO-158,Week 12,12,TNF-alpha,pg/mL,8.94
BIO-158,Baseline,0,IL-10,pg/mL,4.811
BIO-158,Week 2,2,IL-10,pg/mL,6.035
BIO-158,Week 4,4,IL-10,pg/mL,5.04
BIO-158,Week 8,8,IL-10,pg/mL,6.02
BIO-158,Week 12,12,IL-10,pg/mL,4.321
BIO-158,Baseline,0,IFN-gamma,pg/mL,3.788
BIO-158,Week 2,2,IFN-gamma,pg/mL,3.548
BIO-158,Week 4,4,IFN-gamma,pg/mL,3.794
BIO-158,Week 8,8,IFN-gamma,pg/mL,3.466
BIO-158,Week 12,12,IFN-gamma,pg/mL,1.808
BIO-158,Baseline,0,IL-2,pg/mL,5.83
BIO-158,Week 2,2,IL-2,pg/mL,6.837
BIO-158,Week 4,4,IL-2,pg/mL,
BIO-158,Week 8,8,IL-2,pg/mL,6.091
BIO-158,Week 12,12,IL-2,pg/mL,5.917
BIO-158,Baseline,0,IL-1beta,pg/mL,2.441
BIO-158,Week 2,2,IL-1beta,pg/mL,3.114
BIO-158,Week 4,4,IL-1beta,pg/mL,3.005
BIO-158,Week 8,8,IL-1beta,pg/mL,2.488
BIO-158,Week 12,12,IL-1beta,pg/mL,2.682
BIO-158,Baseline,0,IL-8,pg/mL,23.847
BIO-158,Week 2,2,IL-8,pg/mL,20.895
BIO-158,Week 4,4,IL-8,pg/mL,25.814
BIO-158,Week 8,8,IL-8,pg/mL,22.604
BIO-158,Week 12,12,IL-8,pg/mL,
BIO-158,Baseline,0,VEGF,pg/mL,207.76
BIO-158,Week 2,2,VEGF,pg/mL,288.157
BIO-158,Week 4,4,VEGF,pg/mL,221.177
BIO-158,Week 8,8,VEGF,pg/mL,184.371
BIO-158,Week 12,12,VEGF,pg/mL,269.867
BIO-158,Baseline,0,Ferritin,ng/mL,84.286
BIO-158,Week 2,2,Ferritin,ng/mL,153.078
BIO-158,Week 4,4,Ferritin,ng/mL,188.654
BIO-158,Week 8,8,Ferritin,ng/mL,163.287
BIO-158,Week 12,12,Ferritin,ng/mL,119.95
BIO-158,Baseline,0,D-dimer,mg/L,0.206
BIO-158,Week 2,2,D-dimer,mg/L,0.412
BIO-158,Week 4,4,D-dimer,mg/L,0.313
BIO-158,Week 8,8,D-dimer,mg/L,0.306
BIO-158,Week 12,12,D-dimer,mg/L,0.362
BIO-158,Baseline,0,LDH,U/L,189.171
BIO-158,Week 2,2,LDH,U/L,186.23
BIO-158,Week 4,4,LDH,U/L,196.928
BIO-158,Week 8,8,LDH,U/L,225.21
BIO-158,Week 12,12,LDH,U/L,170.218
BIO-159,Baseline,0,IL-6,pg/mL,8.68
BIO-159,Week 2,2,IL-6,pg/mL,7.207
BIO-159,Week 4,4,IL-6,pg/mL,7.895
BIO-159,Week 8,8,IL-6,pg/mL,9.996
BIO-159,Week 12,12,IL-6,pg/mL,9.447
BIO-159,Baseline,0,CRP,mg/L,1.64
BIO-159,Week 2,2,CRP,mg/L,1.231
BIO-159,Week 4,4,CRP,mg/L,4.103
BIO-159,Week 8,8,CRP,mg/L,1.876
BIO-159,Week 12,12,CRP,mg/L,5.408
BIO-159,Baseline,0,TNF-alpha,pg/mL,12.627
BIO-159,Week 2,2,TNF-alpha,pg/mL,11.9
BIO-159,Week 4,4,TNF-alpha,pg/mL,10.408
BIO-159,Week 8,8,TNF-alpha,pg/mL,12.256
BIO-159,Week 12,12,TNF-alpha,pg/mL,11.71
BIO-159,Baseline,0,IL-10,pg/mL,6.261
BIO-159,Week 2,2,IL-10,pg/mL,4.962
BIO-159,Week 4,4,IL-10,pg/mL,3.637
BIO-159,Week 8,8,IL-10,pg/mL,4.788
BIO-159,Week 12,12,IL-10,pg/mL,6.181
BIO-159,Baseline,0,IFN-gamma,pg/mL,4.315
BIO-159,Week 2,2,IFN-gamma,pg/mL,7.16
BIO-159,Week 4,4,IFN-gamma,pg/mL,4.248
BIO-159,Week 8,8,IFN-gamma,pg/mL,3.795
BIO-159,Week 12,12,IFN-gamma,pg/mL,3.703
BIO-159,Baseline,0,IL-2,pg/mL,4.119
BIO-159,Week 2,2,IL-2,pg/mL,2.816
BIO-159,Week 4,4,IL-2,pg/mL,5.547
BIO-159,Week 8,8,IL-2,pg/mL,4.134
BIO-159,Week 12,12,IL-2,pg/mL,4.489
BIO-159,Baseline,0,IL-1beta,pg/mL,2.124
BIO-159,Week 2,2,IL-1beta,pg/mL,2.122
BIO-159,Week 4,4,IL-1beta,pg/mL,2.568
BIO-159,Week 8,8,IL-1beta,pg/mL,2.278
BIO-159,Week 12,12,IL-1beta,pg/mL,2.522
BIO-159,Baseline,0,IL-8,pg/mL,38.142
BIO-159,Week 2,2,IL-8,pg/mL,22.243
BIO-159,Week 4,4,IL-8,pg/mL,24.073
BIO-159,Week 8,8,IL-8,pg/mL,30.935
BIO-159,Week 12,12,IL-8,pg/mL,24.782
BIO-159,Baseline,0,VEGF,pg/mL,306.752
BIO-159,Week 2,2,VEGF,pg/mL,293.87
BIO-159,Week 4,4,VEGF,pg/mL,326.419
BIO-159,Week 8,8,VEGF,pg/mL,298.135
BIO-159,Week 12,12,VEGF,pg/mL,301.496
BIO-159,Baseline,0,Ferritin,ng/mL,123.515
BIO-159,Week 2,2,Ferritin,ng/mL,82.214
BIO-159,Week 4,4,Ferritin,ng/mL,106.363
BIO-159,Week 8,8,Ferritin,ng/mL,78.902
BIO-159,Week 12,12,Ferritin,ng/mL,85.593
BIO-159,Baseline,0,D-dimer,mg/L,0.546
BIO-159,Week 2,2,D-dimer,mg/L,0.842
BIO-159,Week 4,4,D-dimer,mg/L,0.529
BIO-159,Week 8,8,D-dimer,mg/L,0.356
BIO-159,Week 12,12,D-dimer,mg/L,0.429
BIO-159,Baseline,0,LDH,U/L,180.578
BIO-159,Week 2,2,LDH,U/L,174.04
BIO-159,Week 4,4,LDH,U/L,148.615
BIO-159,Week 8,8,LDH,U/L,158.381
BIO-159,Week 12,12,LDH,U/L,168.228
BIO-160,Baseline,0,IL-6,pg/mL,8.26
BIO-160,Week 2,2,IL-6,pg/mL,5.961
BIO-160,Week 8,8,IL-6,pg/mL,7.871
BIO-160,Week 12,12,IL-6,pg/mL,7.264
BIO-160,Baseline,0,CRP,mg/L,2.341
BIO-160,Week 2,2,CRP,mg/L,2.385
BIO-160,Week 8,8,CRP,mg/L,2.667
BIO-160,Week 12,12,CRP,mg/L,2.108
BIO-160,Baseline,0,TNF-alpha,pg/mL,5.162
BIO-160,Week 2,2,TNF-alpha,pg/mL,6.226
BIO-160,Week 8,8,TNF-alpha,pg/mL,7.221
BIO-160,Week 12,12,TNF-alpha,pg/mL,6.352
BIO-160,Baseline,0,IL-10,pg/mL,4.696
BIO-160,Week 2,2,IL-10,pg/mL,5.474
BIO-160,Week 8,8,IL-10,pg/mL,5.798
BIO-160,Week 12,12,IL-10,pg/mL,4.514
BIO-160,Baseline,0,IFN-gamma,pg/mL,4.034
BIO-160,Week 2,2,IFN-gamma,pg/mL,3.997
BIO-160,Week 8,8,IFN-gamma,pg/mL,1.917
BIO-160,Week 12,12,IFN-gamma,pg/mL,3.544
BIO-160,Baseline,0,IL-2,pg/mL,3.965
BIO-160,Week 2,2,IL-2,pg/mL,4.562
BIO-160,Week 8,8,IL-2,pg/mL,4.194
BIO-160,Week 12,12,IL-2,pg/mL,4.691
BIO-160,Baseline,0,IL-1beta,pg/mL,2.964
BIO-160,Week 2,2,IL-1beta,pg/mL,2.889
BIO-160,Week 8,8,IL-1beta,pg/mL,2.025
BIO-160,Week 12,12,IL-1beta,pg/mL,3.074
BIO-160,Baseline,0,IL-8,pg/mL,7.415
BIO-160,Week 2,2,IL-8,pg/mL,8.86
BIO-160,Week 8,8,IL-8,pg/mL,8.95
BIO-160,Week 12,12,IL-8,pg/mL,12.625
BIO-160,Baseline,0,VEGF,pg/mL,236.254
BIO-160,Week 2,2,VEGF,pg/mL,250.267
BIO-160,Week 8,8,VEGF,pg/mL,124.121
BIO-160,Week 12,12,VEGF,pg/mL,239.089
BIO-160,Baseline,0,Ferritin,ng/mL,39.72
BIO-160,Week 2,2,Ferritin,ng/mL,65.967
BIO-160,Week 8,8,Ferritin,ng/mL,43.585
BIO-160,Week 12,12,Ferritin,ng/mL,62.426
BIO-160,Baseline,0,D-dimer,mg/L,0.433
BIO-160,Week 2,2,D-dimer,mg/L,0.525
BIO-160,Week 8,8,D-dimer,mg/L,0.645
BIO-160,Week 12,12,D-dimer,mg/L,0.904
BIO-160,Baseline,0,LDH,U/L,139.489
BIO-160,Week 2,2,LDH,U/L,177.411
BIO-160,Week 8,8,LDH,U/L,197.027
BIO-160,Week 12,12,LDH,U/L,207.056
BIO-161,Baseline,0,IL-6,pg/mL,7.284
BIO-161,Week 2,2,IL-6,pg/mL,7.248
BIO-161,Week 4,4,IL-6,pg/mL,6.276
BIO-161,Week 8,8,IL-6,pg/mL,8.688
BIO-161,Week 12,12,IL-6,pg/mL,7.066
BIO-161,Baseline,0,CRP,mg/L,3.468
BIO-161,Week 2,2,CRP,mg/L,2.761
BIO-161,Week 4,4,CRP,mg/L,3.27
BIO-161,Week 8,8,CRP,mg/L,3.389
BIO-161,Week 12,12,CRP,mg/L,3.687
BIO-161,Baseline,0,TNF-alpha,pg/mL,9.556
BIO-161,Week 2,2,TNF-alpha,pg/mL,9.604
BIO-161,Week 4,4,TNF-alpha,pg/mL,8.272
BIO-161,Week 8,8,TNF-alpha,pg/mL,11.916
BIO-161,Week 12,12,TNF-alpha,pg/mL,
BIO-161,Baseline,0,IL-10,pg/mL,7.109
BIO-161,Week 2,2,IL-10,pg/mL,6.338
BIO-161,Week 4,4,IL-10,pg/mL,4.359
BIO-161,Week 8,8,IL-10,pg/mL,
BIO-161,Week 12,12,IL-10,pg/mL,7.169
BIO-161,Baseline,0,IFN-gamma,pg/mL,1.64
BIO-161,Week 2,2,IFN-gamma,pg/mL,1.891
BIO-161,Week 4,4,IFN-gamma,pg/mL,3.145
BIO-161,Week 8,8,IFN-gamma,pg/mL,1.749
BIO-161,Week 12,12,IFN-gamma,pg/mL,2.035
BIO-161,Baseline,0,IL-2,pg/mL,5.848
BIO-161,Week 2,2,IL-2,pg/mL,4.282
BIO-161,Week 4,4,IL-2,pg/mL,4.878
BIO-161,Week 8,8,IL-2,pg/mL,5.44
BIO-161,Week 12,12,IL-2,pg/mL,5.068
BIO-161,Baseline,0,IL-1beta,pg/mL,2.144
BIO-161,Week 2,2,IL-1beta,pg/mL,2.289
BIO-161,Week 4,4,IL-1beta,pg/mL,2.425
BIO-161,Week 8,8,IL-1beta,pg/mL,2.428
BIO-161,Week 12,12,IL-1beta,pg/mL,2.959
BIO-161,Baseline,0,IL-8,pg/mL,9.455
BIO-161,Week 2,2,IL-8,pg/mL,9.642
BIO-161,Week 4,4,IL-8,pg/mL,10.704
BIO-161,Week 8,8,IL-8,pg/mL,10.059
BIO-161,Week 12,12,IL-8,pg/mL,14.143
BIO-161,Baseline,0,VEGF,pg/mL,271.72
BIO-161,Week 2,2,VEGF,pg/mL,254.792
BIO-161,Week 4,4,VEGF,pg/mL,281.57
BIO-161,Week 8,8,VEGF,pg/mL,294.525
BIO-161,Week 12,12,VEGF,pg/mL,313.646
BIO-161,Baseline,0,Ferritin,ng/mL,84.925
BIO-161,Week 2,2,Ferritin,ng/mL,81.483
BIO-161,Week 4,4,Ferritin,ng/mL,71.187
BIO-161,Week 8,8,Ferritin,ng/mL,77.202
BIO-161,Week 12,12,Ferritin,ng/mL,101.303
BIO-161,Baseline,0,D-dimer,mg/L,0.229
BIO-161,Week 2,2,D-dimer,mg/L,0.323
BIO-161,Week 4,4,D-dimer,mg/L,0.316
BIO-161,Week 8,8,D-dimer,mg/L,0.506
BIO-161,Week 12,12,D-dimer,mg/L,0.537
BIO-161,Baseline,0,LDH,U/L,194.86
BIO-161,Week 2,2,LDH,U/L,204.553
BIO-161,Week 4,4,LDH,U/L,170.347
BIO-161,Week 8,8,LDH,U/L,175.107
BIO-161,Week 12,12,LDH,U/L,187.306
BIO-162,Baseline,0,IL-6,pg/mL,5.823
BIO-162,Week 2,2,IL-6,pg/mL,6.394
BIO-162,Week 4,4,IL-6,pg/mL,6.261
BIO-162,Week 8,8,IL-6,pg/mL,6.429
BIO-162,Week 12,12,IL-6,pg/mL,7.128
BIO-162,Baseline,0,CRP,mg/L,5.476
BIO-162,Week 2,2,CRP,mg/L,2.947
BIO-162,Week 4,4,CRP,mg/L,2.76
BIO-162,Week 8,8,CRP,mg/L,2.011
BIO-162,Week 12,12,CRP,mg/L,3.66
BIO-162,Baseline,0,TNF-alpha,pg/mL,12.82
BIO-162,Week 2,2,TNF-alpha,pg/mL,11.12
BIO-162,Week 4,4,TNF-alpha,pg/mL,10.969
BIO-162,Week 8,8,TNF-alpha,pg/mL,14.296
BIO-162,Week 12,12,TNF-alpha,pg/mL,12.513
BIO-162,Baseline,0,IL-10,pg/mL,8.151
BIO-162,Week 2,2,IL-10,pg/mL,6.807
BIO-162,Week 4,4,IL-10,pg/mL,8.036
BIO-162,Week 8,8,IL-10,pg/mL,7.181
BIO-162,Week 12,12,IL-10,pg/mL,7.639
BIO-162,Baseline,0,IFN-gamma,pg/mL,4.125
BIO-162,Week 2,2,IFN-gamma,pg/mL,4.542
BIO-162,Week 4,4,IFN-gamma,pg/mL,4.465
BIO-162,Week 8,8,IFN-gamma,pg/mL,7.163
BIO-162,Week 12,12,IFN-gamma,pg/mL,5.184
BIO-162,Baseline,0,IL-2,pg/mL,4.531
BIO-162,Week 2,2,IL-2,pg/mL,5.523
BIO-162,Week 4,4,IL-2,pg/mL,4.668
BIO-162,Week 8,8,IL-2,pg/mL,3.627
BIO-162,Week 12,12,IL-2,pg/mL,4.361
BIO-162,Baseline,0,IL-1beta,pg/mL,3.046
BIO-162,Week 2,2,IL-1beta,pg/mL,2.685
BIO-162,Week 4,4,IL-1beta,pg/mL,2.673
BIO-162,Week 8,8,IL-1beta,pg/mL,2.658
BIO-162,Week 12,12,IL-1beta,pg/mL,2.643
BIO-162,Baseline,0,IL-8,pg/mL,14.962
BIO-162,Week 2,2,IL-8,pg/mL,9.147
BIO-162,Week 4,4,IL-8,pg/mL,12.431
BIO-162,Week 8,8,IL-8,pg/mL,7.622
BIO-162,Week 12,12,IL-8,pg/mL,26.39
BIO-162,Baseline,0,VEGF,pg/mL,289.775
BIO-162,Week 2,2,VEGF,pg/mL,287.611
BIO-162,Week 4,4,VEGF,pg/mL,322.35
BIO-162,Week 8,8,VEGF,pg/mL,299.785
BIO-162,Week 12,12,VEGF,pg/mL,252.971
BIO-162,Baseline,0,Ferritin,ng/mL,113.884
BIO-162,Week 2,2,Ferritin,ng/mL,144.231
BIO-162,Week 4,4,Ferritin,ng/mL,117.839
BIO-162,Week 8,8,Ferritin,ng/mL,162.178
BIO-162,Week 12,12,Ferritin,ng/mL,145.615
BIO-162,Baseline,0,D-dimer,mg/L,0.597
BIO-162,Week 2,2,D-dimer,mg/L,0.459
BIO-162,Week 4,4,D-dimer,mg/L,0.431
BIO-162,Week 8,8,D-dimer,mg/L,0.49
BIO-162,Week 12,12,D-dimer,mg/L,0.452
BIO-162,Baseline,0,LDH,U/L,199.012
BIO-162,Week 2,2,LDH,U/L,211.232
BIO-162,Week 4,4,LDH,U/L,190.078
BIO-162,Week 8,8,LDH,U/L,198.288
BIO-162,Week 12,12,LDH,U/L,196.99
BIO-163,Baseline,0,IL-6,pg/mL,6.913
BIO-163,Week 2,2,IL-6,pg/mL,6.26
BIO-163,Week 4,4,IL-6,pg/mL,8.804
BIO-163,Week 8,8,IL-6,pg/mL,7.72
BIO-163,Week 12,12,IL-6,pg/mL,7.305
BIO-163,Baseline,0,CRP,mg/L,1.458
BIO-163,Week 2,2,CRP,mg/L,3.431
BIO-163,Week 4,4,CRP,mg/L,1.526
BIO-163,Week 8,8,CRP,mg/L,2.758
BIO-163,Week 12,12,CRP,mg/L,1.767
BIO-163,Baseline,0,TNF-alpha,pg/mL,10.141
BIO-163,Week 2,2,TNF-alpha,pg/mL,7.257
BIO-163,Week 4,4,TNF-alpha,pg/mL,8.218
BIO-163,Week 8,8,TNF-alpha,pg/mL,8.1
BIO-163,Week 12,12,TNF-alpha,pg/mL,10.832
BIO-163,Baseline,0,IL-10,pg/mL,2.913
BIO-163,Week 2,2,IL-10,pg/mL,4.173
BIO-163,Week 4,4,IL-10,pg/mL,4.243
BIO-163,Week 8,8,IL-10,pg/mL,4.832
BIO-163,Week 12,12,IL-10,pg/mL,5.363
BIO-163,Baseline,0,IFN-gamma,pg/mL,2.166
BIO-163,Week 2,2,IFN-gamma,pg/mL,3.565
BIO-163,Week 4,4,IFN-gamma,pg/mL,4.105
BIO-163,Week 8,8,IFN-gamma,pg/mL,2.824
BIO-163,Week 12,12,IFN-gamma,pg/mL,2.799
BIO-163,Baseline,0,IL-2,pg/mL,4.826
BIO-163,Week 2,2,IL-2,pg/mL,4.41
BIO-163,Week 4,4,IL-2,pg/mL,3.875
BIO-163,Week 8,8,IL-2,pg/mL,
BIO-163,Week 12,12,IL-2,pg/mL,4.453
BIO-163,Baseline,0,IL-1beta,pg/mL,2.436
BIO-163,Week 2,2,IL-1beta,pg/mL,2.731
BIO-163,Week 4,4,IL-1beta,pg/mL,3.034
BIO-163,Week 8,8,IL-1beta,pg/mL,
BIO-163,Week 12,12,IL-1beta,pg/mL,2.928
BIO-163,Baseline,0,IL-8,pg/mL,23.058
BIO-163,Week 2,2,IL-8,pg/mL,22.28
BIO-163,Week 4,4,IL-8,pg/mL,18.051
BIO-163,Week 8,8,IL-8,pg/mL,23.501
BIO-163,Week 12,12,IL-8,pg/mL,29.897
BIO-163,Baseline,0,VEGF,pg/mL,216.044
BIO-163,Week 2,2,VEGF,pg/mL,221.322
BIO-163,Week 4,4,VEGF,pg/mL,207.935
BIO-163,Week 8,8,VEGF,pg/mL,279.326
BIO-163,Week 12,12,VEGF,pg/mL,267.295
BIO-163,Baseline,0,Ferritin,ng/mL,69.046
BIO-163,Week 2,2,Ferritin,ng/mL,228.533
BIO-163,Week 4,4,Ferritin,ng/mL,129.297
BIO-163,Week 8,8,Ferritin,ng/mL,238.588
BIO-163,Week 12,12,Ferritin,ng/mL,172.081
BIO-163,Baseline,0,D-dimer,mg/L,0.577
BIO-163,Week 2,2,D-dimer,mg/L,0.645
BIO-163,Week 4,4,D-dimer,mg/L,0.406
BIO-163,Week 8,8,D-dimer,mg/L,0.599
BIO-163,Week 12,12,D-dimer,mg/L,0.589
BIO-163,Baseline,0,LDH,U/L,165.796
BIO-163,Week 2,2,LDH,U/L,154.324
BIO-163,Week 4,4,LDH,U/L,133.623
BIO-163,Week 8,8,LDH,U/L,150.016
BIO-163,Week 12,12,LDH,U/L,181.256
BIO-164,Baseline,0,IL-6,pg/mL,6.543
BIO-164,Week 2,2,IL-6,pg/mL,5.544
BIO-164,Week 4,4,IL-6,pg/mL,6.746
BIO-164,Week 8,8,IL-6,pg/mL,5.521
BIO-164,Week 12,12,IL-6,pg/mL,5.021
BIO-164,Baseline,0,CRP,mg/L,2.43
BIO-164,Week 2,2,CRP,mg/L,3.817
BIO-164,Week 4,4,CRP,mg/L,5
BIO-164,Week 8,8,CRP,mg/L,4.857
BIO-164,Week 12,12,CRP,mg/L,3.569
BIO-164,Baseline,0,TNF-alpha,pg/mL,12.235
BIO-164,Week 2,2,TNF-alpha,pg/mL,18.986
BIO-164,Week 4,4,TNF-alpha,pg/mL,11.25
BIO-164,Week 8,8,TNF-alpha,pg/mL,16.175
BIO-164,Week 12,12,TNF-alpha,pg/mL,15.02
BIO-164,Baseline,0,IL-10,pg/mL,6.931
BIO-164,Week 2,2,IL-10,pg/mL,6.794
BIO-164,Week 4,4,IL-10,pg/mL,6.176
BIO-164,Week 8,8,IL-10,pg/mL,8.456
BIO-164,Week 12,12,IL-10,pg/mL,6.476
BIO-164,Baseline,0,IFN-gamma,pg/mL,2.15
BIO-164,Week 2,2,IFN-gamma,pg/mL,3.852
BIO-164,Week 4,4,IFN-gamma,pg/mL,5.648
BIO-164,Week 8,8,IFN-gamma,pg/mL,2.371
BIO-164,Week 12,12,IFN-gamma,pg/mL,2.437
BIO-164,Baseline,0,IL-2,pg/mL,6.395
BIO-164,Week 2,2,IL-2,pg/mL,6.216
BIO-164,Week 4,4,IL-2,pg/mL,6.704
BIO-164,Week 8,8,IL-2,pg/mL,5.853
BIO-164,Week 12,12,IL-2,pg/mL,6.506
BIO-164,Baseline,0,IL-1beta,pg/mL,2.66
BIO-164,Week 2,2,IL-1beta,pg/mL,2.021
BIO-164,Week 4,4,IL-1beta,pg/mL,
BIO-164,Week 8,8,IL-1beta,pg/mL,2.172
BIO-164,Week 12,12,IL-1beta,pg/mL,2.545
BIO-164,Baseline,0,IL-8,pg/mL,38.387
BIO-164,Week 2,2,IL-8,pg/mL,30.133
BIO-164,Week 4,4,IL-8,pg/mL,28.326
BIO-164,Week 8,8,IL-8,pg/mL,42.652
BIO-164,Week 12,12,IL-8,pg/mL,34.551
BIO-164,Baseline,0,VEGF,pg/mL,262.041
BIO-164,Week 2,2,VEGF,pg/mL,259.31
BIO-164,Week 4,4,VEGF,pg/mL,253.35
BIO-164,Week 8,8,VEGF,pg/mL,222.378
BIO-164,Week 12,12,VEGF,pg/mL,267.933
BIO-164,Baseline,0,Ferritin,ng/mL,58.21
BIO-164,Week 2,2,Ferritin,ng/mL,70.856
BIO-164,Week 4,4,Ferritin,ng/mL,46.668
BIO-164,Week 8,8,Ferritin,ng/mL,79.656
BIO-164,Week 12,12,Ferritin,ng/mL,93.508
BIO-164,Baseline,0,D-dimer,mg/L,0.665
BIO-164,Week 2,2,D-dimer,mg/L,0.866
BIO-164,Week 4,4,D-dimer,mg/L,
BIO-164,Week 8,8,D-dimer,mg/L,0.306
BIO-164,Week 12,12,D-dimer,mg/L,0.509
BIO-164,Baseline,0,LDH,U/L,212.293
BIO-164,Week 2,2,LDH,U/L,245.107
BIO-164,Week 4,4,LDH,U/L,196.777
BIO-164,Week 8,8,LDH,U/L,232.6
BIO-164,Week 12,12,LDH,U/L,189.049
BIO-165,Baseline,0,IL-6,pg/mL,9.063
BIO-165,Week 2,2,IL-6,pg/mL,7.513
BIO-165,Week 4,4,IL-6,pg/mL,6.333
BIO-165,Week 8,8,IL-6,pg/mL,6.3
BIO-165,Week 12,12,IL-6,pg/mL,8.329
BIO-165,Baseline,0,CRP,mg/L,3.466
BIO-165,Week 2,2,CRP,mg/L,5.082
BIO-165,Week 4,4,CRP,mg/L,5.037
BIO-165,Week 8,8,CRP,mg/L,4.118
BIO-165,Week 12,12,CRP,mg/L,8.204
BIO-165,Baseline,0,TNF-alpha,pg/mL,15.987
BIO-165,Week 2,2,TNF-alpha,pg/mL,17.039
BIO-165,Week 4,4,TNF-alpha,pg/mL,17.259
BIO-165,Week 8,8,TNF-alpha,pg/mL,16.378
BIO-165,Week 12,12,TNF-alpha,pg/mL,12.697
BIO-165,Baseline,0,IL-10,pg/mL,7.917
BIO-165,Week 2,2,IL-10,pg/mL,
BIO-165,Week 4,4,IL-10,pg/mL,9.328
BIO-165,Week 8,8,IL-10,pg/mL,8.74
BIO-165,Week 12,12,IL-10,pg/mL,6.571
BIO-165,Baseline,0,IFN-gamma,pg/mL,4.243
BIO-165,Week 2,2,IFN-gamma,pg/mL,3.336
BIO-165,Week 4,4,IFN-gamma,pg/mL,2.401
BIO-165,Week 8,8,IFN-gamma,pg/mL,3.686
BIO-165,Week 12,12,IFN-gamma,pg/mL,3.304
BIO-165,Baseline,0,IL-2,pg/mL,5.438
BIO-165,Week 2,2,IL-2,pg/mL,3.717
BIO-165,Week 4,4,IL-2,pg/mL,4.418
BIO-165,Week 8,8,IL-2,pg/mL,4.997
BIO-165,Week 12,12,IL-2,pg/mL,4.037
BIO-165,Baseline,0,IL-1beta,pg/mL,2.253
BIO-165,Week 2,2,IL-1beta,pg/mL,1.887
BIO-165,Week 4,4,IL-1beta,pg/mL,2.265
BIO-165,Week 8,8,IL-1beta,pg/mL,1.286
BIO-165,Week 12,12,IL-1beta,pg/mL,0.96
BIO-165,Baseline,0,IL-8,pg/mL,7.612
BIO-165,Week 2,2,IL-8,pg/mL,14.079
BIO-165,Week 4,4,IL-8,pg/mL,6.458
BIO-165,Week 8,8,IL-8,pg/mL,7.676
BIO-165,Week 12,12,IL-8,pg/mL,7.92
BIO-165,Baseline,0,VEGF,pg/mL,196.449
BIO-165,Week 2,2,VEGF,pg/mL,265.31
BIO-165,Week 4,4,VEGF,pg/mL,226.503
BIO-165,Week 8,8,VEGF,pg/mL,249.642
BIO-165,Week 12,12,VEGF,pg/mL,242.71
BIO-165,Baseline,0,Ferritin,ng/mL,87.509
BIO-165,Week 2,2,Ferritin,ng/mL,45.371
BIO-165,Week 4,4,Ferritin,ng/mL,92.933
BIO-165,Week 8,8,Ferritin,ng/mL,80.946
BIO-165,Week 12,12,Ferritin,ng/mL,46.202
BIO-165,Baseline,0,D-dimer,mg/L,0.564
BIO-165,Week 2,2,D-dimer,mg/L,0.414
BIO-165,Week 4,4,D-dimer,mg/L,0.49
BIO-165,Week 8,8,D-dimer,mg/L,0.38
BIO-165,Week 12,12,D-dimer,mg/L,0.47
BIO-165,Baseline,0,LDH,U/L,217.061
BIO-165,Week 2,2,LDH,U/L,194.59
BIO-165,Week 4,4,LDH,U/L,200.688
BIO-165,Week 8,8,LDH,U/L,187.13
BIO-165,Week 12,12,LDH,U/L,164.739
BIO-166,Baseline,0,IL-6,pg/mL,5.225
BIO-166,Week 2,2,IL-6,pg/mL,4.846
BIO-166,Week 4,4,IL-6,pg/mL,5.143
BIO-166,Week 8,8,IL-6,pg/mL,2.945
BIO-166,Week 12,12,IL-6,pg/mL,2.411
BIO-166,Baseline,0,CRP,mg/L,1.225
BIO-166,Week 2,2,CRP,mg/L,4.049
BIO-166,Week 4,4,CRP,mg/L,2.406
BIO-166,Week 8,8,CRP,mg/L,2.229
BIO-166,Week 12,12,CRP,mg/L,3.224
BIO-166,Baseline,0,TNF-alpha,pg/mL,15.823
BIO-166,Week 2,2,TNF-alpha,pg/mL,14.598
BIO-166,Week 4,4,TNF-alpha,pg/mL,15.174
BIO-166,Week 8,8,TNF-alpha,pg/mL,18.19
BIO-166,Week 12,12,TNF-alpha,pg/mL,15.254
BIO-166,Baseline,0,IL-10,pg/mL,6.63
BIO-166,Week 2,2,IL-10,pg/mL,6.175
BIO-166,Week 4,4,IL-10,pg/mL,4.984
BIO-166,Week 8,8,IL-10,pg/mL,8.34
BIO-166,Week 12,12,IL-10,pg/mL,6.421
BIO-166,Baseline,0,IFN-gamma,pg/mL,5.171
BIO-166,Week 2,2,IFN-gamma,pg/mL,3.861
BIO-166,Week 4,4,IFN-gamma,pg/mL,2.296
BIO-166,Week 8,8,IFN-gamma,pg/mL,3.182
BIO-166,Week 12,12,IFN-gamma,pg/mL,3.415
BIO-166,Baseline,0,IL-2,pg/mL,4.67
BIO-166,Week 2,2,IL-2,pg/mL,4.124
BIO-166,Week 4,4,IL-2,pg/mL,4.247
BIO-166,Week 8,8,IL-2,pg/mL,4.104
BIO-166,Week 12,12,IL-2,pg/mL,5.08
BIO-166,Baseline,0,IL-1beta,pg/mL,1.766
BIO-166,Week 2,2,IL-1beta,pg/mL,1.483
BIO-166,Week 4,4,IL-1beta,pg/mL,1.306
BIO-166,Week 8,8,IL-1beta,pg/mL,1.686
BIO-166,Week 12,12,IL-1beta,pg/mL,1.426
BIO-166,Baseline,0,IL-8,pg/mL,11.253
BIO-166,Week 2,2,IL-8,pg/mL,15.275
BIO-166,Week 4,4,IL-8,pg/mL,18.292
BIO-166,Week 8,8,IL-8,pg/mL,17.706
BIO-166,Week 12,12,IL-8,pg/mL,9.812
BIO-166,Baseline,0,VEGF,pg/mL,247.899
BIO-166,Week 2,2,VEGF,pg/mL,229.577
BIO-166,Week 4,4,VEGF,pg/mL,228.568
BIO-166,Week 8,8,VEGF,pg/mL,250.13
BIO-166,Week 12,12,VEGF,pg/mL,232.842
BIO-166,Baseline,0,Ferritin,ng/mL,166.054
BIO-166,Week 2,2,Ferritin,ng/mL,165.358
BIO-166,Week 4,4,Ferritin,ng/mL,134.869
BIO-166,Week 8,8,Ferritin,ng/mL,91.569
BIO-166,Week 12,12,Ferritin,ng/mL,100.042
BIO-166,Baseline,0,D-dimer,mg/L,0.516
BIO-166,Week 2,2,D-dimer,mg/L,0.235
BIO-166,Week 4,4,D-dimer,mg/L,0.286
BIO-166,Week 8,8,D-dimer,mg/L,0.345
BIO-166,Week 12,12,D-dimer,mg/L,0.324
BIO-166,Baseline,0,LDH,U/L,258.06
BIO-166,Week 2,2,LDH,U/L,245.559
BIO-166,Week 4,4,LDH,U/L,239.421
BIO-166,Week 8,8,LDH,U/L,198.632
BIO-166,Week 12,12,LDH,U/L,259.499
BIO-167,Baseline,0,IL-6,pg/mL,5.059
BIO-167,Week 2,2,IL-6,pg/mL,3.675
BIO-167,Week 4,4,IL-6,pg/mL,4.592
BIO-167,Week 8,8,IL-6,pg/mL,3.655
BIO-167,Week 12,12,IL-6,pg/mL,5.628
BIO-167,Baseline,0,CRP,mg/L,1.404
BIO-167,Week 2,2,CRP,mg/L,1.058
BIO-167,Week 4,4,CRP,mg/L,1.818
BIO-167,Week 8,8,CRP,mg/L,2.364
BIO-167,Week 12,12,CRP,mg/L,1.894
BIO-167,Baseline,0,TNF-alpha,pg/mL,12.371
BIO-167,Week 2,2,TNF-alpha,pg/mL,10.841
BIO-167,Week 4,4,TNF-alpha,pg/mL,14.412
BIO-167,Week 8,8,TNF-alpha,pg/mL,13.911
BIO-167,Week 12,12,TNF-alpha,pg/mL,10.979
BIO-167,Baseline,0,IL-10,pg/mL,8.488
BIO-167,Week 2,2,IL-10,pg/mL,7.675
BIO-167,Week 4,4,IL-10,pg/mL,8.8
BIO-167,Week 8,8,IL-10,pg/mL,8.24
BIO-167,Week 12,12,IL-10,pg/mL,6.829
BIO-167,Baseline,0,IFN-gamma,pg/mL,5.502
BIO-167,Week 2,2,IFN-gamma,pg/mL,6.475
BIO-167,Week 4,4,IFN-gamma,pg/mL,7.362
BIO-167,Week 8,8,IFN-gamma,pg/mL,6.192
BIO-167,Week 12,12,IFN-gamma,pg/mL,8.404
BIO-167,Baseline,0,IL-2,pg/mL,5.189
BIO-167,Week 2,2,IL-2,pg/mL,6.141
BIO-167,Week 4,4,IL-2,pg/mL,4.624
BIO-167,Week 8,8,IL-2,pg/mL,6.002
BIO-167,Week 12,12,IL-2,pg/mL,5.195
BIO-167,Baseline,0,IL-1beta,pg/mL,1.93
BIO-167,Week 2,2,IL-1beta,pg/mL,1.287
BIO-167,Week 4,4,IL-1beta,pg/mL,2.572
BIO-167,Week 8,8,IL-1beta,pg/mL,2.593
BIO-167,Week 12,12,IL-1beta,pg/mL,2.17
BIO-167,Baseline,0,IL-8,pg/mL,7.628
BIO-167,Week 2,2,IL-8,pg/mL,8.986
BIO-167,Week 4,4,IL-8,pg/mL,6.977
BIO-167,Week 8,8,IL-8,pg/mL,13.004
BIO-167,Week 12,12,IL-8,pg/mL,11.146
BIO-167,Baseline,0,VEGF,pg/mL,173.402
BIO-167,Week 2,2,VEGF,pg/mL,131.466
BIO-167,Week 4,4,VEGF,pg/mL,154.451
BIO-167,Week 8,8,VEGF,pg/mL,173.502
BIO-167,Week 12,12,VEGF,pg/mL,131.224
BIO-167,Baseline,0,Ferritin,ng/mL,125.568
BIO-167,Week 2,2,Ferritin,ng/mL,94.256
BIO-167,Week 4,4,Ferritin,ng/mL,93.912
BIO-167,Week 8,8,Ferritin,ng/mL,205.833
BIO-167,Week 12,12,Ferritin,ng/mL,112.465
BIO-167,Baseline,0,D-dimer,mg/L,0.328
BIO-167,Week 2,2,D-dimer,mg/L,0.324
BIO-167,Week 4,4,D-dimer,mg/L,0.314
BIO-167,Week 8,8,D-dimer,mg/L,0.443
BIO-167,Week 12,12,D-dimer,mg/L,0.43
BIO-167,Baseline,0,LDH,U/L,168.392
BIO-167,Week 2,2,LDH,U/L,192.412
BIO-167,Week 4,4,LDH,U/L,182.329
BIO-167,Week 8,8,LDH,U/L,191.391
BIO-167,Week 12,12,LDH,U/L,159.2
BIO-168,Baseline,0,IL-6,pg/mL,4.994
BIO-168,Week 2,2,IL-6,pg/mL,4.781
BIO-168,Week 4,4,IL-6,pg/mL,3.265
BIO-168,Week 8,8,IL-6,pg/mL,6.845
BIO-168,Week 12,12,IL-6,pg/mL,7.49
BIO-168,Baseline,0,CRP,mg/L,2.547
BIO-168,Week 2,2,CRP,mg/L,1.43
BIO-168,Week 4,4,CRP,mg/L,1.992
BIO-168,Week 8,8,CRP,mg/L,3.184
BIO-168,Week 12,12,CRP,mg/L,1.697
BIO-168,Baseline,0,TNF-alpha,pg/mL,14.638
BIO-168,Week 2,2,TNF-alpha,pg/mL,10.896
BIO-168,Week 4,4,TNF-alpha,pg/mL,10.502
BIO-168,Week 8,8,TNF-alpha,pg/mL,14.296
BIO-168,Week 12,12,TNF-alpha,pg/mL,12.275
BIO-168,Baseline,0,IL-10,pg/mL,5.941
BIO-168,Week 2,2,IL-10,pg/mL,6.532
BIO-168,Week 4,4,IL-10,pg/mL,
BIO-168,Week 8,8,IL-10,pg/mL,7.096
BIO-168,Week 12,12,IL-10,pg/mL,6.897
BIO-168,Baseline,0,IFN-gamma,pg/mL,1.537
BIO-168,Week 2,2,IFN-gamma,pg/mL,1.794
BIO-168,Week 4,4,IFN-gamma,pg/mL,1.617
BIO-168,Week 8,8,IFN-gamma,pg/mL,1.806
BIO-168,Week 12,12,IFN-gamma,pg/mL,2.776
BIO-168,Baseline,0,IL-2,pg/mL,5.443
BIO-168,Week 2,2,IL-2,pg/mL,4.362
BIO-168,Week 4,4,IL-2,pg/mL,4.592
BIO-168,Week 8,8,IL-2,pg/mL,4.835
BIO-168,Week 12,12,IL-2,pg/mL,4.696
BIO-168,Baseline,0,IL-1beta,pg/mL,2.4
BIO-168,Week 2,2,IL-1beta,pg/mL,3.087
BIO-168,Week 4,4,IL-1beta,pg/mL,2.47
BIO-168,Week 8,8,IL-1beta,pg/mL,2.489
BIO-168,Week 12,12,IL-1beta,pg/mL,2.723
BIO-168,Baseline,0,IL-8,pg/mL,15.559
BIO-168,Week 2,2,IL-8,pg/mL,20.359
BIO-168,Week 4,4,IL-8,pg/mL,20.667
BIO-168,Week 8,8,IL-8,pg/mL,21.558
BIO-168,Week 12,12,IL-8,pg/mL,9.94
BIO-168,Baseline,0,VEGF,pg/mL,269.332
BIO-168,Week 2,2,VEGF,pg/mL,236.562
BIO-168,Week 4,4,VEGF,pg/mL,253.562
BIO-168,Week 8,8,VEGF,pg/mL,251.908
BIO-168,Week 12,12,VEGF,pg/mL,
BIO-168,Baseline,0,Ferritin,ng/mL,225.487
BIO-168,Week 2,2,Ferritin,ng/mL,363.25
BIO-168,Week 4,4,Ferritin,ng/mL,242.848
BIO-168,Week 8,8,Ferritin,ng/mL,191.283
BIO-168,Week 12,12,Ferritin,ng/mL,318.258
BIO-168,Baseline,0,D-dimer,mg/L,0.417
BIO-168,Week 2,2,D-dimer,mg/L,0.192
BIO-168,Week 4,4,D-dimer,mg/L,0.15
BIO-168,Week 8,8,D-dimer,mg/L,0.196
BIO-168,Week 12,12,D-dimer,mg/L,0.474
BIO-168,Baseline,0,LDH,U/L,204.006
BIO-168,Week 2,2,LDH,U/L,165.888
BIO-168,Week 4,4,LDH,U/L,191.206
BIO-168,Week 8,8,LDH,U/L,203.65
BIO-168,Week 12,12,LDH,U/L,175.528
BIO-169,Baseline,0,IL-6,pg/mL,8.542
BIO-169,Week 2,2,IL-6,pg/mL,5.491
BIO-169,Week 4,4,IL-6,pg/mL,8.26
BIO-169,Week 8,8,IL-6,pg/mL,6.647
BIO-169,Week 12,12,IL-6,pg/mL,7.135
BIO-169,Baseline,0,CRP,mg/L,3.019
BIO-169,Week 2,2,CRP,mg/L,5.71
BIO-169,Week 4,4,CRP,mg/L,2.087
BIO-169,Week 8,8,CRP,mg/L,4.674
BIO-169,Week 12,12,CRP,mg/L,3.308
BIO-169,Baseline,0,TNF-alpha,pg/mL,13.886
BIO-169,Week 2,2,TNF-alpha,pg/mL,12.155
BIO-169,Week 4,4,TNF-alpha,pg/mL,13.214
BIO-169,Week 8,8,TNF-alpha,pg/mL,12.189
BIO-169,Week 12,12,TNF-alpha,pg/mL,12.989
BIO-169,Baseline,0,IL-10,pg/mL,4.88
BIO-169,Week 2,2,IL-10,pg/mL,5.454
BIO-169,Week 4,4,IL-10,pg/mL,5.257
BIO-169,Week 8,8,IL-10,pg/mL,4.874
BIO-169,Week 12,12,IL-10,pg/mL,4.91
BIO-169,Baseline,0,IFN-gamma,pg/mL,1.459
BIO-169,Week 2,2,IFN-gamma,pg/mL,1.155
BIO-169,Week 4,4,IFN-gamma,pg/mL,2.33
BIO-169,Week 8,8,IFN-gamma,pg/mL,2.249
BIO-169,Week 12,12,IFN-gamma,pg/mL,2.242
BIO-169,Baseline,0,IL-2,pg/mL,4.737
BIO-169,Week 2,2,IL-2,pg/mL,5.548
BIO-169,Week 4,4,IL-2,pg/mL,5.194
BIO-169,Week 8,8,IL-2,pg/mL,5.467
BIO-169,Week 12,12,IL-2,pg/mL,5.376
BIO-169,Baseline,0,IL-1beta,pg/mL,2.86
BIO-169,Week 2,2,IL-1beta,pg/mL,3.134
BIO-169,Week 4,4,IL-1beta,pg/mL,2.845
BIO-169,Week 8,8,IL-1beta,pg/mL,2.992
BIO-169,Week 12,12,IL-1beta,pg/mL,3.107
BIO-169,Baseline,0,IL-8,pg/mL,9.579
BIO-169,Week 2,2,IL-8,pg/mL,9.829
BIO-169,Week 4,4,IL-8,pg/mL,18.612
BIO-169,Week 8,8,IL-8,pg/mL,13.819
BIO-169,Week 12,12,IL-8,pg/mL,10.651
BIO-169,Baseline,0,VEGF,pg/mL,221.16
BIO-169,Week 2,2,VEGF,pg/mL,223.828
BIO-169,Week 4,4,VEGF,pg/mL,207.632
BIO-169,Week 8,8,VEGF,pg/mL,158.436
BIO-169,Week 12,12,VEGF,pg/mL,165.418
BIO-169,Baseline,0,Ferritin,ng/mL,117.474
BIO-169,Week 2,2,Ferritin,ng/mL,138.86
BIO-169,Week 4,4,Ferritin,ng/mL,126.582
BIO-169,Week 8,8,Ferritin,ng/mL,87.944
BIO-169,Week 12,12,Ferritin,ng/mL,112.073
BIO-169,Baseline,0,D-dimer,mg/L,0.484
BIO-169,Week 2,2,D-dimer,mg/L,0.415
BIO-169,Week 4,4,D-dimer,mg/L,0.322
BIO-169,Week 8,8,D-dimer,mg/L,0.217
BIO-169,Week 12,12,D-dimer,mg/L,0.37
BIO-169,Baseline,0,LDH,U/L,196.184
BIO-169,Week 2,2,LDH,U/L,204.117
BIO-169,Week 4,4,LDH,U/L,190.869
BIO-169,Week 8,8,LDH,U/L,182.638
BIO-169,Week 12,12,LDH,U/L,180.603
BIO-170,Baseline,0,IL-6,pg/mL,6.635
BIO-170,Week 2,2,IL-6,pg/mL,5.917
BIO-170,Week 4,4,IL-6,pg/mL,6.023
BIO-170,Week 8,8,IL-6,pg/mL,7.406
BIO-170,Week 12,12,IL-6,pg/mL,6.874
BIO-170,Baseline,0,CRP,mg/L,2.289
BIO-170,Week 2,2,CRP,mg/L,3.373
BIO-170,Week 4,4,CRP,mg/L,1.398
BIO-170,Week 8,8,CRP,mg/L,3.376
BIO-170,Week 12,12,CRP,mg/L,2.584
BIO-170,Baseline,0,TNF-alpha,pg/mL,13.575
BIO-170,Week 2,2,TNF-alpha,pg/mL,11.825
BIO-170,Week 4,4,TNF-alpha,pg/mL,12.834
BIO-170,Week 8,8,TNF-alpha,pg/mL,9.528
BIO-170,Week 12,12,TNF-alpha,pg/mL,15.103
BIO-170,Baseline,0,IL-10,pg/mL,5.61
BIO-170,Week 2,2,IL-10,pg/mL,4.453
BIO-170,Week 4,4,IL-10,pg/mL,7.362
BIO-170,Week 8,8,IL-10,pg/mL,5.184
BIO-170,Week 12,12,IL-10,pg/mL,6.184
BIO-170,Baseline,0,IFN-gamma,pg/mL,1.607
BIO-170,Week 2,2,IFN-gamma,pg/mL,1.92
BIO-170,Week 4,4,IFN-gamma,pg/mL,1.655
BIO-170,Week 8,8,IFN-gamma,pg/mL,2.717
BIO-170,Week 12,12,IFN-gamma,pg/mL,1.87
BIO-170,Baseline,0,IL-2,pg/mL,3.279
BIO-170,Week 2,2,IL-2,pg/mL,4.038
BIO-170,Week 4,4,IL-2,pg/mL,4.104
BIO-170,Week 8,8,IL-2,pg/mL,4.256
BIO-170,Week 12,12,IL-2,pg/mL,4.811
BIO-170,Baseline,0,IL-1beta,pg/mL,3.365
BIO-170,Week 2,2,IL-1beta,pg/mL,3.76
BIO-170,Week 4,4,IL-1beta,pg/mL,3.386
BIO-170,Week 8,8,IL-1beta,pg/mL,3.205
BIO-170,Week 12,12,IL-1beta,pg/mL,3.179
BIO-170,Baseline,0,IL-8,pg/mL,8.163
BIO-170,Week 2,2,IL-8,pg/mL,8.81
BIO-170,Week 4,4,IL-8,pg/mL,11.588
BIO-170,Week 8,8,IL-8,pg/mL,10.507
BIO-170,Week 12,12,IL-8,pg/mL,8.744
BIO-170,Baseline,0,VEGF,pg/mL,214.083
BIO-170,Week 2,2,VEGF,pg/mL,176.415
BIO-170,Week 4,4,VEGF,pg/mL,207.273
BIO-170,Week 8,8,VEGF,pg/mL,166.786
BIO-170,Week 12,12,VEGF,pg/mL,230.005
BIO-170,Baseline,0,Ferritin,ng/mL,129.941
BIO-170,Week 2,2,Ferritin,ng/mL,169.526
BIO-170,Week 4,4,Ferritin,ng/mL,141.137
BIO-170,Week 8,8,Ferritin,ng/mL,199.773
BIO-170,Week 12,12,Ferritin,ng/mL,171.276
BIO-170,Baseline,0,D-dimer,mg/L,0.514
BIO-170,Week 2,2,D-dimer,mg/L,0.443
BIO-170,Week 4,4,D-dimer,mg/L,0.325
BIO-170,Week 8,8,D-dimer,mg/L,0.287
BIO-170,Week 12,12,D-dimer,mg/L,0.456
BIO-170,Baseline,0,LDH,U/L,162.997
BIO-170,Week 2,2,LDH,U/L,167.796
BIO-170,Week 4,4,LDH,U/L,170.464
BIO-170,Week 8,8,LDH,U/L,151.174
BIO-170,Week 12,12,LDH,U/L,198.437
BIO-171,Baseline,0,IL-6,pg/mL,6.67
BIO-171,Week 2,2,IL-6,pg/mL,4.384
BIO-171,Week 4,4,IL-6,pg/mL,6.951
BIO-171,Week 8,8,IL-6,pg/mL,4.829
BIO-171,Week 12,12,IL-6,pg/mL,7.099
BIO-171,Baseline,0,CRP,mg/L,3.434
BIO-171,Week 2,2,CRP,mg/L,3.13
BIO-171,Week 4,4,CRP,mg/L,5.249
BIO-171,Week 8,8,CRP,mg/L,2.381
BIO-171,Week 12,12,CRP,mg/L,3.453
BIO-171,Baseline,0,TNF-alpha,pg/mL,8.712
BIO-171,Week 2,2,TNF-alpha,pg/mL,2.571
BIO-171,Week 4,4,TNF-alpha,pg/mL,9.472
BIO-171,Week 8,8,TNF-alpha,pg/mL,6.04
BIO-171,Week 12,12,TNF-alpha,pg/mL,12.872
BIO-171,Baseline,0,IL-10,pg/mL,3.518
BIO-171,Week 2,2,IL-10,pg/mL,1.306
BIO-171,Week 4,4,IL-10,pg/mL,4.907
BIO-171,Week 8,8,IL-10,pg/mL,3.118
BIO-171,Week 12,12,IL-10,pg/mL,5.717
BIO-171,Baseline,0,IFN-gamma,pg/mL,4.914
BIO-171,Week 2,2,IFN-gamma,pg/mL,3.572
BIO-171,Week 4,4,IFN-gamma,pg/mL,3.423
BIO-171,Week 8,8,IFN-gamma,pg/mL,5.649
BIO-171,Week 12,12,IFN-gamma,pg/mL,3.187
BIO-171,Baseline,0,IL-2,pg/mL,2.309
BIO-171,Week 2,2,IL-2,pg/mL,3.707
BIO-171,Week 4,4,IL-2,pg/mL,3.597
BIO-171,Week 8,8,IL-2,pg/mL,4.202
BIO-171,Week 12,12,IL-2,pg/mL,4.017
BIO-171,Baseline,0,IL-1beta,pg/mL,2.263
BIO-171,Week 2,2,IL-1beta,pg/mL,2.227
BIO-171,Week 4,4,IL-1beta,pg/mL,1.97
BIO-171,Week 8,8,IL-1beta,pg/mL,2.344
BIO-171,Week 12,12,IL-1beta,pg/mL,2.48
BIO-171,Baseline,0,IL-8,pg/mL,19.134
BIO-171,Week 2,2,IL-8,pg/mL,21.196
BIO-171,Week 4,4,IL-8,pg/mL,17.348
BIO-171,Week 8,8,IL-8,pg/mL,11.873
BIO-171,Week 12,12,IL-8,pg/mL,23.745
BIO-171,Baseline,0,VEGF,pg/mL,288.825
BIO-171,Week 2,2,VEGF,pg/mL,321.009
BIO-171,Week 4,4,VEGF,pg/mL,261.807
BIO-171,Week 8,8,VEGF,pg/mL,284.733
BIO-171,Week 12,12,VEGF,pg/mL,308.749
BIO-171,Baseline,0,Ferritin,ng/mL,111.95
BIO-171,Week 2,2,Ferritin,ng/mL,104.964
BIO-171,Week 4,4,Ferritin,ng/mL,111.524
BIO-171,Week 8,8,Ferritin,ng/mL,101.085
BIO-171,Week 12,12,Ferritin,ng/mL,140.404
BIO-171,Baseline,0,D-dimer,mg/L,0.326
BIO-171,Week 2,2,D-dimer,mg/L,0.426
BIO-171,Week 4,4,D-dimer,mg/L,0.433
BIO-171,Week 8,8,D-dimer,mg/L,0.313
BIO-171,Week 12,12,D-dimer,mg/L,0.463
BIO-171,Baseline,0,LDH,U/L,158.122
BIO-171,Week 2,2,LDH,U/L,162.431
BIO-171,Week 4,4,LDH,U/L,144.704
BIO-171,Week 8,8,LDH,U/L,156.537
BIO-171,Week 12,12,LDH,U/L,199.935
BIO-172,Baseline,0,IL-6,pg/mL,6.656
BIO-172,Week 2,2,IL-6,pg/mL,5.337
BIO-172,Week 4,4,IL-6,pg/mL,5.698
BIO-172,Week 8,8,IL-6,pg/mL,8.359
BIO-172,Week 12,12,IL-6,pg/mL,
BIO-172,Baseline,0,CRP,mg/L,3.994
BIO-172,Week 2,2,CRP,mg/L,8.518
BIO-172,Week 4,4,CRP,mg/L,3.062
BIO-172,Week 8,8,CRP,mg/L,3.759
BIO-172,Week 12,12,CRP,mg/L,5.132
BIO-172,Baseline,0,TNF-alpha,pg/mL,4.341
BIO-172,Week 2,2,TNF-alpha,pg/mL,7.554
BIO-172,Week 4,4,TNF-alpha,pg/mL,9.221
BIO-172,Week 8,8,TNF-alpha,pg/mL,11.853
BIO-172,Week 12,12,TNF-alpha,pg/mL,13.119
BIO-172,Baseline,0,IL-10,pg/mL,1.048
BIO-172,Week 2,2,IL-10,pg/mL,2.765
BIO-172,Week 4,4,IL-10,pg/mL,3.932
BIO-172,Week 8,8,IL-10,pg/mL,4.971
BIO-172,Week 12,12,IL-10,pg/mL,4.729
BIO-172,Baseline,0,IFN-gamma,pg/mL,4.205
BIO-172,Week 2,2,IFN-gamma,pg/mL,4.663
BIO-172,Week 4,4,IFN-gamma,pg/mL,2.344
BIO-172,Week 8,8,IFN-gamma,pg/mL,2.651
BIO-172,Week 12,12,IFN-gamma,pg/mL,2.766
BIO-172,Baseline,0,IL-2,pg/mL,5.305
BIO-172,Week 2,2,IL-2,pg/mL,5.849
BIO-172,Week 4,4,IL-2,pg/mL,5.095
BIO-172,Week 8,8,IL-2,pg/mL,5.246
BIO-172,Week 12,12,IL-2,pg/mL,6.101
BIO-172,Baseline,0,IL-1beta,pg/mL,2.373
BIO-172,Week 2,2,IL-1beta,pg/mL,2.187
BIO-172,Week 4,4,IL-1beta,pg/mL,2.412
BIO-172,Week 8,8,IL-1beta,pg/mL,2.361
BIO-172,Week 12,12,IL-1beta,pg/mL,2.121
BIO-172,Baseline,0,IL-8,pg/mL,36.848
BIO-172,Week 2,2,IL-8,pg/mL,17.433
BIO-172,Week 4,4,IL-8,pg/mL,28.95
BIO-172,Week 8,8,IL-8,pg/mL,24.394
BIO-172,Week 12,12,IL-8,pg/mL,14.747
BIO-172,Baseline,0,VEGF,pg/mL,224.988
BIO-172,Week 2,2,VEGF,pg/mL,226.495
BIO-172,Week 4,4,VEGF,pg/mL,228.857
BIO-172,Week 8,8,VEGF,pg/mL,226.256
BIO-172,Week 12,12,VEGF,pg/mL,189.311
BIO-172,Baseline,0,Ferritin,ng/mL,159.638
BIO-172,Week 2,2,Ferritin,ng/mL,237.632
BIO-172,Week 4,4,Ferritin,ng/mL,112.268
BIO-172,Week 8,8,Ferritin,ng/mL,110.977
BIO-172,Week 12,12,Ferritin,ng/mL,125.87
BIO-172,Baseline,0,D-dimer,mg/L,0.931
BIO-172,Week 2,2,D-dimer,mg/L,0.587
BIO-172,Week 4,4,D-dimer,mg/L,0.468
BIO-172,Week 8,8,D-dimer,mg/L,0.688
BIO-172,Week 12,12,D-dimer,mg/L,0.608
BIO-172,Baseline,0,LDH,U/L,224.926
BIO-172,Week 2,2,LDH,U/L,178.614
BIO-172,Week 4,4,LDH,U/L,228.767
BIO-172,Week 8,8,LDH,U/L,236.045
BIO-172,Week 12,12,LDH,U/L,221.538
BIO-173,Baseline,0,IL-6,pg/mL,5.851
BIO-173,Week 2,2,IL-6,pg/mL,6.012
BIO-173,Week 4,4,IL-6,pg/mL,4.876
BIO-173,Week 8,8,IL-6,pg/mL,5.265
BIO-173,Week 12,12,IL-6,pg/mL,4.229
BIO-173,Baseline,0,CRP,mg/L,2.412
BIO-173,Week 2,2,CRP,mg/L,2.535
BIO-173,Week 4,4,CRP,mg/L,2.132
BIO-173,Week 8,8,CRP,mg/L,2.195
BIO-173,Week 12,12,CRP,mg/L,1.808
BIO-173,Baseline,0,TNF-alpha,pg/mL,8.119
BIO-173,Week 2,2,TNF-alpha,pg/mL,9.35
BIO-173,Week 4,4,TNF-alpha,pg/mL,6.349
BIO-173,Week 8,8,TNF-alpha,pg/mL,9.399
BIO-173,Week 12,12,TNF-alpha,pg/mL,7.409
BIO-173,Baseline,0,IL-10,pg/mL,6.082
BIO-173,Week 2,2,IL-10,pg/mL,4.721
BIO-173,Week 4,4,IL-10,pg/mL,4.952
BIO-173,Week 8,8,IL-10,pg/mL,5.39
BIO-173,Week 12,12,IL-10,pg/mL,4.365
BIO-173,Baseline,0,IFN-gamma,pg/mL,4.429
BIO-173,Week 2,2,IFN-gamma,pg/mL,6.518
BIO-173,Week 4,4,IFN-gamma,pg/mL,2.942
BIO-173,Week 8,8,IFN-gamma,pg/mL,4.559
BIO-173,Week 12,12,IFN-gamma,pg/mL,9.06
BIO-173,Baseline,0,IL-2,pg/mL,6.766
BIO-173,Week 2,2,IL-2,pg/mL,5.03
BIO-173,Week 4,4,IL-2,pg/mL,5.06
BIO-173,Week 8,8,IL-2,pg/mL,5.456
BIO-173,Week 12,12,IL-2,pg/mL,7.063
BIO-173,Baseline,0,IL-1beta,pg/mL,1.068
BIO-173,Week 2,2,IL-1beta,pg/mL,1.879
BIO-173,Week 4,4,IL-1beta,pg/mL,1.455
BIO-173,Week 8,8,IL-1beta,pg/mL,1.902
BIO-173,Week 12,12,IL-1beta,pg/mL,1.18
BIO-173,Baseline,0,IL-8,pg/mL,21.493
BIO-173,Week 2,2,IL-8,pg/mL,15.593
BIO-173,Week 4,4,IL-8,pg/mL,13.283
BIO-173,Week 8,8,IL-8,pg/mL,25.824
BIO-173,Week 12,12,IL-8,pg/mL,23.48
BIO-173,Baseline,0,VEGF,pg/mL,271.604
BIO-173,Week 2,2,VEGF,pg/mL,248.395
BIO-173,Week 4,4,VEGF,pg/mL,271.537
BIO-173,Week 8,8,VEGF,pg/mL,269.248
BIO-173,Week 12,12,VEGF,pg/mL,282.524
BIO-173,Baseline,0,Ferritin,ng/mL,118.47
BIO-173,Week 2,2,Ferritin,ng/mL,172.103
BIO-173,Week 4,4,Ferritin,ng/mL,226.339
BIO-173,Week 8,8,Ferritin,ng/mL,175.683
BIO-173,Week 12,12,Ferritin,ng/mL,126.175
BIO-173,Baseline,0,D-dimer,mg/L,0.426
BIO-173,Week 2,2,D-dimer,mg/L,0.459
BIO-173,Week 4,4,D-dimer,mg/L,0.413
BIO-173,Week 8,8,D-dimer,mg/L,0.502
BIO-173,Week 12,12,D-dimer,mg/L,0.302
BIO-173,Baseline,0,LDH,U/L,208.635
BIO-173,Week 2,2,LDH,U/L,184.2
BIO-173,Week 4,4,LDH,U/L,183.766
BIO-173,Week 8,8,LDH,U/L,
BIO-173,Week 12,12,LDH,U/L,168.041
BIO-174,Baseline,0,IL-6,pg/mL,7.685
BIO-174,Week 2,2,IL-6,pg/mL,8.742
BIO-174,Week 4,4,IL-6,pg/mL,7.175
BIO-174,Week 8,8,IL-6,pg/mL,8.357
BIO-174,Week 12,12,IL-6,pg/mL,7.902
BIO-174,Baseline,0,CRP,mg/L,1.443
BIO-174,Week 2,2,CRP,mg/L,1.762
BIO-174,Week 4,4,CRP,mg/L,1.4
BIO-174,Week 8,8,CRP,mg/L,2.057
BIO-174,Week 12,12,CRP,mg/L,1.138
BIO-174,Baseline,0,TNF-alpha,pg/mL,15.023
BIO-174,Week 2,2,TNF-alpha,pg/mL,18.608
BIO-174,Week 4,4,TNF-alpha,pg/mL,16.316
BIO-174,Week 8,8,TNF-alpha,pg/mL,14.948
BIO-174,Week 12,12,TNF-alpha,pg/mL,16.108
BIO-174,Baseline,0,IL-10,pg/mL,6.061
BIO-174,Week 2,2,IL-10,pg/mL,8.324
BIO-174,Week 4,4,IL-10,pg/mL,7.512
BIO-174,Week 8,8,IL-10,pg/mL,7.441
BIO-174,Week 12,12,IL-10,pg/mL,7.872
BIO-174,Baseline,0,IFN-gamma,pg/mL,2.844
BIO-174,Week 2,2,IFN-gamma,pg/mL,3.443
BIO-174,Week 4,4,IFN-gamma,pg/mL,4.853
BIO-174,Week 8,8,IFN-gamma,pg/mL,2.259
BIO-174,Week 12,12,IFN-gamma,pg/mL,2.254
BIO-174,Baseline,0,IL-2,pg/mL,4.497
BIO-174,Week 2,2,IL-2,pg/mL,4.627
BIO-174,Week 4,4,IL-2,pg/mL,5.412
BIO-174,Week 8,8,IL-2,pg/mL,4.774
BIO-174,Week 12,12,IL-2,pg/mL,5.708
BIO-174,Baseline,0,IL-1beta,pg/mL,2.573
BIO-174,Week 2,2,IL-1beta,pg/mL,2.61
BIO-174,Week 4,4,IL-1beta,pg/mL,2.767
BIO-174,Week 8,8,IL-1beta,pg/mL,3.16
BIO-174,Week 12,12,IL-1beta,pg/mL,2.763
BIO-174,Baseline,0,IL-8,pg/mL,8.04
BIO-174,Week 2,2,IL-8,pg/mL,8.858
BIO-174,Week 4,4,IL-8,pg/mL,8.588
BIO-174,Week 8,8,IL-8,pg/mL,13.552
BIO-174,Week 12,12,IL-8,pg/mL,8.979
BIO-174,Baseline,0,VEGF,pg/mL,252.991
BIO-174,Week 2,2,VEGF,pg/mL,323.014
BIO-174,Week 4,4,VEGF,pg/mL,211.237
BIO-174,Week 8,8,VEGF,pg/mL,277.081
BIO-174,Week 12,12,VEGF,pg/mL,270.986
BIO-174,Baseline,0,Ferritin,ng/mL,91.76
BIO-174,Week 2,2,Ferritin,ng/mL,66.891
BIO-174,Week 4,4,Ferritin,ng/mL,102.406
BIO-174,Week 8,8,Ferritin,ng/mL,56.895
BIO-174,Week 12,12,Ferritin,ng/mL,40.875
BIO-174,Baseline,0,D-dimer,mg/L,0.313
BIO-174,Week 2,2,D-dimer,mg/L,0.34
BIO-174,Week 4,4,D-dimer,mg/L,0.494
BIO-174,Week 8,8,D-dimer,mg/L,0.332
BIO-174,Week 12,12,D-dimer,mg/L,0.213
BIO-174,Baseline,0,LDH,U/L,174.782
BIO-174,Week 2,2,LDH,U/L,188.146
BIO-174,Week 4,4,LDH,U/L,169.019
BIO-174,Week 8,8,LDH,U/L,171.689
BIO-174,Week 12,12,LDH,U/L,175.253
BIO-175,Baseline,0,IL-6,pg/mL,8.421
BIO-175,Week 2,2,IL-6,pg/mL,9.22
BIO-175,Week 4,4,IL-6,pg/mL,8.918
BIO-175,Week 8,8,IL-6,pg/mL,
BIO-175,Week 12,12,IL-6,pg/mL,7.694
BIO-175,Baseline,0,CRP,mg/L,2.81
BIO-175,Week 2,2,CRP,mg/L,4.027
BIO-175,Week 4,4,CRP,mg/L,
BIO-175,Week 8,8,CRP,mg/L,3.348
BIO-175,Week 12,12,CRP,mg/L,1.883
BIO-175,Baseline,0,TNF-alpha,pg/mL,13.707
BIO-175,Week 2,2,TNF-alpha,pg/mL,15.534
BIO-175,Week 4,4,TNF-alpha,pg/mL,13.349
BIO-175,Week 8,8,TNF-alpha,pg/mL,9.91
BIO-175,Week 12,12,TNF-alpha,pg/mL,13.198
BIO-175,Baseline,0,IL-10,pg/mL,4.715
BIO-175,Week 2,2,IL-10,pg/mL,6.326
BIO-175,Week 4,4,IL-10,pg/mL,6.087
BIO-175,Week 8,8,IL-10,pg/mL,4.564
BIO-175,Week 12,12,IL-10,pg/mL,6.495
BIO-175,Baseline,0,IFN-gamma,pg/mL,2.405
BIO-175,Week 2,2,IFN-gamma,pg/mL,2.394
BIO-175,Week 4,4,IFN-gamma,pg/mL,2.287
BIO-175,Week 8,8,IFN-gamma,pg/mL,6.06
BIO-175,Week 12,12,IFN-gamma,pg/mL,2.857
BIO-175,Baseline,0,IL-2,pg/mL,4.985
BIO-175,Week 2,2,IL-2,pg/mL,5.307
BIO-175,Week 4,4,IL-2,pg/mL,6.435
BIO-175,Week 8,8,IL-2,pg/mL,4.766
BIO-175,Week 12,12,IL-2,pg/mL,4.923
BIO-175,Baseline,0,IL-1beta,pg/mL,1.575
BIO-175,Week 2,2,IL-1beta,pg/mL,2.666
BIO-175,Week 4,4,IL-1beta,pg/mL,2.218
BIO-175,Week 8,8,IL-1beta,pg/mL,2.104
BIO-175,Week 12,12,IL-1beta,pg/mL,1.934
BIO-175,Baseline,0,IL-8,pg/mL,14.518
BIO-175,Week 2,2,IL-8,pg/mL,22.47
BIO-175,Week 4,4,IL-8,pg/mL,13.33
BIO-175,Week 8,8,IL-8,pg/mL,17.269
BIO-175,Week 12,12,IL-8,pg/mL,17.342
BIO-175,Baseline,0,VEGF,pg/mL,145.367
BIO-175,Week 2,2,VEGF,pg/mL,148.526
BIO-175,Week 4,4,VEGF,pg/mL,293.647
BIO-175,Week 8,8,VEGF,pg/mL,169.606
BIO-175,Week 12,12,VEGF,pg/mL,168.94
BIO-175,Baseline,0,Ferritin,ng/mL,64.822
BIO-175,Week 2,2,Ferritin,ng/mL,
BIO-175,Week 4,4,Ferritin,ng/mL,181.268
BIO-175,Week 8,8,Ferritin,ng/mL,119.688
BIO-175,Week 12,12,Ferritin,ng/mL,223.515
BIO-175,Baseline,0,D-dimer,mg/L,0.374
BIO-175,Week 2,2,D-dimer,mg/L,0.363
BIO-175,Week 4,4,D-dimer,mg/L,0.297
BIO-175,Week 8,8,D-dimer,mg/L,0.489
BIO-175,Week 12,12,D-dimer,mg/L,0.348
BIO-175,Baseline,0,LDH,U/L,201.293
BIO-175,Week 2,2,LDH,U/L,193.375
BIO-175,Week 4,4,LDH,U/L,199.448
BIO-175,Week 8,8,LDH,U/L,191.413
BIO-175,Week 12,12,LDH,U/L,216.637
BIO-176,Baseline,0,IL-6,pg/mL,9.083
BIO-176,Week 2,2,IL-6,pg/mL,7.953
BIO-176,Week 4,4,IL-6,pg/mL,8.732
BIO-176,Week 8,8,IL-6,pg/mL,9.306
BIO-176,Week 12,12,IL-6,pg/mL,9.445
BIO-176,Baseline,0,CRP,mg/L,2.922
BIO-176,Week 2,2,CRP,mg/L,3.144
BIO-176,Week 4,4,CRP,mg/L,5.364
BIO-176,Week 8,8,CRP,mg/L,2.241
BIO-176,Week 12,12,CRP,mg/L,3.724
BIO-176,Baseline,0,TNF-alpha,pg/mL,9.728
BIO-176,Week 2,2,TNF-alpha,pg/mL,10.196
BIO-176,Week 4,4,TNF-alpha,pg/mL,13.347
BIO-176,Week 8,8,TNF-alpha,pg/mL,6.89
BIO-176,Week 12,12,TNF-alpha,pg/mL,8.796
BIO-176,Baseline,0,IL-10,pg/mL,3.802
BIO-176,Week 2,2,IL-10,pg/mL,4.727
BIO-176,Week 4,4,IL-10,pg/mL,6.206
BIO-176,Week 8,8,IL-10,pg/mL,4.744
BIO-176,Week 12,12,IL-10,pg/mL,3.591
BIO-176,Baseline,0,IFN-gamma,pg/mL,3.283
BIO-176,Week 2,2,IFN-gamma,pg/mL,4.354
BIO-176,Week 4,4,IFN-gamma,pg/mL,1.56
BIO-176,Week 8,8,IFN-gamma,pg/mL,4.322
BIO-176,Week 12,12,IFN-gamma,pg/mL,6.098
BIO-176,Baseline,0,IL-2,pg/mL,4.528
BIO-176,Week 2,2,IL-2,pg/mL,4.486
BIO-176,Week 4,4,IL-2,pg/mL,4.325
BIO-176,Week 8,8,IL-2,pg/mL,5.768
BIO-176,Week 12,12,IL-2,pg/mL,5.981
BIO-176,Baseline,0,IL-1beta,pg/mL,2.993
BIO-176,Week 2,2,IL-1beta,pg/mL,2.635
BIO-176,Week 4,4,IL-1beta,pg/mL,3.118
BIO-176,Week 8,8,IL-1beta,pg/mL,3.299
BIO-176,Week 12,12,IL-1beta,pg/mL,3.066
BIO-176,Baseline,0,IL-8,pg/mL,10.232
BIO-176,Week 2,2,IL-8,pg/mL,11.453
BIO-176,Week 4,4,IL-8,pg/mL,10.921
BIO-176,Week 8,8,IL-8,pg/mL,6.377
BIO-176,Week 12,12,IL-8,pg/mL,8.747
BIO-176,Baseline,0,VEGF,pg/mL,324.77
BIO-176,Week 2,2,VEGF,pg/mL,318.803
BIO-176,Week 4,4,VEGF,pg/mL,282.057
BIO-176,Week 8,8,VEGF,pg/mL,303.218
BIO-176,Week 12,12,VEGF,pg/mL,284.778
BIO-176,Baseline,0,Ferritin,ng/mL,122.42
BIO-176,Week 2,2,Ferritin,ng/mL,98.612
BIO-176,Week 4,4,Ferritin,ng/mL,180.594
BIO-176,Week 8,8,Ferritin,ng/mL,81.308
BIO-176,Week 12,12,Ferritin,ng/mL,111.814
BIO-176,Baseline,0,D-dimer,mg/L,0.326
BIO-176,Week 2,2,D-dimer,mg/L,0.252
BIO-176,Week 4,4,D-dimer,mg/L,0.251
BIO-176,Week 8,8,D-dimer,mg/L,0.237
BIO-176,Week 12,12,D-dimer,mg/L,0.41
BIO-176,Baseline,0,LDH,U/L,212.294
BIO-176,Week 2,2,LDH,U/L,211.115
BIO-176,Week 4,4,LDH,U/L,192.859
BIO-176,Week 8,8,LDH,U/L,222.59
BIO-176,Week 12,12,LDH,U/L,214.995
BIO-177,Baseline,0,IL-6,pg/mL,7.18
BIO-177,Week 2,2,IL-6,pg/mL,6.372
BIO-177,Week 4,4,IL-6,pg/mL,7.83
BIO-177,Week 8,8,IL-6,pg/mL,6.419
BIO-177,Week 12,12,IL-6,pg/mL,7.258
BIO-177,Baseline,0,CRP,mg/L,2.657
BIO-177,Week 2,2,CRP,mg/L,5.26
BIO-177,Week 4,4,CRP,mg/L,2.511
BIO-177,Week 8,8,CRP,mg/L,3.31
BIO-177,Week 12,12,CRP,mg/L,
BIO-177,Baseline,0,TNF-alpha,pg/mL,8.905
BIO-177,Week 2,2,TNF-alpha,pg/mL,14.592
BIO-177,Week 4,4,TNF-alpha,pg/mL,8.183
BIO-177,Week 8,8,TNF-alpha,pg/mL,10.401
BIO-177,Week 12,12,TNF-alpha,pg/mL,12.644
BIO-177,Baseline,0,IL-10,pg/mL,5.815
BIO-177,Week 2,2,IL-10,pg/mL,7.471
BIO-177,Week 4,4,IL-10,pg/mL,5.724
BIO-177,Week 8,8,IL-10,pg/mL,5.7
BIO-177,Week 12,12,IL-10,pg/mL,6.462
BIO-177,Baseline,0,IFN-gamma,pg/mL,5.903
BIO-177,Week 2,2,IFN-gamma,pg/mL,5.167
BIO-177,Week 4,4,IFN-gamma,pg/mL,3.163
BIO-177,Week 8,8,IFN-gamma,pg/mL,3.664
BIO-177,Week 12,12,IFN-gamma,pg/mL,5.878
BIO-177,Baseline,0,IL-2,pg/mL,5.509
BIO-177,Week 2,2,IL-2,pg/mL,4.755
BIO-177,Week 4,4,IL-2,pg/mL,3.751
BIO-177,Week 8,8,IL-2,pg/mL,5.67
BIO-177,Week 12,12,IL-2,pg/mL,5.443
BIO-177,Baseline,0,IL-1beta,pg/mL,2.117
BIO-177,Week 2,2,IL-1beta,pg/mL,2.009
BIO-177,Week 4,4,IL-1beta,pg/mL,2.455
BIO-177,Week 8,8,IL-1beta,pg/mL,2.276
BIO-177,Week 12,12,IL-1beta,pg/mL,2.615
BIO-177,Baseline,0,IL-8,pg/mL,14.034
BIO-177,Week 2,2,IL-8,pg/mL,16.178
BIO-177,Week 4,4,IL-8,pg/mL,11.989
BIO-177,Week 8,8,IL-8,pg/mL,8.627
BIO-177,Week 12,12,IL-8,pg/mL,17.433
BIO-177,Baseline,0,VEGF,pg/mL,230.081
BIO-177,Week 2,2,VEGF,pg/mL,209.121
BIO-177,Week 4,4,VEGF,pg/mL,236.569
BIO-177,Week 8,8,VEGF,pg/mL,185.521
BIO-177,Week 12,12,VEGF,pg/mL,172.235
BIO-177,Baseline,0,Ferritin,ng/mL,227.68
BIO-177,Week 2,2,Ferritin,ng/mL,190.357
BIO-177,Week 4,4,Ferritin,ng/mL,169.391
BIO-177,Week 8,8,Ferritin,ng/mL,93.613
BIO-177,Week 12,12,Ferritin,ng/mL,171.785
BIO-177,Baseline,0,D-dimer,mg/L,0.158
BIO-177,Week 2,2,D-dimer,mg/L,0.247
BIO-177,Week 4,4,D-dimer,mg/L,0.314
BIO-177,Week 8,8,D-dimer,mg/L,0.334
BIO-177,Week 12,12,D-dimer,mg/L,0.257
BIO-177,Baseline,0,LDH,U/L,220.73
BIO-177,Week 2,2,LDH,U/L,189.136
BIO-177,Week 4,4,LDH,U/L,172.687
BIO-177,Week 8,8,LDH,U/L,181.763
BIO-177,Week 12,12,LDH,U/L,216.97
BIO-178,Baseline,0,IL-6,pg/mL,9.434
BIO-178,Week 2,2,IL-6,pg/mL,10.532
BIO-178,Week 4,4,IL-6,pg/mL,9.85
BIO-178,Week 8,8,IL-6,pg/mL,7.35
BIO-178,Week 12,12,IL-6,pg/mL,10.307
BIO-178,Baseline,0,CRP,mg/L,3.681
BIO-178,Week 2,2,CRP,mg/L,
BIO-178,Week 4,4,CRP,mg/L,1.469
BIO-178,Week 8,8,CRP,mg/L,4.674
BIO-178,Week 12,12,CRP,mg/L,3.416
BIO-178,Baseline,0,TNF-alpha,pg/mL,16.418
BIO-178,Week 2,2,TNF-alpha,pg/mL,14.133
BIO-178,Week 4,4,TNF-alpha,pg/mL,13.599
BIO-178,Week 8,8,TNF-alpha,pg/mL,13.842
BIO-178,Week 12,12,TNF-alpha,pg/mL,14.201
BIO-178,Baseline,0,IL-10,pg/mL,6.568
BIO-178,Week 2,2,IL-10,pg/mL,5.107
BIO-178,Week 4,4,IL-10,pg/mL,5.698
BIO-178,Week 8,8,IL-10,pg/mL,7.448
BIO-178,Week 12,12,IL-10,pg/mL,5.949
BIO-178,Baseline,0,IFN-gamma,pg/mL,3.446
BIO-178,Week 2,2,IFN-gamma,pg/mL,4.058
BIO-178,Week 4,4,IFN-gamma,pg/mL,2.664
BIO-178,Week 8,8,IFN-gamma,pg/mL,3.6
BIO-178,Week 12,12,IFN-gamma,pg/mL,3.245
BIO-178,Baseline,0,IL-2,pg/mL,4.314
BIO-178,Week 2,2,IL-2,pg/mL,3.929
BIO-178,Week 4,4,IL-2,pg/mL,4.82
BIO-178,Week 8,8,IL-2,pg/mL,3.536
BIO-178,Week 12,12,IL-2,pg/mL,2.527
BIO-178,Baseline,0,IL-1beta,pg/mL,2.689
BIO-178,Week 2,2,IL-1beta,pg/mL,2.304
BIO-178,Week 4,4,IL-1beta,pg/mL,2.778
BIO-178,Week 8,8,IL-1beta,pg/mL,2.695
BIO-178,Week 12,12,IL-1beta,pg/mL,2.555
BIO-178,Baseline,0,IL-8,pg/mL,15.346
BIO-178,Week 2,2,IL-8,pg/mL,8.719
BIO-178,Week 4,4,IL-8,pg/mL,14.048
BIO-178,Week 8,8,IL-8,pg/mL,21.45
BIO-178,Week 12,12,IL-8,pg/mL,15.437
BIO-178,Baseline,0,VEGF,pg/mL,194.168
BIO-178,Week 2,2,VEGF,pg/mL,213.381
BIO-178,Week 4,4,VEGF,pg/mL,207.577
BIO-178,Week 8,8,VEGF,pg/mL,206.288
BIO-178,Week 12,12,VEGF,pg/mL,239.569
BIO-178,Baseline,0,Ferritin,ng/mL,579.262
BIO-178,Week 2,2,Ferritin,ng/mL,201.737
BIO-178,Week 4,4,Ferritin,ng/mL,262.249
BIO-178,Week 8,8,Ferritin,ng/mL,227.422
BIO-178,Week 12,12,Ferritin,ng/mL,426.525
BIO-178,Baseline,0,D-dimer,mg/L,0.722
BIO-178,Week 2,2,D-dimer,mg/L,0.41
BIO-178,Week 4,4,D-dimer,mg/L,0.563
BIO-178,Week 8,8,D-dimer,mg/L,0.601
BIO-178,Week 12,12,D-dimer,mg/L,0.334
BIO-178,Baseline,0,LDH,U/L,133.607
BIO-178,Week 2,2,LDH,U/L,142.312
BIO-178,Week 4,4,LDH,U/L,144.456
BIO-178,Week 8,8,LDH,U/L,128.442
BIO-178,Week 12,12,LDH,U/L,163.475
BIO-179,Baseline,0,IL-6,pg/mL,6.886
BIO-179,Week 2,2,IL-6,pg/mL,3.075
BIO-179,Week 4,4,IL-6,pg/mL,3.864
BIO-179,Week 8,8,IL-6,pg/mL,4.47
BIO-179,Week 12,12,IL-6,pg/mL,5.118
BIO-179,Baseline,0,CRP,mg/L,2.005
BIO-179,Week 2,2,CRP,mg/L,2.613
BIO-179,Week 4,4,CRP,mg/L,
BIO-179,Week 8,8,CRP,mg/L,2.98
BIO-179,Week 12,12,CRP,mg/L,2.003
BIO-179,Baseline,0,TNF-alpha,pg/mL,16.951
BIO-179,Week 2,2,TNF-alpha,pg/mL,17.165
BIO-179,Week 4,4,TNF-alpha,pg/mL,13.11
BIO-179,Week 8,8,TNF-alpha,pg/mL,14.129
BIO-179,Week 12,12,TNF-alpha,pg/mL,11.085
BIO-179,Baseline,0,IL-10,pg/mL,6.14
BIO-179,Week 2,2,IL-10,pg/mL,6.366
BIO-179,Week 4,4,IL-10,pg/mL,5.085
BIO-179,Week 8,8,IL-10,pg/mL,5.332
BIO-179,Week 12,12,IL-10,pg/mL,4.146
BIO-179,Baseline,0,IFN-gamma,pg/mL,2.286
BIO-179,Week 2,2,IFN-gamma,pg/mL,2.015
BIO-179,Week 4,4,IFN-gamma,pg/mL,2.879
BIO-179,Week 8,8,IFN-gamma,pg/mL,2.305
BIO-179,Week 12,12,IFN-gamma,pg/mL,2.192
BIO-179,Baseline,0,IL-2,pg/mL,4.49
BIO-179,Week 2,2,IL-2,pg/mL,4.117
BIO-179,Week 4,4,IL-2,pg/mL,5.42
BIO-179,Week 8,8,IL-2,pg/mL,4.963
BIO-179,Week 12,12,IL-2,pg/mL,3.836
BIO-179,Baseline,0,IL-1beta,pg/mL,2.822
BIO-179,Week 2,2,IL-1beta,pg/mL,2.883
BIO-179,Week 4,4,IL-1beta,pg/mL,2.327
BIO-179,Week 8,8,IL-1beta,pg/mL,3.146
BIO-179,Week 12,12,IL-1beta,pg/mL,3.093
BIO-179,Baseline,0,IL-8,pg/mL,9.301
BIO-179,Week 2,2,IL-8,pg/mL,11.034
BIO-179,Week 4,4,IL-8,pg/mL,7.881
BIO-179,Week 8,8,IL-8,pg/mL,14.684
BIO-179,Week 12,12,IL-8,pg/mL,12.605
BIO-179,Baseline,0,VEGF,pg/mL,281.61
BIO-179,Week 2,2,VEGF,pg/mL,332.372
BIO-179,Week 4,4,VEGF,pg/mL,320.625
BIO-179,Week 8,8,VEGF,pg/mL,300.522
BIO-179,Week 12,12,VEGF,pg/mL,327.766
BIO-179,Baseline,0,Ferritin,ng/mL,411.018
BIO-179,Week 2,2,Ferritin,ng/mL,278.329
BIO-179,Week 4,4,Ferritin,ng/mL,276.436
BIO-179,Week 8,8,Ferritin,ng/mL,469.471
BIO-179,Week 12,12,Ferritin,ng/mL,304.483
BIO-179,Baseline,0,D-dimer,mg/L,0.364
BIO-179,Week 2,2,D-dimer,mg/L,0.307
BIO-179,Week 4,4,D-dimer,mg/L,0.326
BIO-179,Week 8,8,D-dimer,mg/L,0.375
BIO-179,Week 12,12,D-dimer,mg/L,0.419
BIO-179,Baseline,0,LDH,U/L,201.043
BIO-179,Week 2,2,LDH,U/L,194.622
BIO-179,Week 4,4,LDH,U/L,208.148
BIO-179,Week 8,8,LDH,U/L,229.383
BIO-179,Week 12,12,LDH,U/L,200.495
BIO-180,Baseline,0,IL-6,pg/mL,9.229
BIO-180,Week 2,2,IL-6,pg/mL,8.051
BIO-180,Week 4,4,IL-6,pg/mL,7.031
BIO-180,Week 8,8,IL-6,pg/mL,7.315
BIO-180,Week 12,12,IL-6,pg/mL,7.318
BIO-180,Baseline,0,CRP,mg/L,4.704
BIO-180,Week 2,2,CRP,mg/L,4.578
BIO-180,Week 4,4,CRP,mg/L,1.983
BIO-180,Week 8,8,CRP,mg/L,4.911
BIO-180,Week 12,12,CRP,mg/L,3.336
BIO-180,Baseline,0,TNF-alpha,pg/mL,6.715
BIO-180,Week 2,2,TNF-alpha,pg/mL,7.626
BIO-180,Week 4,4,TNF-alpha,pg/mL,8.243
BIO-180,Week 8,8,TNF-alpha,pg/mL,5.954
BIO-180,Week 12,12,TNF-alpha,pg/mL,5.602
BIO-180,Baseline,0,IL-10,pg/mL,3.849
BIO-180,Week 2,2,IL-10,pg/mL,2.095
BIO-180,Week 4,4,IL-10,pg/mL,2.61
BIO-180,Week 8,8,IL-10,pg/mL,1.584
BIO-180,Week 12,12,IL-10,pg/mL,1.851
BIO-180,Baseline,0,IFN-gamma,pg/mL,13.19
BIO-180,Week 2,2,IFN-gamma,pg/mL,13.285
BIO-180,Week 4,4,IFN-gamma,pg/mL,7.737
BIO-180,Week 8,8,IFN-gamma,pg/mL,8.386
BIO-180,Week 12,12,IFN-gamma,pg/mL,9.594
BIO-180,Baseline,0,IL-2,pg/mL,6.843
BIO-180,Week 2,2,IL-2,pg/mL,6.833
BIO-180,Week 4,4,IL-2,pg/mL,5.311
BIO-180,Week 8,8,IL-2,pg/mL,5.316
BIO-180,Week 12,12,IL-2,pg/mL,5.52
BIO-180,Baseline,0,IL-1beta,pg/mL,2.937
BIO-180,Week 2,2,IL-1beta,pg/mL,3.006
BIO-180,Week 4,4,IL-1beta,pg/mL,2.424
BIO-180,Week 8,8,IL-1beta,pg/mL,2.797
BIO-180,Week 12,12,IL-1beta,pg/mL,2.844
BIO-180,Baseline,0,IL-8,pg/mL,9.64
BIO-180,Week 2,2,IL-8,pg/mL,15.26
BIO-180,Week 4,4,IL-8,pg/mL,10.594
BIO-180,Week 8,8,IL-8,pg/mL,8.693
BIO-180,Week 12,12,IL-8,pg/mL,9.719
BIO-180,Baseline,0,VEGF,pg/mL,313.451
BIO-180,Week 2,2,VEGF,pg/mL,281.434
BIO-180,Week 4,4,VEGF,pg/mL,304.833
BIO-180,Week 8,8,VEGF,pg/mL,351.16
BIO-180,Week 12,12,VEGF,pg/mL,358.668
BIO-180,Baseline,0,Ferritin,ng/mL,114.502
BIO-180,Week 2,2,Ferritin,ng/mL,101.474
BIO-180,Week 4,4,Ferritin,ng/mL,57.789
BIO-180,Week 8,8,Ferritin,ng/mL,84.568
BIO-180,Week 12,12,Ferritin,ng/mL,97.76
BIO-180,Baseline,0,D-dimer,mg/L,0.418
BIO-180,Week 2,2,D-dimer,mg/L,0.549
BIO-180,Week 4,4,D-dimer,mg/L,0.723
BIO-180,Week 8,8,D-dimer,mg/L,1.332
BIO-180,Week 12,12,D-dimer,mg/L,0.761
BIO-180,Baseline,0,LDH,U/L,219.517
BIO-180,Week 2,2,LDH,U/L,189.877
BIO-180,Week 4,4,LDH,U/L,243.509
BIO-180,Week 8,8,LDH,U/L,203.189
BIO-180,Week 12,12,LDH,U/L,218.147
BIO-181,Baseline,0,IL-6,pg/mL,5.574
BIO-181,Week 2,2,IL-6,pg/mL,
BIO-181,Week 4,4,IL-6,pg/mL,7.273
BIO-181,Week 8,8,IL-6,pg/mL,6.157
BIO-181,Week 12,12,IL-6,pg/mL,5.901
BIO-181,Baseline,0,CRP,mg/L,7.369
BIO-181,Week 2,2,CRP,mg/L,3.557
BIO-181,Week 4,4,CRP,mg/L,6.681
BIO-181,Week 8,8,CRP,mg/L,5.942
BIO-181,Week 12,12,CRP,mg/L,6.191
BIO-181,Baseline,0,TNF-alpha,pg/mL,7.884
BIO-181,Week 2,2,TNF-alpha,pg/mL,10.722
BIO-181,Week 4,4,TNF-alpha,pg/mL,8.343
BIO-181,Week 8,8,TNF-alpha,pg/mL,6.914
BIO-181,Week 12,12,TNF-alpha,pg/mL,11.35
BIO-181,Baseline,0,IL-10,pg/mL,2.14
BIO-181,Week 2,2,IL-10,pg/mL,5.848
BIO-181,Week 4,4,IL-10,pg/mL,3.004
BIO-181,Week 8,8,IL-10,pg/mL,2.825
BIO-181,Week 12,12,IL-10,pg/mL,3.503
BIO-181,Baseline,0,IFN-gamma,pg/mL,4.182
BIO-181,Week 2,2,IFN-gamma,pg/mL,3.76
BIO-181,Week 4,4,IFN-gamma,pg/mL,3.271
BIO-181,Week 8,8,IFN-gamma,pg/mL,5.256
BIO-181,Week 12,12,IFN-gamma,pg/mL,5.147
BIO-181,Baseline,0,IL-2,pg/mL,4.282
BIO-181,Week 2,2,IL-2,pg/mL,4.953
BIO-181,Week 4,4,IL-2,pg/mL,4.865
BIO-181,Week 8,8,IL-2,pg/mL,4.062
BIO-181,Week 12,12,IL-2,pg/mL,4.066
BIO-181,Baseline,0,IL-1beta,pg/mL,2.701
BIO-181,Week 2,2,IL-1beta,pg/mL,2.671
BIO-181,Week 4,4,IL-1beta,pg/mL,2.179
BIO-181,Week 8,8,IL-1beta,pg/mL,2.897
BIO-181,Week 12,12,IL-1beta,pg/mL,3.073
BIO-181,Baseline,0,IL-8,pg/mL,13.318
BIO-181,Week 2,2,IL-8,pg/mL,8.307
BIO-181,Week 4,4,IL-8,pg/mL,12.008
BIO-181,Week 8,8,IL-8,pg/mL,13.61
BIO-181,Week 12,12,IL-8,pg/mL,13.156
BIO-181,Baseline,0,VEGF,pg/mL,344.392
BIO-181,Week 2,2,VEGF,pg/mL,204.53
BIO-181,Week 4,4,VEGF,pg/mL,252.244
BIO-181,Week 8,8,VEGF,pg/mL,251.532
BIO-181,Week 12,12,VEGF,pg/mL,298.843
BIO-181,Baseline,0,Ferritin,ng/mL,99.276
BIO-181,Week 2,2,Ferritin,ng/mL,51.415
BIO-181,Week 4,4,Ferritin,ng/mL,74.53
BIO-181,Week 8,8,Ferritin,ng/mL,52.189
BIO-181,Week 12,12,Ferritin,ng/mL,73.001
BIO-181,Baseline,0,D-dimer,mg/L,0.465
BIO-181,Week 2,2,D-dimer,mg/L,0.548
BIO-181,Week 4,4,D-dimer,mg/L,0.548
BIO-181,Week 8,8,D-dimer,mg/L,0.693
BIO-181,Week 12,12,D-dimer,mg/L,0.588
BIO-181,Baseline,0,LDH,U/L,205.827
BIO-181,Week 2,2,LDH,U/L,183.621
BIO-181,Week 4,4,LDH,U/L,186.507
BIO-181,Week 8,8,LDH,U/L,196.083
BIO-181,Week 12,12,LDH,U/L,201.854
BIO-182,Baseline,0,IL-6,pg/mL,8.313
BIO-182,Week 2,2,IL-6,pg/mL,7.819
BIO-182,Week 4,4,IL-6,pg/mL,9.621
BIO-182,Week 8,8,IL-6,pg/mL,9.313
BIO-182,Week 12,12,IL-6,pg/mL,7.767
BIO-182,Baseline,0,CRP,mg/L,2.988
BIO-182,Week 2,2,CRP,mg/L,2.201
BIO-182,Week 4,4,CRP,mg/L,3.242
BIO-182,Week 8,8,CRP,mg/L,2.649
BIO-182,Week 12,12,CRP,mg/L,1.996
BIO-182,Baseline,0,TNF-alpha,pg/mL,12.961
BIO-182,Week 2,2,TNF-alpha,pg/mL,14.071
BIO-182,Week 4,4,TNF-alpha,pg/mL,8.776
BIO-182,Week 8,8,TNF-alpha,pg/mL,14.774
BIO-182,Week 12,12,TNF-alpha,pg/mL,11.659
BIO-182,Baseline,0,IL-10,pg/mL,6.872
BIO-182,Week 2,2,IL-10,pg/mL,5.734
BIO-182,Week 4,4,IL-10,pg/mL,4.582
BIO-182,Week 8,8,IL-10,pg/mL,7.333
BIO-182,Week 12,12,IL-10,pg/mL,5.391
BIO-182,Baseline,0,IFN-gamma,pg/mL,6.099
BIO-182,Week 2,2,IFN-gamma,pg/mL,3.088
BIO-182,Week 4,4,IFN-gamma,pg/mL,3.735
BIO-182,Week 8,8,IFN-gamma,pg/mL,1.258
BIO-182,Week 12,12,IFN-gamma,pg/mL,2.794
BIO-182,Baseline,0,IL-2,pg/mL,6.636
BIO-182,Week 2,2,IL-2,pg/mL,5.509
BIO-182,Week 4,4,IL-2,pg/mL,5.52
BIO-182,Week 8,8,IL-2,pg/mL,5.442
BIO-182,Week 12,12,IL-2,pg/mL,5.417
BIO-182,Baseline,0,IL-1beta,pg/mL,2.503
BIO-182,Week 2,2,IL-1beta,pg/mL,2.64
BIO-182,Week 4,4,IL-1beta,pg/mL,2.69
BIO-182,Week 8,8,IL-1beta,pg/mL,2.282
BIO-182,Week 12,12,IL-1beta,pg/mL,2.92
BIO-182,Baseline,0,IL-8,pg/mL,24.156
BIO-182,Week 2,2,IL-8,pg/mL,28.146
BIO-182,Week 4,4,IL-8,pg/mL,25.945
BIO-182,Week 8,8,IL-8,pg/mL,39.856
BIO-182,Week 12,12,IL-8,pg/mL,29.69
BIO-182,Baseline,0,VEGF,pg/mL,219.994
BIO-182,Week 2,2,VEGF,pg/mL,209.215
BIO-182,Week 4,4,VEGF,pg/mL,270.034
BIO-182,Week 8,8,VEGF,pg/mL,262.126
BIO-182,Week 12,12,VEGF,pg/mL,242.823
BIO-182,Baseline,0,Ferritin,ng/mL,133.794
BIO-182,Week 2,2,Ferritin,ng/mL,257.481
BIO-182,Week 4,4,Ferritin,ng/mL,249.818
BIO-182,Week 8,8,Ferritin,ng/mL,118.419
BIO-182,Week 12,12,Ferritin,ng/mL,155.341
BIO-182,Baseline,0,D-dimer,mg/L,0.303
BIO-182,Week 2,2,D-dimer,mg/L,0.398
BIO-182,Week 4,4,D-dimer,mg/L,0.281
BIO-182,Week 8,8,D-dimer,mg/L,0.232
BIO-182,Week 12,12,D-dimer,mg/L,0.328
BIO-182,Baseline,0,LDH,U/L,186.875
BIO-182,Week 2,2,LDH,U/L,213.447
BIO-182,Week 4,4,LDH,U/L,215.08
BIO-182,Week 8,8,LDH,U/L,189.121
BIO-182,Week 12,12,LDH,U/L,222.363
BIO-183,Baseline,0,IL-6,pg/mL,8.09
BIO-183,Week 2,2,IL-6,pg/mL,7.265
BIO-183,Week 4,4,IL-6,pg/mL,4.309
BIO-183,Week 8,8,IL-6,pg/mL,5.788
BIO-183,Week 12,12,IL-6,pg/mL,7.094
BIO-183,Baseline,0,CRP,mg/L,8.958
BIO-183,Week 2,2,CRP,mg/L,11.908
BIO-183,Week 4,4,CRP,mg/L,6.675
BIO-183,Week 8,8,CRP,mg/L,5.906
BIO-183,Week 12,12,CRP,mg/L,11.867
BIO-183,Baseline,0,TNF-alpha,pg/mL,7.47
BIO-183,Week 2,2,TNF-alpha,pg/mL,10.617
BIO-183,Week 4,4,TNF-alpha,pg/mL,7.281
BIO-183,Week 8,8,TNF-alpha,pg/mL,
BIO-183,Week 12,12,TNF-alpha,pg/mL,10.606
BIO-183,Baseline,0,IL-10,pg/mL,4.052
BIO-183,Week 2,2,IL-10,pg/mL,4.739
BIO-183,Week 4,4,IL-10,pg/mL,3.172
BIO-183,Week 8,8,IL-10,pg/mL,4.436
BIO-183,Week 12,12,IL-10,pg/mL,6.122
BIO-183,Baseline,0,IFN-gamma,pg/mL,4.078
BIO-183,Week 2,2,IFN-gamma,pg/mL,5.23
BIO-183,Week 4,4,IFN-gamma,pg/mL,2.059
BIO-183,Week 8,8,IFN-gamma,pg/mL,3.559
BIO-183,Week 12,12,IFN-gamma,pg/mL,3.212
BIO-183,Baseline,0,IL-2,pg/mL,3.963
BIO-183,Week 2,2,IL-2,pg/mL,4.878
BIO-183,Week 4,4,IL-2,pg/mL,3.708
BIO-183,Week 8,8,IL-2,pg/mL,4.135
BIO-183,Week 12,12,IL-2,pg/mL,4.525
BIO-183,Baseline,0,IL-1beta,pg/mL,2.924
BIO-183,Week 2,2,IL-1beta,pg/mL,2.527
BIO-183,Week 4,4,IL-1beta,pg/mL,2.335
BIO-183,Week 8,8,IL-1beta,pg/mL,3.691
BIO-183,Week 12,12,IL-1beta,pg/mL,3.017
BIO-183,Baseline,0,IL-8,pg/mL,14.221
BIO-183,Week 2,2,IL-8,pg/mL,
BIO-183,Week 4,4,IL-8,pg/mL,14.684
BIO-183,Week 8,8,IL-8,pg/mL,10.508
BIO-183,Week 12,12,IL-8,pg/mL,7.044
BIO-183,Baseline,0,VEGF,pg/mL,282.265
BIO-183,Week 2,2,VEGF,pg/mL,264.38
BIO-183,Week 4,4,VEGF,pg/mL,
BIO-183,Week 8,8,VEGF,pg/mL,306.827
BIO-183,Week 12,12,VEGF,pg/mL,215.781
BIO-183,Baseline,0,Ferritin,ng/mL,151.147
BIO-183,Week 2,2,Ferritin,ng/mL,76.204
BIO-183,Week 4,4,Ferritin,ng/mL,132.968
BIO-183,Week 8,8,Ferritin,ng/mL,114.026
BIO-183,Week 12,12,Ferritin,ng/mL,97.623
BIO-183,Baseline,0,D-dimer,mg/L,0.663
BIO-183,Week 2,2,D-dimer,mg/L,0.488
BIO-183,Week 4,4,D-dimer,mg/L,0.403
BIO-183,Week 8,8,D-dimer,mg/L,0.618
BIO-183,Week 12,12,D-dimer,mg/L,0.429
BIO-183,Baseline,0,LDH,U/L,179.231
BIO-183,Week 2,2,LDH,U/L,214.991
BIO-183,Week 4,4,LDH,U/L,169.903
BIO-183,Week 8,8,LDH,U/L,219.233
BIO-183,Week 12,12,LDH,U/L,174.376
BIO-184,Baseline,0,IL-6,pg/mL,6.771
BIO-184,Week 2,2,IL-6,pg/mL,7.591
BIO-184,Week 4,4,IL-6,pg/mL,10.221
BIO-184,Week 8,8,IL-6,pg/mL,8.942
BIO-184,Week 12,12,IL-6,pg/mL,8.281
BIO-184,Baseline,0,CRP,mg/L,2.263
BIO-184,Week 2,2,CRP,mg/L,4.022
BIO-184,Week 4,4,CRP,mg/L,3.894
BIO-184,Week 8,8,CRP,mg/L,4.594
BIO-184,Week 12,12,CRP,mg/L,3.372
BIO-184,Baseline,0,TNF-alpha,pg/mL,6.33
BIO-184,Week 2,2,TNF-alpha,pg/mL,8.131
BIO-184,Week 4,4,TNF-alpha,pg/mL,9.857
BIO-184,Week 8,8,TNF-alpha,pg/mL,
BIO-184,Week 12,12,TNF-alpha,pg/mL,7.125
BIO-184,Baseline,0,IL-10,pg/mL,5.29
BIO-184,Week 2,2,IL-10,pg/mL,5.088
BIO-184,Week 4,4,IL-10,pg/mL,6.361
BIO-184,Week 8,8,IL-10,pg/mL,4.411
BIO-184,Week 12,12,IL-10,pg/mL,4.014
BIO-184,Baseline,0,IFN-gamma,pg/mL,2.114
BIO-184,Week 2,2,IFN-gamma,pg/mL,2.541
BIO-184,Week 4,4,IFN-gamma,pg/mL,2.122
BIO-184,Week 8,8,IFN-gamma,pg/mL,3.363
BIO-184,Week 12,12,IFN-gamma,pg/mL,2.598
BIO-184,Baseline,0,IL-2,pg/mL,4.087
BIO-184,Week 2,2,IL-2,pg/mL,4.314
BIO-184,Week 4,4,IL-2,pg/mL,4.45
BIO-184,Week 8,8,IL-2,pg/mL,4.536
BIO-184,Week 12,12,IL-2,pg/mL,4.159
BIO-184,Baseline,0,IL-1beta,pg/mL,1.774
BIO-184,Week 2,2,IL-1beta,pg/mL,1.907
BIO-184,Week 4,4,IL-1beta,pg/mL,2.615
BIO-184,Week 8,8,IL-1beta,pg/mL,2.124
BIO-184,Week 12,12,IL-1beta,pg/mL,1.692
BIO-184,Baseline,0,IL-8,pg/mL,25.404
BIO-184,Week 2,2,IL-8,pg/mL,13.859
BIO-184,Week 4,4,IL-8,pg/mL,15.693
BIO-184,Week 8,8,IL-8,pg/mL,11.872
BIO-184,Week 12,12,IL-8,pg/mL,18.104
BIO-184,Baseline,0,VEGF,pg/mL,199.622
BIO-184,Week 2,2,VEGF,pg/mL,247.184
BIO-184,Week 4,4,VEGF,pg/mL,252.104
BIO-184,Week 8,8,VEGF,pg/mL,253.716
BIO-184,Week 12,12,VEGF,pg/mL,212.686
BIO-184,Baseline,0,Ferritin,ng/mL,83.633
BIO-184,Week 2,2,Ferritin,ng/mL,144.65
BIO-184,Week 4,4,Ferritin,ng/mL,70.395
BIO-184,Week 8,8,Ferritin,ng/mL,163.021
BIO-184,Week 12,12,Ferritin,ng/mL,154.547
BIO-184,Baseline,0,D-dimer,mg/L,0.306
BIO-184,Week 2,2,D-dimer,mg/L,0.183
BIO-184,Week 4,4,D-dimer,mg/L,0.326
BIO-184,Week 8,8,D-dimer,mg/L,0.294
BIO-184,Week 12,12,D-dimer,mg/L,0.179
BIO-184,Baseline,0,LDH,U/L,173.835
BIO-184,Week 2,2,LDH,U/L,203.324
BIO-184,Week 4,4,LDH,U/L,198.012
BIO-184,Week 8,8,LDH,U/L,177.515
BIO-184,Week 12,12,LDH,U/L,217.336
BIO-185,Baseline,0,IL-6,pg/mL,6.561
BIO-185,Week 2,2,IL-6,pg/mL,7.459
BIO-185,Week 4,4,IL-6,pg/mL,6.248
BIO-185,Week 8,8,IL-6,pg/mL,7.917
BIO-185,Baseline,0,CRP,mg/L,9.376
BIO-185,Week 2,2,CRP,mg/L,5.814
BIO-185,Week 4,4,CRP,mg/L,2.981
BIO-185,Week 8,8,CRP,mg/L,2.611
BIO-185,Baseline,0,TNF-alpha,pg/mL,10.079
BIO-185,Week 2,2,TNF-alpha,pg/mL,10.482
BIO-185,Week 4,4,TNF-alpha,pg/mL,13.292
BIO-185,Week 8,8,TNF-alpha,pg/mL,12.28
BIO-185,Baseline,0,IL-10,pg/mL,3.797
BIO-185,Week 2,2,IL-10,pg/mL,3.695
BIO-185,Week 4,4,IL-10,pg/mL,4.748
BIO-185,Week 8,8,IL-10,pg/mL,6.058
BIO-185,Baseline,0,IFN-gamma,pg/mL,4.675
BIO-185,Week 2,2,IFN-gamma,pg/mL,6.823
BIO-185,Week 4,4,IFN-gamma,pg/mL,6.016
BIO-185,Week 8,8,IFN-gamma,pg/mL,
BIO-185,Baseline,0,IL-2,pg/mL,5.23
BIO-185,Week 2,2,IL-2,pg/mL,6.108
BIO-185,Week 4,4,IL-2,pg/mL,6.311
BIO-185,Week 8,8,IL-2,pg/mL,5.98
BIO-185,Baseline,0,IL-1beta,pg/mL,2.521
BIO-185,Week 2,2,IL-1beta,pg/mL,2.022
BIO-185,Week 4,4,IL-1beta,pg/mL,1.808
BIO-185,Week 8,8,IL-1beta,pg/mL,2.306
BIO-185,Baseline,0,IL-8,pg/mL,14.79
BIO-185,Week 2,2,IL-8,pg/mL,15.444
BIO-185,Week 4,4,IL-8,pg/mL,9.794
BIO-185,Week 8,8,IL-8,pg/mL,
BIO-185,Baseline,0,VEGF,pg/mL,203.568
BIO-185,Week 2,2,VEGF,pg/mL,257.366
BIO-185,Week 4,4,VEGF,pg/mL,
BIO-185,Week 8,8,VEGF,pg/mL,216.152
BIO-185,Baseline,0,Ferritin,ng/mL,123.68
BIO-185,Week 2,2,Ferritin,ng/mL,113.234
BIO-185,Week 4,4,Ferritin,ng/mL,158.465
BIO-185,Week 8,8,Ferritin,ng/mL,133.689
BIO-185,Baseline,0,D-dimer,mg/L,0.179
BIO-185,Week 2,2,D-dimer,mg/L,0.218
BIO-185,Week 4,4,D-dimer,mg/L,0.329
BIO-185,Week 8,8,D-dimer,mg/L,0.221
BIO-185,Baseline,0,LDH,U/L,178.325
BIO-185,Week 2,2,LDH,U/L,185.492
BIO-185,Week 4,4,LDH,U/L,213.508
BIO-185,Week 8,8,LDH,U/L,192.104
BIO-186,Baseline,0,IL-6,pg/mL,8.353
BIO-186,Week 2,2,IL-6,pg/mL,6.394
BIO-186,Week 4,4,IL-6,pg/mL,5.681
BIO-186,Week 8,8,IL-6,pg/mL,4.42
BIO-186,Week 12,12,IL-6,pg/mL,5.355
BIO-186,Baseline,0,CRP,mg/L,1.372
BIO-186,Week 2,2,CRP,mg/L,1.846
BIO-186,Week 4,4,CRP,mg/L,2.602
BIO-186,Week 8,8,CRP,mg/L,2.426
BIO-186,Week 12,12,CRP,mg/L,4.075
BIO-186,Baseline,0,TNF-alpha,pg/mL,9.888
BIO-186,Week 2,2,TNF-alpha,pg/mL,9.933
BIO-186,Week 4,4,TNF-alpha,pg/mL,
BIO-186,Week 8,8,TNF-alpha,pg/mL,7.922
BIO-186,Week 12,12,TNF-alpha,pg/mL,12.813
BIO-186,Baseline,0,IL-10,pg/mL,5.845
BIO-186,Week 2,2,IL-10,pg/mL,5.501
BIO-186,Week 4,4,IL-10,pg/mL,6.52
BIO-186,Week 8,8,IL-10,pg/mL,6.863
BIO-186,Week 12,12,IL-10,pg/mL,7.608
BIO-186,Baseline,0,IFN-gamma,pg/mL,4.983
BIO-186,Week 2,2,IFN-gamma,pg/mL,3.855
BIO-186,Week 4,4,IFN-gamma,pg/mL,4.261
BIO-186,Week 8,8,IFN-gamma,pg/mL,4.928
BIO-186,Week 12,12,IFN-gamma,pg/mL,5.162
BIO-186,Baseline,0,IL-2,pg/mL,5.959
BIO-186,Week 2,2,IL-2,pg/mL,5.224
BIO-186,Week 4,4,IL-2,pg/mL,6.845
BIO-186,Week 8,8,IL-2,pg/mL,5.192
BIO-186,Week 12,12,IL-2,pg/mL,6.102
BIO-186,Baseline,0,IL-1beta,pg/mL,2.14
BIO-186,Week 2,2,IL-1beta,pg/mL,2.464
BIO-186,Week 4,4,IL-1beta,pg/mL,1.868
BIO-186,Week 8,8,IL-1beta,pg/mL,2.156
BIO-186,Week 12,12,IL-1beta,pg/mL,2.028
BIO-186,Baseline,0,IL-8,pg/mL,17.339
BIO-186,Week 2,2,IL-8,pg/mL,19.858
BIO-186,Week 4,4,IL-8,pg/mL,21.814
BIO-186,Week 8,8,IL-8,pg/mL,20.271
BIO-186,Week 12,12,IL-8,pg/mL,11.865
BIO-186,Baseline,0,VEGF,pg/mL,245.529
BIO-186,Week 2,2,VEGF,pg/mL,251.275
BIO-186,Week 4,4,VEGF,pg/mL,212.067
BIO-186,Week 8,8,VEGF,pg/mL,205.958
BIO-186,Week 12,12,VEGF,pg/mL,245.867
BIO-186,Baseline,0,Ferritin,ng/mL,275.372
BIO-186,Week 2,2,Ferritin,ng/mL,196.574
BIO-186,Week 4,4,Ferritin,ng/mL,316.023
BIO-186,Week 8,8,Ferritin,ng/mL,147.201
BIO-186,Week 12,12,Ferritin,ng/mL,191.302
BIO-186,Baseline,0,D-dimer,mg/L,0.63
BIO-186,Week 2,2,D-dimer,mg/L,0.46
BIO-186,Week 4,4,D-dimer,mg/L,1.136
BIO-186,Week 8,8,D-dimer,mg/L,0.347
BIO-186,Week 12,12,D-dimer,mg/L,0.518
BIO-186,Baseline,0,LDH,U/L,180.214
BIO-186,Week 2,2,LDH,U/L,187.989
BIO-186,Week 4,4,LDH,U/L,164.772
BIO-186,Week 8,8,LDH,U/L,
BIO-186,Week 12,12,LDH,U/L,171.451
BIO-187,Baseline,0,IL-6,pg/mL,7.718
BIO-187,Week 2,2,IL-6,pg/mL,6.977
BIO-187,Week 4,4,IL-6,pg/mL,8.179
BIO-187,Week 8,8,IL-6,pg/mL,
BIO-187,Week 12,12,IL-6,pg/mL,7.863
BIO-187,Baseline,0,CRP,mg/L,2.116
BIO-187,Week 2,2,CRP,mg/L,0.703
BIO-187,Week 4,4,CRP,mg/L,1.413
BIO-187,Week 8,8,CRP,mg/L,1.966
BIO-187,Week 12,12,CRP,mg/L,1.842
BIO-187,Baseline,0,TNF-alpha,pg/mL,13.08
BIO-187,Week 2,2,TNF-alpha,pg/mL,13.046
BIO-187,Week 4,4,TNF-alpha,pg/mL,11.442
BIO-187,Week 8,8,TNF-alpha,pg/mL,13.318
BIO-187,Week 12,12,TNF-alpha,pg/mL,14.99
BIO-187,Baseline,0,IL-10,pg/mL,6.692
BIO-187,Week 2,2,IL-10,pg/mL,6.833
BIO-187,Week 4,4,IL-10,pg/mL,5.228
BIO-187,Week 8,8,IL-10,pg/mL,5.175
BIO-187,Week 12,12,IL-10,pg/mL,6.097
BIO-187,Baseline,0,IFN-gamma,pg/mL,6.348
BIO-187,Week 2,2,IFN-gamma,pg/mL,2.587
BIO-187,Week 4,4,IFN-gamma,pg/mL,3.74
BIO-187,Week 8,8,IFN-gamma,pg/mL,1.669
BIO-187,Week 12,12,IFN-gamma,pg/mL,5.298
BIO-187,Baseline,0,IL-2,pg/mL,3.318
BIO-187,Week 2,2,IL-2,pg/mL,4.1
BIO-187,Week 4,4,IL-2,pg/mL,3.604
BIO-187,Week 8,8,IL-2,pg/mL,4.686
BIO-187,Week 12,12,IL-2,pg/mL,3.306
BIO-187,Baseline,0,IL-1beta,pg/mL,2.707
BIO-187,Week 2,2,IL-1beta,pg/mL,2.933
BIO-187,Week 4,4,IL-1beta,pg/mL,2.372
BIO-187,Week 8,8,IL-1beta,pg/mL,2.55
BIO-187,Week 12,12,IL-1beta,pg/mL,2.648
BIO-187,Baseline,0,IL-8,pg/mL,10.962
BIO-187,Week 2,2,IL-8,pg/mL,9.667
BIO-187,Week 4,4,IL-8,pg/mL,22.161
BIO-187,Week 8,8,IL-8,pg/mL,9.689
BIO-187,Week 12,12,IL-8,pg/mL,16.294
BIO-187,Baseline,0,VEGF,pg/mL,236.906
BIO-187,Week 2,2,VEGF,pg/mL,153.342
BIO-187,Week 4,4,VEGF,pg/mL,253.684
BIO-187,Week 8,8,VEGF,pg/mL,179.919
BIO-187,Week 12,12,VEGF,pg/mL,251.124
BIO-187,Baseline,0,Ferritin,ng/mL,39.312
BIO-187,Week 2,2,Ferritin,ng/mL,66.993
BIO-187,Week 4,4,Ferritin,ng/mL,92.437
BIO-187,Week 8,8,Ferritin,ng/mL,65.579
BIO-187,Week 12,12,Ferritin,ng/mL,65.299
BIO-187,Baseline,0,D-dimer,mg/L,0.416
BIO-187,Week 2,2,D-dimer,mg/L,0.35
BIO-187,Week 4,4,D-dimer,mg/L,0.459
BIO-187,Week 8,8,D-dimer,mg/L,0.379
BIO-187,Week 12,12,D-dimer,mg/L,0.265
BIO-187,Baseline,0,LDH,U/L,215.141
BIO-187,Week 2,2,LDH,U/L,237.898
BIO-187,Week 4,4,LDH,U/L,213.308
BIO-187,Week 8,8,LDH,U/L,234.479
BIO-187,Week 12,12,LDH,U/L,214.603
BIO-188,Baseline,0,IL-6,pg/mL,5.2
BIO-188,Week 2,2,IL-6,pg/mL,2.065
BIO-188,Week 4,4,IL-6,pg/mL,6.377
BIO-188,Week 8,8,IL-6,pg/mL,3.743
BIO-188,Week 12,12,IL-6,pg/mL,3.638
BIO-188,Baseline,0,CRP,mg/L,1.581
BIO-188,Week 2,2,CRP,mg/L,3.734
BIO-188,Week 4,4,CRP,mg/L,1.575
BIO-188,Week 8,8,CRP,mg/L,2.09
BIO-188,Week 12,12,CRP,mg/L,1.653
BIO-188,Baseline,0,TNF-alpha,pg/mL,17.941
BIO-188,Week 2,2,TNF-alpha,pg/mL,12.897
BIO-188,Week 4,4,TNF-alpha,pg/mL,18.2
BIO-188,Week 8,8,TNF-alpha,pg/mL,16.539
BIO-188,Week 12,12,TNF-alpha,pg/mL,11.238
BIO-188,Baseline,0,IL-10,pg/mL,7.601
BIO-188,Week 2,2,IL-10,pg/mL,7.634
BIO-188,Week 4,4,IL-10,pg/mL,9.993
BIO-188,Week 8,8,IL-10,pg/mL,7.57
BIO-188,Week 12,12,IL-10,pg/mL,6.755
BIO-188,Baseline,0,IFN-gamma,pg/mL,3.552
BIO-188,Week 2,2,IFN-gamma,pg/mL,3.906
BIO-188,Week 4,4,IFN-gamma,pg/mL,2.907
BIO-188,Week 8,8,IFN-gamma,pg/mL,3.864
BIO-188,Week 12,12,IFN-gamma,pg/mL,
BIO-188,Baseline,0,IL-2,pg/mL,6.1
BIO-188,Week 2,2,IL-2,pg/mL,6.081
BIO-188,Week 4,4,IL-2,pg/mL,5.341
BIO-188,Week 8,8,IL-2,pg/mL,6.984
BIO-188,Week 12,12,IL-2,pg/mL,6.432
BIO-188,Baseline,0,IL-1beta,pg/mL,2.482
BIO-188,Week 2,2,IL-1beta,pg/mL,2.183
BIO-188,Week 4,4,IL-1beta,pg/mL,2.715
BIO-188,Week 8,8,IL-1beta,pg/mL,2.969
BIO-188,Week 12,12,IL-1beta,pg/mL,2.098
BIO-188,Baseline,0,IL-8,pg/mL,7.028
BIO-188,Week 2,2,IL-8,pg/mL,14.015
BIO-188,Week 4,4,IL-8,pg/mL,17.195
BIO-188,Week 8,8,IL-8,pg/mL,14.041
BIO-188,Week 12,12,IL-8,pg/mL,8.389
BIO-188,Baseline,0,VEGF,pg/mL,260.267
BIO-188,Week 2,2,VEGF,pg/mL,282.79
BIO-188,Week 4,4,VEGF,pg/mL,284.988
BIO-188,Week 8,8,VEGF,pg/mL,248.083
BIO-188,Week 12,12,VEGF,pg/mL,305.901
BIO-188,Baseline,0,Ferritin,ng/mL,145.335
BIO-188,Week 2,2,Ferritin,ng/mL,123.954
BIO-188,Week 4,4,Ferritin,ng/mL,76.149
BIO-188,Week 8,8,Ferritin,ng/mL,81.384
BIO-188,Week 12,12,Ferritin,ng/mL,164.463
BIO-188,Baseline,0,D-dimer,mg/L,0.266
BIO-188,Week 2,2,D-dimer,mg/L,0.353
BIO-188,Week 4,4,D-dimer,mg/L,0.216
BIO-188,Week 8,8,D-dimer,mg/L,0.389
BIO-188,Week 12,12,D-dimer,mg/L,0.461
BIO-188,Baseline,0,LDH,U/L,151.614
BIO-188,Week 2,2,LDH,U/L,156.02
BIO-188,Week 4,4,LDH,U/L,180.362
BIO-188,Week 8,8,LDH,U/L,152.436
BIO-188,Week 12,12,LDH,U/L,184.487
BIO-189,Baseline,0,IL-6,pg/mL,4.333
BIO-189,Week 4,4,IL-6,pg/mL,6.024
BIO-189,Week 8,8,IL-6,pg/mL,4.911
BIO-189,Week 12,12,IL-6,pg/mL,5.645
BIO-189,Baseline,0,CRP,mg/L,1.708
BIO-189,Week 4,4,CRP,mg/L,3.889
BIO-189,Week 8,8,CRP,mg/L,2.552
BIO-189,Week 12,12,CRP,mg/L,5.08
BIO-189,Baseline,0,TNF-alpha,pg/mL,7.314
BIO-189,Week 4,4,TNF-alpha,pg/mL,8.755
BIO-189,Week 8,8,TNF-alpha,pg/mL,8.973
BIO-189,Week 12,12,TNF-alpha,pg/mL,9.939
BIO-189,Baseline,0,IL-10,pg/mL,2.985
BIO-189,Week 4,4,IL-10,pg/mL,4.156
BIO-189,Week 8,8,IL-10,pg/mL,2.959
BIO-189,Week 12,12,IL-10,pg/mL,5.002
BIO-189,Baseline,0,IFN-gamma,pg/mL,4.589
BIO-189,Week 4,4,IFN-gamma,pg/mL,2.047
BIO-189,Week 8,8,IFN-gamma,pg/mL,5.056
BIO-189,Week 12,12,IFN-gamma,pg/mL,3.327
BIO-189,Baseline,0,IL-2,pg/mL,5.787
BIO-189,Week 4,4,IL-2,pg/mL,5.769
BIO-189,Week 8,8,IL-2,pg/mL,5.597
BIO-189,Week 12,12,IL-2,pg/mL,5.826
BIO-189,Baseline,0,IL-1beta,pg/mL,1.963
BIO-189,Week 4,4,IL-1beta,pg/mL,1.877
BIO-189,Week 8,8,IL-1beta,pg/mL,1.487
BIO-189,Week 12,12,IL-1beta,pg/mL,2.125
BIO-189,Baseline,0,IL-8,pg/mL,26.185
BIO-189,Week 4,4,IL-8,pg/mL,25.476
BIO-189,Week 8,8,IL-8,pg/mL,23.308
BIO-189,Week 12,12,IL-8,pg/mL,6.574
BIO-189,Baseline,0,VEGF,pg/mL,220.588
BIO-189,Week 4,4,VEGF,pg/mL,175.781
BIO-189,Week 8,8,VEGF,pg/mL,188.155
BIO-189,Week 12,12,VEGF,pg/mL,221.518
BIO-189,Baseline,0,Ferritin,ng/mL,209.921
BIO-189,Week 4,4,Ferritin,ng/mL,172.042
BIO-189,Week 8,8,Ferritin,ng/mL,169.16
BIO-189,Week 12,12,Ferritin,ng/mL,206.988
BIO-189,Baseline,0,D-dimer,mg/L,0.321
BIO-189,Week 4,4,D-dimer,mg/L,0.501
BIO-189,Week 8,8,D-dimer,mg/L,0.387
BIO-189,Week 12,12,D-dimer,mg/L,0.383
BIO-189,Baseline,0,LDH,U/L,151.635
BIO-189,Week 4,4,LDH,U/L,188.219
BIO-189,Week 8,8,LDH,U/L,168.038
BIO-189,Week 12,12,LDH,U/L,163.505
BIO-190,Baseline,0,IL-6,pg/mL,11.239
BIO-190,Week 2,2,IL-6,pg/mL,10.465
BIO-190,Week 4,4,IL-6,pg/mL,8.588
BIO-190,Week 8,8,IL-6,pg/mL,9.309
BIO-190,Week 12,12,IL-6,pg/mL,10.291
BIO-190,Baseline,0,CRP,mg/L,2.355
BIO-190,Week 2,2,CRP,mg/L,1.875
BIO-190,Week 4,4,CRP,mg/L,1.81
BIO-190,Week 8,8,CRP,mg/L,1.126
BIO-190,Week 12,12,CRP,mg/L,3.208
BIO-190,Baseline,0,TNF-alpha,pg/mL,14.694
BIO-190,Week 2,2,TNF-alpha,pg/mL,11.486
BIO-190,Week 4,4,TNF-alpha,pg/mL,13.422
BIO-190,Week 8,8,TNF-alpha,pg/mL,13.196
BIO-190,Week 12,12,TNF-alpha,pg/mL,13.042
BIO-190,Baseline,0,IL-10,pg/mL,7.622
BIO-190,Week 2,2,IL-10,pg/mL,4.612
BIO-190,Week 4,4,IL-10,pg/mL,6.387
BIO-190,Week 8,8,IL-10,pg/mL,4.759
BIO-190,Week 12,12,IL-10,pg/mL,7.339
BIO-190,Baseline,0,IFN-gamma,pg/mL,2.847
BIO-190,Week 2,2,IFN-gamma,pg/mL,1.343
BIO-190,Week 4,4,IFN-gamma,pg/mL,2.335
BIO-190,Week 8,8,IFN-gamma,pg/mL,2.206
BIO-190,Week 12,12,IFN-gamma,pg/mL,2.488
BIO-190,Baseline,0,IL-2,pg/mL,3.327
BIO-190,Week 2,2,IL-2,pg/mL,4.703
BIO-190,Week 4,4,IL-2,pg/mL,2.806
BIO-190,Week 8,8,IL-2,pg/mL,4.789
BIO-190,Week 12,12,IL-2,pg/mL,2.777
BIO-190,Baseline,0,IL-1beta,pg/mL,1.609
BIO-190,Week 2,2,IL-1beta,pg/mL,2.786
BIO-190,Week 4,4,IL-1beta,pg/mL,2.255
BIO-190,Week 8,8,IL-1beta,pg/mL,2.3
BIO-190,Week 12,12,IL-1beta,pg/mL,2.755
BIO-190,Baseline,0,IL-8,pg/mL,15.539
BIO-190,Week 2,2,IL-8,pg/mL,25.236
BIO-190,Week 4,4,IL-8,pg/mL,20.632
BIO-190,Week 8,8,IL-8,pg/mL,14.295
BIO-190,Week 12,12,IL-8,pg/mL,22.956
BIO-190,Baseline,0,VEGF,pg/mL,246.301
BIO-190,Week 2,2,VEGF,pg/mL,188.83
BIO-190,Week 4,4,VEGF,pg/mL,224.885
BIO-190,Week 8,8,VEGF,pg/mL,212.418
BIO-190,Week 12,12,VEGF,pg/mL,231.432
BIO-190,Baseline,0,Ferritin,ng/mL,150.837
BIO-190,Week 2,2,Ferritin,ng/mL,200.317
BIO-190,Week 4,4,Ferritin,ng/mL,138.048
BIO-190,Week 8,8,Ferritin,ng/mL,147.617
BIO-190,Week 12,12,Ferritin,ng/mL,130.816
BIO-190,Baseline,0,D-dimer,mg/L,0.292
BIO-190,Week 2,2,D-dimer,mg/L,0.331
BIO-190,Week 4,4,D-dimer,mg/L,0.471
BIO-190,Week 8,8,D-dimer,mg/L,0.375
BIO-190,Week 12,12,D-dimer,mg/L,0.302
BIO-190,Baseline,0,LDH,U/L,156.734
BIO-190,Week 2,2,LDH,U/L,174.259
BIO-190,Week 4,4,LDH,U/L,171.25
BIO-190,Week 8,8,LDH,U/L,157.588
BIO-190,Week 12,12,LDH,U/L,178.265
BIO-191,Baseline,0,IL-6,pg/mL,9.536
BIO-191,Week 2,2,IL-6,pg/mL,7.535
BIO-191,Week 4,4,IL-6,pg/mL,7.915
BIO-191,Week 8,8,IL-6,pg/mL,7.34
BIO-191,Week 12,12,IL-6,pg/mL,7.071
BIO-191,Baseline,0,CRP,mg/L,2.011
BIO-191,Week 2,2,CRP,mg/L,1.321
BIO-191,Week 4,4,CRP,mg/L,2.128
BIO-191,Week 8,8,CRP,mg/L,2.012
BIO-191,Week 12,12,CRP,mg/L,2.124
BIO-191,Baseline,0,TNF-alpha,pg/mL,12.81
BIO-191,Week 2,2,TNF-alpha,pg/mL,14.99
BIO-191,Week 4,4,TNF-alpha,pg/mL,15.372
BIO-191,Week 8,8,TNF-alpha,pg/mL,15.417
BIO-191,Week 12,12,TNF-alpha,pg/mL,13.635
BIO-191,Baseline,0,IL-10,pg/mL,5.825
BIO-191,Week 2,2,IL-10,pg/mL,7.694
BIO-191,Week 4,4,IL-10,pg/mL,6.738
BIO-191,Week 8,8,IL-10,pg/mL,
BIO-191,Week 12,12,IL-10,pg/mL,7.114
BIO-191,Baseline,0,IFN-gamma,pg/mL,7.352
BIO-191,Week 2,2,IFN-gamma,pg/mL,4.372
BIO-191,Week 4,4,IFN-gamma,pg/mL,4.889
BIO-191,Week 8,8,IFN-gamma,pg/mL,7.428
BIO-191,Week 12,12,IFN-gamma,pg/mL,4.108
BIO-191,Baseline,0,IL-2,pg/mL,5.032
BIO-191,Week 2,2,IL-2,pg/mL,3.776
BIO-191,Week 4,4,IL-2,pg/mL,4.778
BIO-191,Week 8,8,IL-2,pg/mL,4.959
BIO-191,Week 12,12,IL-2,pg/mL,3.106
BIO-191,Baseline,0,IL-1beta,pg/mL,2.535
BIO-191,Week 2,2,IL-1beta,pg/mL,2.862
BIO-191,Week 4,4,IL-1beta,pg/mL,2.844
BIO-191,Week 8,8,IL-1beta,pg/mL,2.785
BIO-191,Week 12,12,IL-1beta,pg/mL,3.307
BIO-191,Baseline,0,IL-8,pg/mL,24.837
BIO-191,Week 2,2,IL-8,pg/mL,26.847
BIO-191,Week 4,4,IL-8,pg/mL,33.008
BIO-191,Week 8,8,IL-8,pg/mL,34.584
BIO-191,Week 12,12,IL-8,pg/mL,36.352
BIO-191,Baseline,0,VEGF,pg/mL,288.03
BIO-191,Week 2,2,VEGF,pg/mL,239.166
BIO-191,Week 4,4,VEGF,pg/mL,255.525
BIO-191,Week 8,8,VEGF,pg/mL,322.342
BIO-191,Week 12,12,VEGF,pg/mL,272.135
BIO-191,Baseline,0,Ferritin,ng/mL,55.955
BIO-191,Week 2,2,Ferritin,ng/mL,78.502
BIO-191,Week 4,4,Ferritin,ng/mL,101.938
BIO-191,Week 8,8,Ferritin,ng/mL,89.254
BIO-191,Week 12,12,Ferritin,ng/mL,66.924
BIO-191,Baseline,0,D-dimer,mg/L,0.784
BIO-191,Week 2,2,D-dimer,mg/L,0.99
BIO-191,Week 4,4,D-dimer,mg/L,0.456
BIO-191,Week 8,8,D-dimer,mg/L,0.617
BIO-191,Week 12,12,D-dimer,mg/L,0.602
BIO-191,Baseline,0,LDH,U/L,180.91
BIO-191,Week 2,2,LDH,U/L,179.498
BIO-191,Week 4,4,LDH,U/L,151.068
BIO-191,Week 8,8,LDH,U/L,179.945
BIO-191,Week 12,12,LDH,U/L,150.934
BIO-192,Baseline,0,IL-6,pg/mL,7.952
BIO-192,Week 2,2,IL-6,pg/mL,5.082
BIO-192,Week 4,4,IL-6,pg/mL,4.746
BIO-192,Baseline,0,CRP,mg/L,5.045
BIO-192,Week 2,2,CRP,mg/L,4.597
BIO-192,Week 4,4,CRP,mg/L,5.99
BIO-192,Baseline,0,TNF-alpha,pg/mL,6.927
BIO-192,Week 2,2,TNF-alpha,pg/mL,9.513
BIO-192,Week 4,4,TNF-alpha,pg/mL,3.272
BIO-192,Baseline,0,IL-10,pg/mL,4.535
BIO-192,Week 2,2,IL-10,pg/mL,5.547
BIO-192,Week 4,4,IL-10,pg/mL,3.202
BIO-192,Baseline,0,IFN-gamma,pg/mL,6.065
BIO-192,Week 2,2,IFN-gamma,pg/mL,3.995
BIO-192,Week 4,4,IFN-gamma,pg/mL,2.105
BIO-192,Baseline,0,IL-2,pg/mL,3.521
BIO-192,Week 2,2,IL-2,pg/mL,4.492
BIO-192,Week 4,4,IL-2,pg/mL,2.44
BIO-192,Baseline,0,IL-1beta,pg/mL,2.131
BIO-192,Week 2,2,IL-1beta,pg/mL,2.222
BIO-192,Week 4,4,IL-1beta,pg/mL,2.025
BIO-192,Baseline,0,IL-8,pg/mL,20.098
BIO-192,Week 2,2,IL-8,pg/mL,14.388
BIO-192,Week 4,4,IL-8,pg/mL,16.717
BIO-192,Baseline,0,VEGF,pg/mL,267.48
BIO-192,Week 2,2,VEGF,pg/mL,323.289
BIO-192,Week 4,4,VEGF,pg/mL,298.405
BIO-192,Baseline,0,Ferritin,ng/mL,165.328
BIO-192,Week 2,2,Ferritin,ng/mL,223.579
BIO-192,Week 4,4,Ferritin,ng/mL,200.033
BIO-192,Baseline,0,D-dimer,mg/L,0.333
BIO-192,Week 2,2,D-dimer,mg/L,0.322
BIO-192,Week 4,4,D-dimer,mg/L,0.304
BIO-192,Baseline,0,LDH,U/L,150.23
BIO-192,Week 2,2,LDH,U/L,144.381
BIO-192,Week 4,4,LDH,U/L,120.715
BIO-193,Baseline,0,IL-6,pg/mL,10.039
BIO-193,Week 2,2,IL-6,pg/mL,8.644
BIO-193,Week 4,4,IL-6,pg/mL,7.712
BIO-193,Week 8,8,IL-6,pg/mL,6.143
BIO-193,Week 12,12,IL-6,pg/mL,7.306
BIO-193,Baseline,0,CRP,mg/L,1.237
BIO-193,Week 2,2,CRP,mg/L,
BIO-193,Week 4,4,CRP,mg/L,0.879
BIO-193,Week 8,8,CRP,mg/L,1.255
BIO-193,Week 12,12,CRP,mg/L,1.582
BIO-193,Baseline,0,TNF-alpha,pg/mL,8.539
BIO-193,Week 2,2,TNF-alpha,pg/mL,8.096
BIO-193,Week 4,4,TNF-alpha,pg/mL,7.276
BIO-193,Week 8,8,TNF-alpha,pg/mL,6.274
BIO-193,Week 12,12,TNF-alpha,pg/mL,9.492
BIO-193,Baseline,0,IL-10,pg/mL,2.971
BIO-193,Week 2,2,IL-10,pg/mL,2.497
BIO-193,Week 4,4,IL-10,pg/mL,2.667
BIO-193,Week 8,8,IL-10,pg/mL,3.384
BIO-193,Week 12,12,IL-10,pg/mL,3.838
BIO-193,Baseline,0,IFN-gamma,pg/mL,7.38
BIO-193,Week 2,2,IFN-gamma,pg/mL,5.209
BIO-193,Week 4,4,IFN-gamma,pg/mL,6.985
BIO-193,Week 8,8,IFN-gamma,pg/mL,3.296
BIO-193,Week 12,12,IFN-gamma,pg/mL,5.755
BIO-193,Baseline,0,IL-2,pg/mL,4.071
BIO-193,Week 2,2,IL-2,pg/mL,4.987
BIO-193,Week 4,4,IL-2,pg/mL,5.225
BIO-193,Week 8,8,IL-2,pg/mL,5.246
BIO-193,Week 12,12,IL-2,pg/mL,5.776
BIO-193,Baseline,0,IL-1beta,pg/mL,3.012
BIO-193,Week 2,2,IL-1beta,pg/mL,2.674
BIO-193,Week 4,4,IL-1beta,pg/mL,3.389
BIO-193,Week 8,8,IL-1beta,pg/mL,2.517
BIO-193,Week 12,12,IL-1beta,pg/mL,2.986
BIO-193,Baseline,0,IL-8,pg/mL,19.661
BIO-193,Week 2,2,IL-8,pg/mL,6
BIO-193,Week 4,4,IL-8,pg/mL,9.436
BIO-193,Week 8,8,IL-8,pg/mL,
BIO-193,Week 12,12,IL-8,pg/mL,13.828
BIO-193,Baseline,0,VEGF,pg/mL,176.932
BIO-193,Week 2,2,VEGF,pg/mL,186.544
BIO-193,Week 4,4,VEGF,pg/mL,198.479
BIO-193,Week 8,8,VEGF,pg/mL,231.714
BIO-193,Week 12,12,VEGF,pg/mL,244.952
BIO-193,Baseline,0,Ferritin,ng/mL,201.981
BIO-193,Week 2,2,Ferritin,ng/mL,140.346
BIO-193,Week 4,4,Ferritin,ng/mL,189.471
BIO-193,Week 8,8,Ferritin,ng/mL,265.952
BIO-193,Week 12,12,Ferritin,ng/mL,143.028
BIO-193,Baseline,0,D-dimer,mg/L,0.7
BIO-193,Week 2,2,D-dimer,mg/L,0.444
BIO-193,Week 4,4,D-dimer,mg/L,0.38
BIO-193,Week 8,8,D-dimer,mg/L,0.322
BIO-193,Week 12,12,D-dimer,mg/L,0.308
BIO-193,Baseline,0,LDH,U/L,196.824
BIO-193,Week 2,2,LDH,U/L,231.469
BIO-193,Week 4,4,LDH,U/L,224.42
BIO-193,Week 8,8,LDH,U/L,203.687
BIO-193,Week 12,12,LDH,U/L,192.97
BIO-194,Baseline,0,IL-6,pg/mL,7.9
BIO-194,Week 2,2,IL-6,pg/mL,6.884
BIO-194,Week 4,4,IL-6,pg/mL,8.233
BIO-194,Week 8,8,IL-6,pg/mL,7.483
BIO-194,Baseline,0,CRP,mg/L,2.463
BIO-194,Week 2,2,CRP,mg/L,1.628
BIO-194,Week 4,4,CRP,mg/L,2.675
BIO-194,Week 8,8,CRP,mg/L,1.622
BIO-194,Baseline,0,TNF-alpha,pg/mL,8.732
BIO-194,Week 2,2,TNF-alpha,pg/mL,5.632
BIO-194,Week 4,4,TNF-alpha,pg/mL,8.69
BIO-194,Week 8,8,TNF-alpha,pg/mL,5.702
BIO-194,Baseline,0,IL-10,pg/mL,5.615
BIO-194,Week 2,2,IL-10,pg/mL,2.982
BIO-194,Week 4,4,IL-10,pg/mL,4.024
BIO-194,Week 8,8,IL-10,pg/mL,2.607
BIO-194,Baseline,0,IFN-gamma,pg/mL,4.613
BIO-194,Week 2,2,IFN-gamma,pg/mL,4.481
BIO-194,Week 4,4,IFN-gamma,pg/mL,3.606
BIO-194,Week 8,8,IFN-gamma,pg/mL,6.717
BIO-194,Baseline,0,IL-2,pg/mL,3.927
BIO-194,Week 2,2,IL-2,pg/mL,2.455
BIO-194,Week 4,4,IL-2,pg/mL,2.363
BIO-194,Week 8,8,IL-2,pg/mL,3.135
BIO-194,Baseline,0,IL-1beta,pg/mL,3.522
BIO-194,Week 2,2,IL-1beta,pg/mL,3.595
BIO-194,Week 4,4,IL-1beta,pg/mL,3.323
BIO-194,Week 8,8,IL-1beta,pg/mL,3.762
BIO-194,Baseline,0,IL-8,pg/mL,8.293
BIO-194,Week 2,2,IL-8,pg/mL,11.812
BIO-194,Week 4,4,IL-8,pg/mL,9.249
BIO-194,Week 8,8,IL-8,pg/mL,10.865
BIO-194,Baseline,0,VEGF,pg/mL,221.942
BIO-194,Week 2,2,VEGF,pg/mL,190.106
BIO-194,Week 4,4,VEGF,pg/mL,167.16
BIO-194,Week 8,8,VEGF,pg/mL,224.506
BIO-194,Baseline,0,Ferritin,ng/mL,71.132
BIO-194,Week 2,2,Ferritin,ng/mL,95.812
BIO-194,Week 4,4,Ferritin,ng/mL,67.817
BIO-194,Week 8,8,Ferritin,ng/mL,56.268
BIO-194,Baseline,0,D-dimer,mg/L,0.339
BIO-194,Week 2,2,D-dimer,mg/L,0.3
BIO-194,Week 4,4,D-dimer,mg/L,
BIO-194,Week 8,8,D-dimer,mg/L,0.329
BIO-194,Baseline,0,LDH,U/L,195.392
BIO-194,Week 2,2,LDH,U/L,163.405
BIO-194,Week 4,4,LDH,U/L,154.586
BIO-194,Week 8,8,LDH,U/L,177.559
BIO-195,Baseline,0,IL-6,pg/mL,10.128
BIO-195,Week 2,2,IL-6,pg/mL,9.152
BIO-195,Week 4,4,IL-6,pg/mL,7.531
BIO-195,Week 8,8,IL-6,pg/mL,8.627
BIO-195,Week 12,12,IL-6,pg/mL,9.346
BIO-195,Baseline,0,CRP,mg/L,1.44
BIO-195,Week 2,2,CRP,mg/L,1.618
BIO-195,Week 4,4,CRP,mg/L,1.976
BIO-195,Week 8,8,CRP,mg/L,1.509
BIO-195,Week 12,12,CRP,mg/L,2.181
BIO-195,Baseline,0,TNF-alpha,pg/mL,11.381
BIO-195,Week 2,2,TNF-alpha,pg/mL,
BIO-195,Week 4,4,TNF-alpha,pg/mL,10.951
BIO-195,Week 8,8,TNF-alpha,pg/mL,11.998
BIO-195,Week 12,12,TNF-alpha,pg/mL,12.576
BIO-195,Baseline,0,IL-10,pg/mL,4.195
BIO-195,Week 2,2,IL-10,pg/mL,4.52
BIO-195,Week 4,4,IL-10,pg/mL,4.924
BIO-195,Week 8,8,IL-10,pg/mL,4.851
BIO-195,Week 12,12,IL-10,pg/mL,4.655
BIO-195,Baseline,0,IFN-gamma,pg/mL,1.628
BIO-195,Week 2,2,IFN-gamma,pg/mL,1.408
BIO-195,Week 4,4,IFN-gamma,pg/mL,2.592
BIO-195,Week 8,8,IFN-gamma,pg/mL,1.736
BIO-195,Week 12,12,IFN-gamma,pg/mL,2.29
BIO-195,Baseline,0,IL-2,pg/mL,3.586
BIO-195,Week 2,2,IL-2,pg/mL,3.918
BIO-195,Week 4,4,IL-2,pg/mL,4.569
BIO-195,Week 8,8,IL-2,pg/mL,4.01
BIO-195,Week 12,12,IL-2,pg/mL,5.362
BIO-195,Baseline,0,IL-1beta,pg/mL,2.601
BIO-195,Week 2,2,IL-1beta,pg/mL,2.507
BIO-195,Week 4,4,IL-1beta,pg/mL,2.497
BIO-195,Week 8,8,IL-1beta,pg/mL,1.888
BIO-195,Week 12,12,IL-1beta,pg/mL,2.915
BIO-195,Baseline,0,IL-8,pg/mL,16.218
BIO-195,Week 2,2,IL-8,pg/mL,19.763
BIO-195,Week 4,4,IL-8,pg/mL,15.669
BIO-195,Week 8,8,IL-8,pg/mL,22.105
BIO-195,Week 12,12,IL-8,pg/mL,19.048
BIO-195,Baseline,0,VEGF,pg/mL,173.034
BIO-195,Week 2,2,VEGF,pg/mL,217.141
BIO-195,Week 4,4,VEGF,pg/mL,186.941
BIO-195,Week 8,8,VEGF,pg/mL,170.333
BIO-195,Week 12,12,VEGF,pg/mL,238.968
BIO-195,Baseline,0,Ferritin,ng/mL,103.122
BIO-195,Week 2,2,Ferritin,ng/mL,106.937
BIO-195,Week 4,4,Ferritin,ng/mL,95.898
BIO-195,Week 8,8,Ferritin,ng/mL,77.502
BIO-195,Week 12,12,Ferritin,ng/mL,179.306
BIO-195,Baseline,0,D-dimer,mg/L,0.518
BIO-195,Week 2,2,D-dimer,mg/L,0.494
BIO-195,Week 4,4,D-dimer,mg/L,0.399
BIO-195,Week 8,8,D-dimer,mg/L,0.496
BIO-195,Week 12,12,D-dimer,mg/L,0.671
BIO-195,Baseline,0,LDH,U/L,138.603
BIO-195,Week 2,2,LDH,U/L,136.098
BIO-195,Week 4,4,LDH,U/L,128.479
BIO-195,Week 8,8,LDH,U/L,128.016
BIO-195,Week 12,12,LDH,U/L,172.385
BIO-196,Baseline,0,IL-6,pg/mL,6.179
BIO-196,Week 2,2,IL-6,pg/mL,4.508
BIO-196,Week 4,4,IL-6,pg/mL,4.146
BIO-196,Week 8,8,IL-6,pg/mL,5.023
BIO-196,Week 12,12,IL-6,pg/mL,5.792
BIO-196,Baseline,0,CRP,mg/L,3.286
BIO-196,Week 2,2,CRP,mg/L,4.181
BIO-196,Week 4,4,CRP,mg/L,1.527
BIO-196,Week 8,8,CRP,mg/L,3.15
BIO-196,Week 12,12,CRP,mg/L,2.296
BIO-196,Baseline,0,TNF-alpha,pg/mL,12.033
BIO-196,Week 2,2,TNF-alpha,pg/mL,12.107
BIO-196,Week 4,4,TNF-alpha,pg/mL,
BIO-196,Week 8,8,TNF-alpha,pg/mL,15.247
BIO-196,Week 12,12,TNF-alpha,pg/mL,13.025
BIO-196,Baseline,0,IL-10,pg/mL,5.495
BIO-196,Week 2,2,IL-10,pg/mL,5.615
BIO-196,Week 4,4,IL-10,pg/mL,3.538
BIO-196,Week 8,8,IL-10,pg/mL,4.024
BIO-196,Week 12,12,IL-10,pg/mL,5.808
BIO-196,Baseline,0,IFN-gamma,pg/mL,2.923
BIO-196,Week 2,2,IFN-gamma,pg/mL,3.499
BIO-196,Week 4,4,IFN-gamma,pg/mL,2.134
BIO-196,Week 8,8,IFN-gamma,pg/mL,2.227
BIO-196,Week 12,12,IFN-gamma,pg/mL,2.636
BIO-196,Baseline,0,IL-2,pg/mL,4.342
BIO-196,Week 2,2,IL-2,pg/mL,5.116
BIO-196,Week 4,4,IL-2,pg/mL,4.019
BIO-196,Week 8,8,IL-2,pg/mL,4.017
BIO-196,Week 12,12,IL-2,pg/mL,3.674
BIO-196,Baseline,0,IL-1beta,pg/mL,2.212
BIO-196,Week 2,2,IL-1beta,pg/mL,2.063
BIO-196,Week 4,4,IL-1beta,pg/mL,1.431
BIO-196,Week 8,8,IL-1beta,pg/mL,1.673
BIO-196,Week 12,12,IL-1beta,pg/mL,1.863
BIO-196,Baseline,0,IL-8,pg/mL,29.905
BIO-196,Week 2,2,IL-8,pg/mL,18.104
BIO-196,Week 4,4,IL-8,pg/mL,16.124
BIO-196,Week 8,8,IL-8,pg/mL,15.676
BIO-196,Week 12,12,IL-8,pg/mL,17.083
BIO-196,Baseline,0,VEGF,pg/mL,243.318
BIO-196,Week 2,2,VEGF,pg/mL,259.278
BIO-196,Week 4,4,VEGF,pg/mL,288.011
BIO-196,Week 8,8,VEGF,pg/mL,231.382
BIO-196,Week 12,12,VEGF,pg/mL,263.989
BIO-196,Baseline,0,Ferritin,ng/mL,31.559
BIO-196,Week 2,2,Ferritin,ng/mL,36.627
BIO-196,Week 4,4,Ferritin,ng/mL,66.839
BIO-196,Week 8,8,Ferritin,ng/mL,76.142
BIO-196,Week 12,12,Ferritin,ng/mL,
BIO-196,Baseline,0,D-dimer,mg/L,0.744
BIO-196,Week 2,2,D-dimer,mg/L,0.654
BIO-196,Week 4,4,D-dimer,mg/L,0.653
BIO-196,Week 8,8,D-dimer,mg/L,0.941
BIO-196,Week 12,12,D-dimer,mg/L,0.809
BIO-196,Baseline,0,LDH,U/L,171.963
BIO-196,Week 2,2,LDH,U/L,167.271
BIO-196,Week 4,4,LDH,U/L,140.209
BIO-196,Week 8,8,LDH,U/L,180.809
BIO-196,Week 12,12,LDH,U/L,150.52
BIO-197,Baseline,0,IL-6,pg/mL,5.623
BIO-197,Week 2,2,IL-6,pg/mL,5.704
BIO-197,Week 4,4,IL-6,pg/mL,5.6
BIO-197,Week 8,8,IL-6,pg/mL,5.048
BIO-197,Week 12,12,IL-6,pg/mL,6.745
BIO-197,Baseline,0,CRP,mg/L,2.899
BIO-197,Week 2,2,CRP,mg/L,3.273
BIO-197,Week 4,4,CRP,mg/L,1.493
BIO-197,Week 8,8,CRP,mg/L,3.128
BIO-197,Week 12,12,CRP,mg/L,1.338
BIO-197,Baseline,0,TNF-alpha,pg/mL,9.015
BIO-197,Week 2,2,TNF-alpha,pg/mL,11.994
BIO-197,Week 4,4,TNF-alpha,pg/mL,12.848
BIO-197,Week 8,8,TNF-alpha,pg/mL,12.006
BIO-197,Week 12,12,TNF-alpha,pg/mL,6.485
BIO-197,Baseline,0,IL-10,pg/mL,3.702
BIO-197,Week 2,2,IL-10,pg/mL,6.233
BIO-197,Week 4,4,IL-10,pg/mL,5.242
BIO-197,Week 8,8,IL-10,pg/mL,5.956
BIO-197,Week 12,12,IL-10,pg/mL,3.845
BIO-197,Baseline,0,IFN-gamma,pg/mL,5.508
BIO-197,Week 2,2,IFN-gamma,pg/mL,4.069
BIO-197,Week 4,4,IFN-gamma,pg/mL,4.587
BIO-197,Week 8,8,IFN-gamma,pg/mL,2.509
BIO-197,Week 12,12,IFN-gamma,pg/mL,4.392
BIO-197,Baseline,0,IL-2,pg/mL,5.977
BIO-197,Week 2,2,IL-2,pg/mL,4.652
BIO-197,Week 4,4,IL-2,pg/mL,5.438
BIO-197,Week 8,8,IL-2,pg/mL,4.472
BIO-197,Week 12,12,IL-2,pg/mL,6.54
BIO-197,Baseline,0,IL-1beta,pg/mL,1.696
BIO-197,Week 2,2,IL-1beta,pg/mL,1.767
BIO-197,Week 4,4,IL-1beta,pg/mL,1.568
BIO-197,Week 8,8,IL-1beta,pg/mL,1.748
BIO-197,Week 12,12,IL-1beta,pg/mL,1.596
BIO-197,Baseline,0,IL-8,pg/mL,29.813
BIO-197,Week 2,2,IL-8,pg/mL,18.897
BIO-197,Week 4,4,IL-8,pg/mL,23.689
BIO-197,Week 8,8,IL-8,pg/mL,
BIO-197,Week 12,12,IL-8,pg/mL,31.333
BIO-197,Baseline,0,VEGF,pg/mL,188.38
BIO-197,Week 2,2,VEGF,pg/mL,231.418
BIO-197,Week 4,4,VEGF,pg/mL,195.906
BIO-197,Week 8,8,VEGF,pg/mL,220.33
BIO-197,Week 12,12,VEGF,pg/mL,183.846
BIO-197,Baseline,0,Ferritin,ng/mL,33.086
BIO-197,Week 2,2,Ferritin,ng/mL,44.915
BIO-197,Week 4,4,Ferritin,ng/mL,62.873
BIO-197,Week 8,8,Ferritin,ng/mL,50.554
BIO-197,Week 12,12,Ferritin,ng/mL,26.586
BIO-197,Baseline,0,D-dimer,mg/L,0.623
BIO-197,Week 2,2,D-dimer,mg/L,1.088
BIO-197,Week 4,4,D-dimer,mg/L,0.795
BIO-197,Week 8,8,D-dimer,mg/L,0.415
BIO-197,Week 12,12,D-dimer,mg/L,0.762
BIO-197,Baseline,0,LDH,U/L,223.961
BIO-197,Week 2,2,LDH,U/L,205.412
BIO-197,Week 4,4,LDH,U/L,176.537
BIO-197,Week 8,8,LDH,U/L,198.574
BIO-197,Week 12,12,LDH,U/L,199.483
BIO-198,Baseline,0,IL-6,pg/mL,7.951
BIO-198,Week 2,2,IL-6,pg/mL,6.875
BIO-198,Week 4,4,IL-6,pg/mL,5.326
BIO-198,Week 8,8,IL-6,pg/mL,6.833
BIO-198,Week 12,12,IL-6,pg/mL,5.65
BIO-198,Baseline,0,CRP,mg/L,4.1
BIO-198,Week 2,2,CRP,mg/L,19.637
BIO-198,Week 4,4,CRP,mg/L,5.181
BIO-198,Week 8,8,CRP,mg/L,10.793
BIO-198,Week 12,12,CRP,mg/L,11.894
BIO-198,Baseline,0,TNF-alpha,pg/mL,14.97
BIO-198,Week 2,2,TNF-alpha,pg/mL,15.509
BIO-198,Week 4,4,TNF-alpha,pg/mL,15.404
BIO-198,Week 8,8,TNF-alpha,pg/mL,15.747
BIO-198,Week 12,12,TNF-alpha,pg/mL,12.537
BIO-198,Baseline,0,IL-10,pg/mL,8.149
BIO-198,Week 2,2,IL-10,pg/mL,7.742
BIO-198,Week 4,4,IL-10,pg/mL,7.628
BIO-198,Week 8,8,IL-10,pg/mL,7.575
BIO-198,Week 12,12,IL-10,pg/mL,6.928
BIO-198,Baseline,0,IFN-gamma,pg/mL,3.255
BIO-198,Week 2,2,IFN-gamma,pg/mL,3.508
BIO-198,Week 4,4,IFN-gamma,pg/mL,1.742
BIO-198,Week 8,8,IFN-gamma,pg/mL,1.898
BIO-198,Week 12,12,IFN-gamma,pg/mL,2.638
BIO-198,Baseline,0,IL-2,pg/mL,2.581
BIO-198,Week 2,2,IL-2,pg/mL,3.747
BIO-198,Week 4,4,IL-2,pg/mL,3.332
BIO-198,Week 8,8,IL-2,pg/mL,3.399
BIO-198,Week 12,12,IL-2,pg/mL,4.845
BIO-198,Baseline,0,IL-1beta,pg/mL,2.153
BIO-198,Week 2,2,IL-1beta,pg/mL,1.772
BIO-198,Week 4,4,IL-1beta,pg/mL,2.843
BIO-198,Week 8,8,IL-1beta,pg/mL,2.075
BIO-198,Week 12,12,IL-1beta,pg/mL,2.064
BIO-198,Baseline,0,IL-8,pg/mL,13.415
BIO-198,Week 2,2,IL-8,pg/mL,11.674
BIO-198,Week 4,4,IL-8,pg/mL,14.556
BIO-198,Week 8,8,IL-8,pg/mL,9.143
BIO-198,Week 12,12,IL-8,pg/mL,13.274
BIO-198,Baseline,0,VEGF,pg/mL,267.486
BIO-198,Week 2,2,VEGF,pg/mL,331.145
BIO-198,Week 4,4,VEGF,pg/mL,332.845
BIO-198,Week 8,8,VEGF,pg/mL,349.742
BIO-198,Week 12,12,VEGF,pg/mL,296.079
BIO-198,Baseline,0,Ferritin,ng/mL,415.068
BIO-198,Week 2,2,Ferritin,ng/mL,173.896
BIO-198,Week 4,4,Ferritin,ng/mL,369.38
BIO-198,Week 8,8,Ferritin,ng/mL,282.007
BIO-198,Week 12,12,Ferritin,ng/mL,202.378
BIO-198,Baseline,0,D-dimer,mg/L,0.675
BIO-198,Week 2,2,D-dimer,mg/L,0.616
BIO-198,Week 4,4,D-dimer,mg/L,0.477
BIO-198,Week 8,8,D-dimer,mg/L,0.677
BIO-198,Week 12,12,D-dimer,mg/L,0.372
BIO-198,Baseline,0,LDH,U/L,172.137
BIO-198,Week 2,2,LDH,U/L,149.027
BIO-198,Week 4,4,LDH,U/L,
BIO-198,Week 8,8,LDH,U/L,
BIO-198,Week 12,12,LDH,U/L,172.31
BIO-199,Baseline,0,IL-6,pg/mL,8.907
BIO-199,Week 2,2,IL-6,pg/mL,8.569
BIO-199,Week 4,4,IL-6,pg/mL,9.443
BIO-199,Week 8,8,IL-6,pg/mL,9.629
BIO-199,Week 12,12,IL-6,pg/mL,9.652
BIO-199,Baseline,0,CRP,mg/L,1.474
BIO-199,Week 2,2,CRP,mg/L,0.975
BIO-199,Week 4,4,CRP,mg/L,0.534
BIO-199,Week 8,8,CRP,mg/L,1.372
BIO-199,Week 12,12,CRP,mg/L,1.259
BIO-199,Baseline,0,TNF-alpha,pg/mL,9.734
BIO-199,Week 2,2,TNF-alpha,pg/mL,11.433
BIO-199,Week 4,4,TNF-alpha,pg/mL,11.584
BIO-199,Week 8,8,TNF-alpha,pg/mL,15.312
BIO-199,Week 12,12,TNF-alpha,pg/mL,13.316
BIO-199,Baseline,0,IL-10,pg/mL,2.667
BIO-199,Week 2,2,IL-10,pg/mL,3.496
BIO-199,Week 4,4,IL-10,pg/mL,4.856
BIO-199,Week 8,8,IL-10,pg/mL,6.192
BIO-199,Week 12,12,IL-10,pg/mL,3.547
BIO-199,Baseline,0,IFN-gamma,pg/mL,4.939
BIO-199,Week 2,2,IFN-gamma,pg/mL,6.224
BIO-199,Week 4,4,IFN-gamma,pg/mL,3.803
BIO-199,Week 8,8,IFN-gamma,pg/mL,4.028
BIO-199,Week 12,12,IFN-gamma,pg/mL,5.836
BIO-199,Baseline,0,IL-2,pg/mL,4.636
BIO-199,Week 2,2,IL-2,pg/mL,5.014
BIO-199,Week 4,4,IL-2,pg/mL,5.044
BIO-199,Week 8,8,IL-2,pg/mL,6.284
BIO-199,Week 12,12,IL-2,pg/mL,3.382
BIO-199,Baseline,0,IL-1beta,pg/mL,2.694
BIO-199,Week 2,2,IL-1beta,pg/mL,2.248
BIO-199,Week 4,4,IL-1beta,pg/mL,2.049
BIO-199,Week 8,8,IL-1beta,pg/mL,2.067
BIO-199,Week 12,12,IL-1beta,pg/mL,2.442
BIO-199,Baseline,0,IL-8,pg/mL,5.81
BIO-199,Week 2,2,IL-8,pg/mL,6.654
BIO-199,Week 4,4,IL-8,pg/mL,11.435
BIO-199,Week 8,8,IL-8,pg/mL,5.341
BIO-199,Week 12,12,IL-8,pg/mL,8.869
BIO-199,Baseline,0,VEGF,pg/mL,285.343
BIO-199,Week 2,2,VEGF,pg/mL,252.096
BIO-199,Week 4,4,VEGF,pg/mL,217.318
BIO-199,Week 8,8,VEGF,pg/mL,273.327
BIO-199,Week 12,12,VEGF,pg/mL,329.608
BIO-199,Baseline,0,Ferritin,ng/mL,163.02
BIO-199,Week 2,2,Ferritin,ng/mL,237.93
BIO-199,Week 4,4,Ferritin,ng/mL,221.965
BIO-199,Week 8,8,Ferritin,ng/mL,522.358
BIO-199,Week 12,12,Ferritin,ng/mL,251.552
BIO-199,Baseline,0,D-dimer,mg/L,0.917
BIO-199,Week 2,2,D-dimer,mg/L,0.903
BIO-199,Week 4,4,D-dimer,mg/L,0.391
BIO-199,Week 8,8,D-dimer,mg/L,0.429
BIO-199,Week 12,12,D-dimer,mg/L,0.308
BIO-199,Baseline,0,LDH,U/L,157.407
BIO-199,Week 2,2,LDH,U/L,186.238
BIO-199,Week 4,4,LDH,U/L,164.462
BIO-199,Week 8,8,LDH,U/L,157.116
BIO-199,Week 12,12,LDH,U/L,157.588
BIO-200,Baseline,0,IL-6,pg/mL,9.599
BIO-200,Week 2,2,IL-6,pg/mL,8.06
BIO-200,Week 4,4,IL-6,pg/mL,7.922
BIO-200,Week 8,8,IL-6,pg/mL,7.152
BIO-200,Week 12,12,IL-6,pg/mL,6.75
BIO-200,Baseline,0,CRP,mg/L,2.007
BIO-200,Week 2,2,CRP,mg/L,1.961
BIO-200,Week 4,4,CRP,mg/L,3.183
BIO-200,Week 8,8,CRP,mg/L,2.98
BIO-200,Week 12,12,CRP,mg/L,2.952
BIO-200,Baseline,0,TNF-alpha,pg/mL,9.862
BIO-200,Week 2,2,TNF-alpha,pg/mL,11.189
BIO-200,Week 4,4,TNF-alpha,pg/mL,10.335
BIO-200,Week 8,8,TNF-alpha,pg/mL,10.929
BIO-200,Week 12,12,TNF-alpha,pg/mL,9.829
BIO-200,Baseline,0,IL-10,pg/mL,6.568
BIO-200,Week 2,2,IL-10,pg/mL,6.093
BIO-200,Week 4,4,IL-10,pg/mL,6.621
BIO-200,Week 8,8,IL-10,pg/mL,7.235
BIO-200,Week 12,12,IL-10,pg/mL,7.015
BIO-200,Baseline,0,IFN-gamma,pg/mL,2.976
BIO-200,Week 2,2,IFN-gamma,pg/mL,3.958
BIO-200,Week 4,4,IFN-gamma,pg/mL,2.659
BIO-200,Week 8,8,IFN-gamma,pg/mL,4.647
BIO-200,Week 12,12,IFN-gamma,pg/mL,3.742
BIO-200,Baseline,0,IL-2,pg/mL,5.945
BIO-200,Week 2,2,IL-2,pg/mL,6.582
BIO-200,Week 4,4,IL-2,pg/mL,5.642
BIO-200,Week 8,8,IL-2,pg/mL,7.186
BIO-200,Week 12,12,IL-2,pg/mL,6.266
BIO-200,Baseline,0,IL-1beta,pg/mL,2.436
BIO-200,Week 2,2,IL-1beta,pg/mL,2.242
BIO-200,Week 4,4,IL-1beta,pg/mL,2.207
BIO-200,Week 8,8,IL-1beta,pg/mL,2.374
BIO-200,Week 12,12,IL-1beta,pg/mL,2.362
BIO-200,Baseline,0,IL-8,pg/mL,8.693
BIO-200,Week 2,2,IL-8,pg/mL,20.231
BIO-200,Week 4,4,IL-8,pg/mL,20.537
BIO-200,Week 8,8,IL-8,pg/mL,15.585
BIO-200,Week 12,12,IL-8,pg/mL,
BIO-200,Baseline,0,VEGF,pg/mL,303.85
BIO-200,Week 2,2,VEGF,pg/mL,329.782
BIO-200,Week 4,4,VEGF,pg/mL,313.166
BIO-200,Week 8,8,VEGF,pg/mL,301.718
BIO-200,Week 12,12,VEGF,pg/mL,334.342
BIO-200,Baseline,0,Ferritin,ng/mL,296.545
BIO-200,Week 2,2,Ferritin,ng/mL,145.188
BIO-200,Week 4,4,Ferritin,ng/mL,282.353
BIO-200,Week 8,8,Ferritin,ng/mL,233.6
BIO-200,Week 12,12,Ferritin,ng/mL,134.389
BIO-200,Baseline,0,D-dimer,mg/L,0.376
BIO-200,Week 2,2,D-dimer,mg/L,0.317
BIO-200,Week 4,4,D-dimer,mg/L,0.442
BIO-200,Week 8,8,D-dimer,mg/L,0.671
BIO-200,Week 12,12,D-dimer,mg/L,0.423
BIO-200,Baseline,0,LDH,U/L,147.448
BIO-200,Week 2,2,LDH,U/L,132.696
BIO-200,Week 4,4,LDH,U/L,136.538
BIO-200,Week 8,8,LDH,U/L,186.048
BIO-200,Week 12,12,LDH,U/L,158.85
